0  0.000000  1.638982  0.000000  1.153148  1.151533  0.061009
1  0.000000  1.638982  0.000000  1.153148  1.151533  0.061009
2  0.000000  1.638982  0.000000  1.153148  1.151533  0.061009
3  0.000000  1.638982  0.000000  1.153148  1.151533  0.061009
4  0.000000  1.638981  0.000000  1.153147  1.151532  0.061009
5  0.000000  1.638981  0.000000  1.153146  1.151531  0.061009
6  0.000000  1.638981  0.000000  1.153145  1.151530  0.061009
7  0.000000  1.638981  0.000000  1.153144  1.151529  0.061009
8  0.000000  1.638980  0.000000  1.153143  1.151528  0.061010
9  0.000000  1.638980  0.000000  1.153141  1.151526  0.061010
10  0.000000  1.638979  0.000000  1.153140  1.151525  0.061010
11  0.000000  1.638979  0.000000  1.153138  1.151523  0.061010
12  0.000000  1.638978  0.000000  1.153136  1.151521  0.061010
13  0.000000  1.638978  0.000000  1.153134  1.151519  0.061010
14  0.000000  1.638977  0.000000  1.153131  1.151516  0.061010
15  0.000000  1.638976  0.000000  1.153129  1.151514  0.061011
16  0.000000  1.638976  0.000000  1.153126  1.151511  0.061011
17  0.000000  1.638975  0.000000  1.153123  1.151508  0.061011
18  0.000000  1.638974  0.000000  1.153120  1.151505  0.061011
19  0.000000  1.638973  0.000000  1.153116  1.151501  0.061012
20  0.000000  1.638972  0.000000  1.153113  1.151498  0.061012
21  0.000000  1.638971  0.000000  1.153109  1.151494  0.061012
22  0.000000  1.638970  0.000000  1.153105  1.151490  0.061012
23  0.000000  1.638969  0.000000  1.153101  1.151486  0.061013
24  0.000000  1.638968  0.000000  1.153097  1.151482  0.061013
25  0.000000  1.638967  0.000000  1.153093  1.151477  0.061013
26  0.000000  1.638966  0.000000  1.153088  1.151473  0.061014
27  0.000000  1.638964  0.000000  1.153083  1.151468  0.061014
28  0.000000  1.638963  0.000000  1.153078  1.151463  0.061014
29  0.000000  1.638962  0.000000  1.153073  1.151457  0.061015
30  0.000000  1.638960  0.000000  1.153068  1.151452  0.061015
31  0.000000  1.638959  0.000000  1.153062  1.151446  0.061016
32  0.000000  1.638957  0.000000  1.153056  1.151441  0.061016
33  0.000000  1.638955  0.000000  1.153050  1.151435  0.061017
34  0.000000  1.638954  0.000000  1.153044  1.151429  0.061017
35  0.000000  1.638952  0.000000  1.153038  1.151422  0.061017
36  0.000000  1.638950  0.000000  1.153031  1.151416  0.061018
37  0.000000  1.638949  0.000000  1.153025  1.151409  0.061018
38  0.000000  1.638947  0.000000  1.153018  1.151402  0.061019
39  0.000000  1.638945  0.000000  1.153011  1.151395  0.061020
40  0.000000  1.638943  0.000000  1.153004  1.151388  0.061020
41  0.000000  1.638941  0.000000  1.152996  1.151380  0.061021
42  0.000000  1.638939  0.000000  1.152989  1.151373  0.061021
43  0.000000  1.638937  0.000000  1.152981  1.151365  0.061022
44  0.000000  1.638935  0.000000  1.152973  1.151357  0.061022
45  0.000000  1.638933  0.000000  1.152965  1.151349  0.061023
46  0.000000  1.638930  0.000000  1.152956  1.151340  0.061024
47  0.000000  1.638928  0.000000  1.152948  1.151332  0.061024
48  0.000000  1.638926  0.000000  1.152939  1.151323  0.061025
49  0.000000  1.638923  0.000000  1.152930  1.151314  0.061026
50  0.000000  1.638921  0.000000  1.152921  1.151305  0.061026
51  0.000000  1.638918  0.000000  1.152912  1.151296  0.061027
52  0.000000  1.638916  0.000000  1.152902  1.151286  0.061028
53  0.000000  1.638913  0.000000  1.152893  1.151276  0.061028
54  0.000000  1.638911  0.000000  1.152883  1.151266  0.061029
55  0.000000  1.638908  0.000000  1.152873  1.151256  0.061030
56  0.000000  1.638905  0.000000  1.152863  1.151246  0.061031
57  0.000000  1.638902  0.000000  1.152852  1.151236  0.061032
58  0.000000  1.638900  0.000000  1.152842  1.151225  0.061032
59  0.000000  1.638897  0.000000  1.152831  1.151214  0.061033
60  0.000000  1.638894  0.000000  1.152820  1.151203  0.061034
61  0.000000  1.638891  0.000000  1.152809  1.151192  0.061035
62  0.000000  1.638888  0.000000  1.152798  1.151181  0.061036
63  0.000000  1.638885  0.000000  1.152786  1.151169  0.061037
64  0.000000  1.638882  0.000000  1.152775  1.151158  0.061037
65  0.000000  1.638878  0.000000  1.152763  1.151146  0.061038
66  0.000000  1.638875  0.000000  1.152751  1.151133  0.061039
67  0.000000  1.638872  0.000000  1.152738  1.151121  0.061040
68  0.000000  1.638869  0.000000  1.152726  1.151109  0.061041
69  0.000000  1.638865  0.000000  1.152713  1.151096  0.061042
70  0.000000  1.638862  0.000000  1.152701  1.151083  0.061043
71  0.000000  1.638858  0.000000  1.152688  1.151070  0.061044
72  0.000000  1.638855  0.000000  1.152675  1.151057  0.061045
73  0.000000  1.638851  0.000000  1.152661  1.151044  0.061046
74  0.000000  1.638848  0.000000  1.152648  1.151030  0.061047
75  0.000000  1.638844  0.000000  1.152634  1.151016  0.061048
76  0.000000  1.638840  0.000000  1.152620  1.151002  0.061049
77  0.000000  1.638836  0.000000  1.152606  1.150988  0.061050
78  0.000000  1.638833  0.000000  1.152592  1.150974  0.061051
79  0.000000  1.638829  0.000000  1.152577  1.150959  0.061052
80  0.000000  1.638825  0.000000  1.152563  1.150944  0.061053
81  0.000000  1.638821  0.000000  1.152548  1.150930  0.061055
82  0.000000  1.638817  0.000000  1.152533  1.150914  0.061056
83  0.000000  1.638813  0.000000  1.152518  1.150899  0.061057
84  0.000000  1.638809  0.000000  1.152502  1.150884  0.061058
85  0.000000  1.638804  0.000000  1.152487  1.150868  0.061059
86  0.000000  1.638800  0.000000  1.152471  1.150852  0.061060
87  0.000000  1.638796  0.000000  1.152455  1.150836  0.061062
88  0.000000  1.638792  0.000000  1.152439  1.150820  0.061063
89  0.000000  1.638787  0.000000  1.152423  1.150804  0.061064
90  0.000000  1.638783  0.000000  1.152406  1.150787  0.061065
91  0.000000  1.638778  0.000000  1.152389  1.150770  0.061067
92  0.000000  1.638774  0.000000  1.152373  1.150753  0.061068
93  0.000000  1.638769  0.000000  1.152356  1.150736  0.061069
94  0.000000  1.638765  0.000000  1.152338  1.150719  0.061070
95  0.000000  1.638760  0.000000  1.152321  1.150701  0.061072
96  0.000000  1.638755  0.000000  1.152303  1.150684  0.061073
97  0.000000  1.638750  0.000000  1.152286  1.150666  0.061074
98  0.000000  1.638746  0.000000  1.152268  1.150648  0.061076
99  0.000000  1.638741  0.000000  1.152249  1.150630  0.061077
100  0.000000  1.638736  0.000000  1.152231  1.150611  0.061079
101  0.000000  1.638731  0.000000  1.152213  1.150593  0.061080
102  0.000000  1.638726  0.000000  1.152194  1.150574  0.061081
103  0.000000  1.638721  0.000000  1.152175  1.150555  0.061083
104  0.000000  1.638716  0.000000  1.152156  1.150536  0.061084
105  0.000000  1.638711  0.000000  1.152137  1.150516  0.061086
106  0.000000  1.638705  0.000000  1.152117  1.150497  0.061087
107  0.000000  1.638700  0.000000  1.152098  1.150477  0.061089
108  0.000000  1.638695  0.000000  1.152078  1.150457  0.061090
109  0.000000  1.638689  0.000000  1.152058  1.150437  0.061092
110  0.000000  1.638684  0.000000  1.152038  1.150417  0.061093
111  0.000000  1.638678  0.000000  1.152017  1.150396  0.061095
112  0.000000  1.638673  0.000000  1.151997  1.150375  0.061096
113  0.000000  1.638667  0.000000  1.151976  1.150355  0.061098
114  0.000000  1.638662  0.000000  1.151955  1.150334  0.061099
115  0.000000  1.638656  0.000000  1.151934  1.150312  0.061101
116  0.000000  1.638650  0.000000  1.151913  1.150291  0.061103
117  0.000000  1.638645  0.000000  1.151891  1.150269  0.061104
118  0.000000  1.638639  0.000000  1.151870  1.150248  0.061106
119  0.000000  1.638633  0.000000  1.151848  1.150226  0.061108
120  0.000000  1.638627  0.000000  1.151826  1.150203  0.061109
121  0.000000  1.638621  0.000000  1.151803  1.150181  0.061111
122  0.000000  1.638615  0.000000  1.151781  1.150159  0.061113
123  0.000000  1.638609  0.000000  1.151758  1.150136  0.061114
124  0.000000  1.638603  0.000000  1.151736  1.150113  0.061116
125  0.000000  1.638597  0.000000  1.151713  1.150090  0.061118
126  0.000000  1.638590  0.000000  1.151690  1.150067  0.061119
127  0.000000  1.638584  0.000000  1.151666  1.150043  0.061121
128  0.000000  1.638578  0.000000  1.151643  1.150020  0.061123
129  0.000000  1.638572  0.000000  1.151619  1.149996  0.061125
130  0.000000  1.638565  0.000000  1.151595  1.149972  0.061127
131  0.000000  1.638559  0.000000  1.151571  1.149948  0.061128
132  0.000000  1.638552  0.000000  1.151547  1.149923  0.061130
133  0.000000  1.638546  0.000000  1.151522  1.149899  0.061132
134  0.000000  1.638539  0.000000  1.151498  1.149874  0.061134
135  0.000000  1.638532  0.000000  1.151473  1.149849  0.061136
136  0.000000  1.638526  0.000000  1.151448  1.149824  0.061138
137  0.000000  1.638519  0.000000  1.151423  1.149799  0.061140
138  0.000000  1.638512  0.000000  1.151398  1.149773  0.061142
139  0.000000  1.638505  0.000000  1.151372  1.149747  0.061143
140  0.000000  1.638498  0.000000  1.151346  1.149721  0.061145
141  0.000000  1.638491  0.000000  1.151320  1.149695  0.061147
142  0.000000  1.638484  0.000000  1.151294  1.149669  0.061149
143  0.000000  1.638477  0.000000  1.151268  1.149643  0.061151
144  0.000000  1.638470  0.000000  1.151242  1.149616  0.061153
145  0.000000  1.638463  0.000000  1.151215  1.149589  0.061155
146  0.000000  1.638456  0.000000  1.151188  1.149562  0.061157
147  0.000000  1.638449  0.000000  1.151161  1.149535  0.061159
148  0.000000  1.638441  0.000000  1.151134  1.149508  0.061161
149  0.000000  1.638434  0.000000  1.151106  1.149480  0.061163
150  0.000000  1.638426  0.000000  1.151079  1.149453  0.061166
151  0.000000  1.638419  0.000000  1.151051  1.149425  0.061168
152  0.000000  1.638411  0.000000  1.151023  1.149397  0.061170
153  0.000000  1.638404  0.000000  1.150995  1.149368  0.061172
154  0.000000  1.638396  0.000000  1.150967  1.149340  0.061174
155  0.000000  1.638389  0.000000  1.150938  1.149311  0.061176
156  0.000000  1.638381  0.000000  1.150910  1.149282  0.061178
157  0.000000  1.638373  0.000000  1.150881  1.149253  0.061180
158  0.000000  1.638365  0.000000  1.150852  1.149224  0.061183
159  0.000000  1.638358  0.000000  1.150823  1.149195  0.061185
160  0.000000  1.638350  0.000000  1.150793  1.149165  0.061187
161  0.000000  1.638342  0.000000  1.150764  1.149136  0.061189
162  0.000000  1.638334  0.000000  1.150734  1.149106  0.061192
163  0.000000  1.638326  0.000000  1.150704  1.149076  0.061194
164  0.000000  1.638317  0.000000  1.150674  1.149045  0.061196
165  0.000000  1.638309  0.000000  1.150643  1.149015  0.061198
166  0.000000  1.638301  0.000000  1.150613  1.148984  0.061201
167  0.000000  1.638293  0.000000  1.150582  1.148953  0.061203
168  0.000000  1.638285  0.000000  1.150551  1.148922  0.061205
169  0.000000  1.638276  0.000000  1.150520  1.148891  0.061208
170  0.000000  1.638268  0.000000  1.150489  1.148859  0.061210
171  0.000000  1.638259  0.000000  1.150457  1.148828  0.061212
172  0.000000  1.638251  0.000000  1.150426  1.148796  0.061215
173  0.000000  1.638242  0.000000  1.150394  1.148764  0.061217
174  0.000000  1.638234  0.000000  1.150362  1.148732  0.061220
175  0.000000  1.638225  0.000000  1.150330  1.148700  0.061222
176  0.000000  1.638216  0.000000  1.150298  1.148667  0.061224
177  0.000000  1.638208  0.000000  1.150265  1.148634  0.061227
178  0.000000  1.638199  0.000000  1.150232  1.148601  0.061229
179  0.000000  1.638190  0.000000  1.150199  1.148568  0.061232
180  0.000000  1.638181  0.000000  1.150166  1.148535  0.061234
181  0.000000  1.638172  0.000000  1.150133  1.148502  0.061237
182  0.000000  1.638163  0.000000  1.150100  1.148468  0.061239
183  0.000000  1.638154  0.000000  1.150066  1.148434  0.061242
184  0.000000  1.638145  0.000000  1.150032  1.148400  0.061244
185  0.000000  1.638136  0.000000  1.149998  1.148366  0.061247
186  0.000000  1.638127  0.000000  1.149964  1.148332  0.061250
187  0.000000  1.638117  0.000000  1.149929  1.148297  0.061252
188  0.000000  1.638108  0.000000  1.149895  1.148262  0.061255
189  0.000000  1.638099  0.000000  1.149860  1.148227  0.061257
190  0.000000  1.638089  0.000000  1.149825  1.148192  0.061260
191  0.000000  1.638080  0.000000  1.149790  1.148157  0.061263
192  0.000000  1.638070  0.000000  1.149755  1.148121  0.061265
193  0.000000  1.638061  0.000000  1.149719  1.148086  0.061268
194  0.000000  1.638051  0.000000  1.149684  1.148050  0.061271
195  0.000000  1.638041  0.000000  1.149648  1.148014  0.061273
196  0.000000  1.638032  0.000000  1.149612  1.147978  0.061276
197  0.000000  1.638022  0.000000  1.149576  1.147941  0.061279
198  0.000000  1.638012  0.000000  1.149539  1.147905  0.061281
199  0.000000  1.638002  0.000000  1.149503  1.147868  0.061284
200  0.000000  1.637992  0.000000  1.149466  1.147831  0.061287
201  0.000000  1.637982  0.000000  1.149429  1.147794  0.061290
202  0.000000  1.637972  0.000000  1.149392  1.147756  0.061293
203  0.000000  1.637962  0.000000  1.149354  1.147719  0.061295
204  0.000000  1.637952  0.000000  1.149317  1.147681  0.061298
205  0.000000  1.637942  0.000000  1.149279  1.147643  0.061301
206  0.000000  1.637932  0.000000  1.149241  1.147605  0.061304
207  0.000000  1.637922  0.000000  1.149203  1.147567  0.061307
208  0.000000  1.637911  0.000000  1.149165  1.147528  0.061310
209  0.000000  1.637901  0.000000  1.149127  1.147490  0.061312
210  0.000000  1.637891  0.000000  1.149088  1.147451  0.061315
211  0.000000  1.637880  0.000000  1.149049  1.147412  0.061318
212  0.000000  1.637870  0.000000  1.149010  1.147373  0.061321
213  0.000000  1.637859  0.000000  1.148971  1.147334  0.061324
214  0.000000  1.637848  0.000000  1.148932  1.147294  0.061327
215  0.000000  1.637838  0.000000  1.148892  1.147254  0.061330
216  0.000000  1.637827  0.000000  1.148853  1.147214  0.061333
217  0.000000  1.637816  0.000000  1.148813  1.147174  0.061336
218  0.000000  1.637806  0.000000  1.148773  1.147134  0.061339
219  0.000000  1.637795  0.000000  1.148732  1.147093  0.061342
220  0.000000  1.637784  0.000000  1.148692  1.147053  0.061345
221  0.000000  1.637773  0.000000  1.148651  1.147012  0.061348
222  0.000000  1.637762  0.000000  1.148611  1.146971  0.061351
223  0.000000  1.637751  0.000000  1.148570  1.146930  0.061354
224  0.000000  1.637740  0.000000  1.148528  1.146888  0.061357
225  0.000000  1.637728  0.000000  1.148487  1.146847  0.061360
226  0.000000  1.637717  0.000000  1.148446  1.146805  0.061364
227  0.000000  1.637706  0.000000  1.148404  1.146763  0.061367
228  0.000000  1.637695  0.000000  1.148362  1.146721  0.061370
229  0.000000  1.637683  0.000000  1.148320  1.146679  0.061373
230  0.000000  1.637672  0.000000  1.148278  1.146636  0.061376
231  0.000000  1.637660  0.000000  1.148235  1.146593  0.061379
232  0.000000  1.637649  0.000000  1.148192  1.146551  0.061383
233  0.000000  1.637637  0.000000  1.148150  1.146508  0.061386
234  0.000000  1.637626  0.000000  1.148107  1.146464  0.061389
235  0.000000  1.637614  0.000000  1.148063  1.146421  0.061392
236  0.000000  1.637602  0.000000  1.148020  1.146377  0.061395
237  0.000000  1.637591  0.000000  1.147977  1.146333  0.061399
238  0.000000  1.637579  0.000000  1.147933  1.146290  0.061402
239  0.000000  1.637567  0.000000  1.147889  1.146245  0.061405
240  0.000000  1.637555  0.000000  1.147845  1.146201  0.061409
241  0.000000  1.637543  0.000000  1.147801  1.146156  0.061412
242  0.000000  1.637531  0.000000  1.147756  1.146112  0.061415
243  0.000000  1.637519  0.000000  1.147711  1.146067  0.061419
244  0.000000  1.637507  0.000000  1.147667  1.146022  0.061422
245  0.000000  1.637495  0.000000  1.147622  1.145977  0.061425
246  0.000000  1.637483  0.000000  1.147576  1.145931  0.061429
247  0.000000  1.637470  0.000000  1.147531  1.145886  0.061432
248  0.000000  1.637458  0.000000  1.147485  1.145840  0.061435
249  0.000000  1.637446  0.000000  1.147440  1.145794  0.061439
250  0.000000  1.637433  0.000000  1.147394  1.145748  0.061442
251  0.000000  1.637421  0.000000  1.147348  1.145701  0.061446
252  0.000000  1.637408  0.000000  1.147301  1.145655  0.061449
253  0.000000  1.637396  0.000000  1.147255  1.145608  0.061453
254  0.000000  1.637383  0.000000  1.147208  1.145561  0.061456
255  0.000000  1.637370  0.000000  1.147161  1.145514  0.061460
256  0.000000  1.637358  0.000000  1.147114  1.145467  0.061463
257  0.000000  1.637345  0.000000  1.147067  1.145419  0.061467
258  0.000000  1.637332  0.000000  1.147020  1.145372  0.061470
259  0.000000  1.637319  0.000000  1.146972  1.145324  0.061474
260  0.000000  1.637306  0.000000  1.146925  1.145276  0.061477
261  0.000000  1.637293  0.000000  1.146877  1.145228  0.061481
262  0.000000  1.637280  0.000000  1.146828  1.145179  0.061485
263  0.000000  1.637267  0.000000  1.146780  1.145131  0.061488
264  0.000000  1.637254  0.000000  1.146732  1.145082  0.061492
265  0.000000  1.637241  0.000000  1.146683  1.145033  0.061495
266  0.000000  1.637228  0.000000  1.146634  1.144984  0.061499
267  0.000000  1.637214  0.000000  1.146585  1.144934  0.061503
268  0.000000  1.637201  0.000000  1.146536  1.144885  0.061506
269  0.000000  1.637188  0.000000  1.146487  1.144835  0.061510
270  0.000000  1.637174  0.000000  1.146437  1.144786  0.061514
271  0.000000  1.637161  0.000000  1.146387  1.144735  0.061517
272  0.000000  1.637147  0.000000  1.146337  1.144685  0.061521
273  0.000000  1.637134  0.000000  1.146287  1.144635  0.061525
274  0.000000  1.637120  0.000000  1.146237  1.144584  0.061529
275  0.000000  1.637107  0.000000  1.146186  1.144534  0.061532
276  0.000000  1.637093  0.000000  1.146136  1.144483  0.061536
277  0.000000  1.637079  0.000000  1.146085  1.144431  0.061540
278  0.000000  1.637065  0.000000  1.146034  1.144380  0.061544
279  0.000000  1.637051  0.000000  1.145983  1.144329  0.061548
280  0.000000  1.637037  0.000000  1.145931  1.144277  0.061551
281  0.000000  1.637023  0.000000  1.145880  1.144225  0.061555
282  0.000000  1.637009  0.000000  1.145828  1.144173  0.061559
283  0.000000  1.636995  0.000000  1.145776  1.144121  0.061563
284  0.000000  1.636981  0.000000  1.145724  1.144068  0.061567
285  0.000000  1.636967  0.000000  1.145672  1.144016  0.061571
286  0.000000  1.636953  0.000000  1.145619  1.143963  0.061575
287  0.000000  1.636939  0.000000  1.145566  1.143910  0.061579
288  0.000000  1.636924  0.000000  1.145514  1.143857  0.061583
289  0.000000  1.636910  0.000000  1.145461  1.143804  0.061587
290  0.000000  1.636895  0.000000  1.145407  1.143750  0.061590
291  0.000000  1.636881  0.000000  1.145354  1.143697  0.061594
292  0.000000  1.636866  0.000000  1.145300  1.143643  0.061598
293  0.000000  1.636852  0.000000  1.145247  1.143589  0.061602
294  0.000000  1.636837  0.000000  1.145193  1.143534  0.061606
295  0.000000  1.636822  0.000000  1.145139  1.143480  0.061610
296  0.000000  1.636808  0.000000  1.145084  1.143425  0.061615
297  0.000000  1.636793  0.000000  1.145030  1.143371  0.061619
298  0.000000  1.636778  0.000000  1.144975  1.143316  0.061623
299  0.000000  1.636763  0.000000  1.144920  1.143260  0.061627
300  0.000000  1.636748  0.000000  1.144865  1.143205  0.061631
301  0.000000  1.636733  0.000000  1.144810  1.143150  0.061635
302  0.000000  1.636718  0.000000  1.144755  1.143094  0.061639
303  0.000000  1.636703  0.000000  1.144699  1.143038  0.061643
304  0.000000  1.636688  0.000000  1.144643  1.142982  0.061647
305  0.000000  1.636673  0.000000  1.144587  1.142926  0.061651
306  0.000000  1.636658  0.000000  1.144531  1.142869  0.061656
307  0.000000  1.636642  0.000000  1.144475  1.142813  0.061660
308  0.000000  1.636627  0.000000  1.144418  1.142756  0.061664
309  0.000000  1.636612  0.000000  1.144362  1.142699  0.061668
310  0.000000  1.636596  0.000000  1.144305  1.142642  0.061672
311  0.000000  1.636581  0.000000  1.144248  1.142584  0.061677
312  0.000000  1.636565  0.000000  1.144191  1.142527  0.061681
313  0.000000  1.636550  0.000000  1.144133  1.142469  0.061685
314  0.000000  1.636534  0.000000  1.144076  1.142411  0.061689
315  0.000000  1.636518  0.000000  1.144018  1.142353  0.061694
316  0.000000  1.636503  0.000000  1.143960  1.142295  0.061698
317  0.000000  1.636487  0.000000  1.143902  1.142237  0.061702
318  0.000000  1.636471  0.000000  1.143844  1.142178  0.061707
319  0.000000  1.636455  0.000000  1.143785  1.142119  0.061711
320  0.000000  1.636439  0.000000  1.143727  1.142060  0.061715
321  0.000000  1.636423  0.000000  1.143668  1.142001  0.061720
322  0.000000  1.636407  0.000000  1.143609  1.141942  0.061724
323  0.000000  1.636391  0.000000  1.143549  1.141882  0.061728
324  0.000000  1.636375  0.000000  1.143490  1.141823  0.061733
325  0.000000  1.636359  0.000000  1.143431  1.141763  0.061737
326  0.000000  1.636342  0.000000  1.143371  1.141703  0.061742
327  0.000000  1.636326  0.000000  1.143311  1.141642  0.061746
328  0.000000  1.636310  0.000000  1.143251  1.141582  0.061751
329  0.000000  1.636293  0.000000  1.143191  1.141521  0.061755
330  0.000000  1.636277  0.000000  1.143130  1.141461  0.061759
331  0.000000  1.636260  0.000000  1.143069  1.141400  0.061764
332  0.000000  1.636244  0.000000  1.143009  1.141338  0.061768
333  0.000000  1.636227  0.000000  1.142948  1.141277  0.061773
334  0.000000  1.636210  0.000000  1.142886  1.141216  0.061778
335  0.000000  1.636194  0.000000  1.142825  1.141154  0.061782
336  0.000000  1.636177  0.000000  1.142764  1.141092  0.061787
337  0.000000  1.636160  0.000000  1.142702  1.141030  0.061791
338  0.000000  1.636143  0.000000  1.142640  1.140968  0.061796
339  0.000000  1.636126  0.000000  1.142578  1.140905  0.061800
340  0.000000  1.636110  0.000000  1.142516  1.140843  0.061805
341  0.000000  1.636092  0.000000  1.142453  1.140780  0.061810
342  0.000000  1.636075  0.000000  1.142390  1.140717  0.061814
343  0.000000  1.636058  0.000000  1.142328  1.140654  0.061819
344  0.000000  1.636041  0.000000  1.142265  1.140590  0.061823
345  0.000000  1.636024  0.000000  1.142201  1.140527  0.061828
346  0.000000  1.636007  0.000000  1.142138  1.140463  0.061833
347  0.000000  1.635989  0.000000  1.142075  1.140399  0.061838
348  0.000000  1.635972  0.000000  1.142011  1.140335  0.061842
349  0.000000  1.635955  0.000000  1.141947  1.140271  0.061847
350  0.000000  1.635937  0.000000  1.141883  1.140207  0.061852
351  0.000000  1.635920  0.000000  1.141819  1.140142  0.061856
352  0.000000  1.635902  0.000000  1.141754  1.140077  0.061861
353  0.000000  1.635884  0.000000  1.141690  1.140012  0.061866
354  0.000000  1.635867  0.000000  1.141625  1.139947  0.061871
355  0.000000  1.635849  0.000000  1.141560  1.139882  0.061875
356  0.000000  1.635831  0.000000  1.141495  1.139816  0.061880
357  0.000000  1.635813  0.000000  1.141429  1.139751  0.061885
358  0.000000  1.635796  0.000000  1.141364  1.139685  0.061890
359  0.000000  1.635778  0.000000  1.141298  1.139619  0.061895
360  0.000000  1.635760  0.000000  1.141232  1.139552  0.061900
361  0.000000  1.635742  0.000000  1.141166  1.139486  0.061905
362  0.000000  1.635724  0.000000  1.141100  1.139419  0.061909
363  0.000000  1.635705  0.000000  1.141034  1.139353  0.061914
364  0.000000  1.635687  0.000000  1.140967  1.139286  0.061919
365  0.000000  1.635669  0.000000  1.140900  1.139219  0.061924
366  0.000000  1.635651  0.000000  1.140833  1.139151  0.061929
367  0.000000  1.635632  0.000000  1.140766  1.139084  0.061934
368  0.000000  1.635614  0.000000  1.140699  1.139016  0.061939
369  0.000000  1.635596  0.000000  1.140631  1.138948  0.061944
370  0.000000  1.635577  0.000000  1.140564  1.138880  0.061949
371  0.000000  1.635559  0.000000  1.140496  1.138812  0.061954
372  0.000000  1.635540  0.000000  1.140428  1.138744  0.061959
373  0.000000  1.635521  0.000000  1.140360  1.138675  0.061964
374  0.000000  1.635503  0.000000  1.140291  1.138606  0.061969
375  0.000000  1.635484  0.000000  1.140223  1.138537  0.061974
376  0.000000  1.635465  0.000000  1.140154  1.138468  0.061979
377  0.000000  1.635446  0.000000  1.140085  1.138399  0.061984
378  0.000000  1.635427  0.000000  1.140016  1.138329  0.061989
379  0.000000  1.635408  0.000000  1.139947  1.138260  0.061994
380  0.000000  1.635389  0.000000  1.139877  1.138190  0.061999
381  0.000000  1.635370  0.000000  1.139808  1.138120  0.062004
382  0.000000  1.635351  0.000000  1.139738  1.138050  0.062010
383  0.000000  1.635332  0.000000  1.139668  1.137979  0.062015
384  0.000000  1.635313  0.000000  1.139598  1.137909  0.062020
385  0.000000  1.635294  0.000000  1.139527  1.137838  0.062025
386  0.000000  1.635274  0.000000  1.139457  1.137767  0.062030
387  0.000000  1.635255  0.000000  1.139386  1.137696  0.062035
388  0.000000  1.635236  0.000000  1.139315  1.137625  0.062041
389  0.000000  1.635216  0.000000  1.139244  1.137553  0.062046
390  0.000000  1.635197  0.000000  1.139173  1.137482  0.062051
391  0.000000  1.635177  0.000000  1.139101  1.137410  0.062056
392  0.000000  1.635157  0.000000  1.139030  1.137338  0.062061
393  0.000000  1.635138  0.000000  1.138958  1.137266  0.062067
394  0.000000  1.635118  0.000000  1.138886  1.137193  0.062072
395  0.000000  1.635098  0.000000  1.138814  1.137121  0.062077
396  0.000000  1.635079  0.000000  1.138742  1.137048  0.062083
397  0.000000  1.635059  0.000000  1.138669  1.136975  0.062088
398  0.000000  1.635039  0.000000  1.138596  1.136902  0.062093
399  0.000000  1.635019  0.000000  1.138524  1.136829  0.062099
400  0.000000  1.634999  0.000000  1.138450  1.136755  0.062104
401  0.000000  1.634979  0.000000  1.138377  1.136682  0.062109
402  0.000000  1.634959  0.000000  1.138304  1.136608  0.062115
403  0.000000  1.634938  0.000000  1.138230  1.136534  0.062120
404  0.000000  1.634918  0.000000  1.138157  1.136460  0.062125
405  0.000000  1.634898  0.000000  1.138083  1.136385  0.062131
406  0.000000  1.634878  0.000000  1.138009  1.136311  0.062136
407  0.000000  1.634857  0.000000  1.137934  1.136236  0.062142
408  0.000000  1.634837  0.000000  1.137860  1.136161  0.062147
409  0.000000  1.634816  0.000000  1.137785  1.136086  0.062153
410  0.000000  1.634796  0.000000  1.137710  1.136011  0.062158
411  0.000000  1.634775  0.000000  1.137635  1.135936  0.062164
412  0.000000  1.634755  0.000000  1.137560  1.135860  0.062169
413  0.000000  1.634734  0.000000  1.137485  1.135784  0.062175
414  0.000000  1.634713  0.000000  1.137409  1.135708  0.062180
415  0.000000  1.634692  0.000000  1.137334  1.135632  0.062186
416  0.000000  1.634671  0.000000  1.137258  1.135556  0.062191
417  0.000000  1.634651  0.000000  1.137182  1.135479  0.062197
418  0.000000  1.634630  0.000000  1.137105  1.135403  0.062202
419  0.000000  1.634609  0.000000  1.137029  1.135326  0.062208
420  0.000000  1.634588  0.000000  1.136952  1.135249  0.062213
421  0.000000  1.634566  0.000000  1.136876  1.135172  0.062219
422  0.000000  1.634545  0.000000  1.136799  1.135094  0.062225
423  0.000000  1.634524  0.000000  1.136721  1.135017  0.062230
424  0.000000  1.634503  0.000000  1.136644  1.134939  0.062236
425  0.000000  1.634482  0.000000  1.136567  1.134861  0.062241
426  0.000000  1.634460  0.000000  1.136489  1.134783  0.062247
427  0.000000  1.634439  0.000000  1.136411  1.134705  0.062253
428  0.000000  1.634417  0.000000  1.136333  1.134626  0.062259
429  0.000000  1.634396  0.000000  1.136255  1.134548  0.062264
430  0.000000  1.634374  0.000000  1.136177  1.134469  0.062270
431  0.000000  1.634353  0.000000  1.136098  1.134390  0.062276
432  0.000000  1.634331  0.000000  1.136019  1.134311  0.062281
433  0.000000  1.634309  0.000000  1.135940  1.134231  0.062287
434  0.000000  1.634288  0.000000  1.135861  1.134152  0.062293
435  0.000000  1.634266  0.000000  1.135782  1.134072  0.062299
436  0.000000  1.634244  0.000000  1.135703  1.133992  0.062304
437  0.000000  1.634222  0.000000  1.135623  1.133912  0.062310
438  0.000000  1.634200  0.000000  1.135543  1.133832  0.062316
439  0.000000  1.634178  0.000000  1.135463  1.133752  0.062322
440  0.000000  1.634156  0.000000  1.135383  1.133671  0.062328
441  0.000000  1.634134  0.000000  1.135303  1.133590  0.062333
442  0.000000  1.634112  0.000000  1.135222  1.133509  0.062339
443  0.000000  1.634089  0.000000  1.135142  1.133428  0.062345
444  0.000000  1.634067  0.000000  1.135061  1.133347  0.062351
445  0.000000  1.634045  0.000000  1.134980  1.133265  0.062357
446  0.000000  1.634022  0.000000  1.134898  1.133184  0.062363
447  0.000000  1.634000  0.000000  1.134817  1.133102  0.062369
448  0.000000  1.633977  0.000000  1.134736  1.133020  0.062375
449  0.000000  1.633955  0.000000  1.134654  1.132938  0.062381
450  0.000000  1.633932  0.000000  1.134572  1.132855  0.062386
451  0.000000  1.633910  0.000000  1.134490  1.132773  0.062392
452  0.000000  1.633887  0.000000  1.134408  1.132690  0.062398
453  0.000000  1.633864  0.000000  1.134325  1.132607  0.062404
454  0.000000  1.633841  0.000000  1.134242  1.132524  0.062410
455  0.000000  1.633819  0.000000  1.134160  1.132441  0.062416
456  0.000000  1.633796  0.000000  1.134077  1.132357  0.062422
457  0.000000  1.633773  0.000000  1.133994  1.132274  0.062428
458  0.000000  1.633750  0.000000  1.133910  1.132190  0.062434
459  0.000000  1.633727  0.000000  1.133827  1.132106  0.062440
460  0.000000  1.633704  0.000000  1.133743  1.132022  0.062447
461  0.000000  1.633680  0.000000  1.133659  1.131938  0.062453
462  0.000000  1.633657  0.000000  1.133575  1.131853  0.062459
463  0.000000  1.633634  0.000000  1.133491  1.131768  0.062465
464  0.000000  1.633611  0.000000  1.133407  1.131684  0.062471
465  0.000000  1.633587  0.000000  1.133322  1.131599  0.062477
466  0.000000  1.633564  0.000000  1.133237  1.131513  0.062483
467  0.000000  1.633540  0.000000  1.133152  1.131428  0.062489
468  0.000000  1.633517  0.000000  1.133067  1.131342  0.062495
469  0.000000  1.633493  0.000000  1.132982  1.131257  0.062502
470  0.000000  1.633470  0.000000  1.132896  1.131171  0.062508
471  0.000000  1.633446  0.000000  1.132811  1.131085  0.062514
472  0.000000  1.633422  0.000000  1.132725  1.130998  0.062520
473  0.000000  1.633398  0.000000  1.132639  1.130912  0.062526
474  0.000000  1.633375  0.000000  1.132553  1.130825  0.062533
475  0.000000  1.633351  0.000000  1.132467  1.130739  0.062539
476  0.000000  1.633327  0.000000  1.132380  1.130652  0.062545
477  0.000000  1.633303  0.000000  1.132293  1.130564  0.062551
478  0.000000  1.633279  0.000000  1.132207  1.130477  0.062558
479  0.000000  1.633255  0.000000  1.132120  1.130390  0.062564
480  0.000000  1.633230  0.000000  1.132032  1.130302  0.062570
481  0.000000  1.633206  0.000000  1.131945  1.130214  0.062576
482  0.000000  1.633182  0.000000  1.131857  1.130126  0.062583
483  0.000000  1.633158  0.000000  1.131770  1.130038  0.062589
484  0.000000  1.633133  0.000000  1.131682  1.129949  0.062595
485  0.000000  1.633109  0.000000  1.131594  1.129861  0.062602
486  0.000000  1.633085  0.000000  1.131506  1.129772  0.062608
487  0.000000  1.633060  0.000000  1.131417  1.129683  0.062614
488  0.000000  1.633035  0.000000  1.131328  1.129594  0.062621
489  0.000000  1.633011  0.000000  1.131240  1.129505  0.062627
490  0.000000  1.632986  0.000000  1.131151  1.129415  0.062634
491  0.000000  1.632961  0.000000  1.131062  1.129326  0.062640
492  0.000000  1.632937  0.000000  1.130972  1.129236  0.062646
493  0.000000  1.632912  0.000000  1.130883  1.129146  0.062653
494  0.000000  1.632887  0.000000  1.130793  1.129056  0.062659
495  0.000000  1.632862  0.000000  1.130703  1.128965  0.062666
496  0.000000  1.632837  0.000000  1.130613  1.128875  0.062672
497  0.000000  1.632812  0.000000  1.130523  1.128784  0.062679
498  0.000000  1.632787  0.000000  1.130433  1.128693  0.062685
499  0.000000  1.632762  0.000000  1.130342  1.128602  0.062692
500  0.000000  1.632737  0.000000  1.130252  1.128511  0.062698
501  0.000000  1.632711  0.000000  1.130161  1.128420  0.062705
502  0.000000  1.632686  0.000000  1.130070  1.128328  0.062711
503  0.000000  1.632661  0.000000  1.129978  1.128237  0.062718
504  0.000000  1.632635  0.000000  1.129887  1.128145  0.062724
505  0.000000  1.632610  0.000000  1.129795  1.128053  0.062731
506  0.000000  1.632584  0.000000  1.129704  1.127960  0.062737
507  0.000000  1.632559  0.000000  1.129612  1.127868  0.062744
508  0.000000  1.632533  0.000000  1.129520  1.127775  0.062751
509  0.000000  1.632508  0.000000  1.129427  1.127682  0.062757
510  0.000000  1.632482  0.000000  1.129335  1.127590  0.062764
511  0.000000  1.632456  0.000000  1.129242  1.127496  0.062770
512  0.000000  1.632430  0.000000  1.129150  1.127403  0.062777
513  0.000000  1.632404  0.000000  1.129057  1.127310  0.062784
514  0.000000  1.632379  0.000000  1.128963  1.127216  0.062790
515  0.000000  1.632353  0.000000  1.128870  1.127122  0.062797
516  0.000000  1.632327  0.000000  1.128777  1.127028  0.062804
517  0.000000  1.632301  0.000000  1.128683  1.126934  0.062810
518  0.000000  1.632274  0.000000  1.128589  1.126840  0.062817
519  0.000000  1.632248  0.000000  1.128495  1.126745  0.062824
520  0.000000  1.632222  0.000000  1.128401  1.126650  0.062831
521  0.000000  1.632196  0.000000  1.128307  1.126555  0.062837
522  0.000000  1.632169  0.000000  1.128212  1.126460  0.062844
523  0.000000  1.632143  0.000000  1.128117  1.126365  0.062851
524  0.000000  1.632117  0.000000  1.128022  1.126270  0.062858
525  0.000000  1.632090  0.000000  1.127927  1.126174  0.062864
526  0.000000  1.632063  0.000000  1.127832  1.126078  0.062871
527  0.000000  1.632037  0.000000  1.127737  1.125982  0.062878
528  0.000000  1.632010  0.000000  1.127641  1.125886  0.062885
529  0.000000  1.631984  0.000000  1.127545  1.125790  0.062892
530  0.000000  1.631957  0.000000  1.127449  1.125694  0.062898
531  0.000000  1.631930  0.000000  1.127353  1.125597  0.062905
532  0.000000  1.631903  0.000000  1.127257  1.125500  0.062912
533  0.000000  1.631876  0.000000  1.127161  1.125403  0.062919
534  0.000000  1.631849  0.000000  1.127064  1.125306  0.062926
535  0.000000  1.631822  0.000000  1.126967  1.125209  0.062933
536  0.000000  1.631795  0.000000  1.126870  1.125111  0.062940
537  0.000000  1.631768  0.000000  1.126773  1.125014  0.062947
538  0.000000  1.631741  0.000000  1.126676  1.124916  0.062954
539  0.000000  1.631714  0.000000  1.126578  1.124818  0.062960
540  0.000000  1.631686  0.000000  1.126481  1.124719  0.062967
541  0.000000  1.631659  0.000000  1.126383  1.124621  0.062974
542  0.000000  1.631632  0.000000  1.126285  1.124523  0.062981
543  0.000000  1.631604  0.000000  1.126187  1.124424  0.062988
544  0.000000  1.631577  0.000000  1.126088  1.124325  0.062995
545  0.000000  1.631549  0.000000  1.125990  1.124226  0.063002
546  0.000000  1.631522  0.000000  1.125891  1.124127  0.063009
547  0.000000  1.631494  0.000000  1.125792  1.124027  0.063016
548  0.000000  1.631466  0.000000  1.125693  1.123928  0.063023
549  0.000000  1.631438  0.000000  1.125594  1.123828  0.063030
550  0.000000  1.631411  0.000000  1.125495  1.123728  0.063037
551  0.000000  1.631383  0.000000  1.125395  1.123628  0.063044
552  0.000000  1.631355  0.000000  1.125295  1.123528  0.063052
553  0.000000  1.631327  0.000000  1.125195  1.123427  0.063059
554  0.000000  1.631299  0.000000  1.125095  1.123326  0.063066
555  0.000000  1.631271  0.000000  1.124995  1.123226  0.063073
556  0.000000  1.631243  0.000000  1.124895  1.123125  0.063080
557  0.000000  1.631215  0.000000  1.124794  1.123024  0.063087
558  0.000000  1.631186  0.000000  1.124693  1.122922  0.063094
559  0.000000  1.631158  0.000000  1.124592  1.122821  0.063101
560  0.000000  1.631130  0.000000  1.124491  1.122719  0.063108
561  0.000000  1.631101  0.000000  1.124390  1.122617  0.063116
562  0.000000  1.631073  0.000000  1.124289  1.122515  0.063123
563  0.000000  1.631044  0.000000  1.124187  1.122413  0.063130
564  0.000000  1.631016  0.000000  1.124085  1.122311  0.063137
565  0.000000  1.630987  0.000000  1.123983  1.122208  0.063144
566  0.000000  1.630959  0.000000  1.123881  1.122105  0.063152
567  0.000000  1.630930  0.000000  1.123779  1.122003  0.063159
568  0.000000  1.630901  0.000000  1.123676  1.121899  0.063166
569  0.000000  1.630872  0.000000  1.123574  1.121796  0.063173
570  0.000000  1.630844  0.000000  1.123471  1.121693  0.063181
571  0.000000  1.630815  0.000000  1.123368  1.121589  0.063188
572  0.000000  1.630786  0.000000  1.123265  1.121486  0.063195
573  0.000000  1.630757  0.000000  1.123161  1.121382  0.063202
574  0.000000  1.630728  0.000000  1.123058  1.121278  0.063210
575  0.000000  1.630698  0.000000  1.122954  1.121173  0.063217
576  0.000000  1.630669  0.000000  1.122850  1.121069  0.063224
577  0.000000  1.630640  0.000000  1.122746  1.120964  0.063232
578  0.000000  1.630611  0.000000  1.122642  1.120860  0.063239
579  0.000000  1.630581  0.000000  1.122538  1.120755  0.063246
580  0.000000  1.630552  0.000000  1.122433  1.120649  0.063254
581  0.000000  1.630523  0.000000  1.122328  1.120544  0.063261
582  0.000000  1.630493  0.000000  1.122224  1.120439  0.063268
583  0.000000  1.630464  0.000000  1.122119  1.120333  0.063276
584  0.000000  1.630434  0.000000  1.122013  1.120227  0.063283
585  0.000000  1.630404  0.000000  1.121908  1.120121  0.063291
586  0.000000  1.630375  0.000000  1.121802  1.120015  0.063298
587  0.000000  1.630345  0.000000  1.121697  1.119909  0.063305
588  0.000000  1.630315  0.000000  1.121591  1.119802  0.063313
589  0.000000  1.630285  0.000000  1.121485  1.119696  0.063320
590  0.000000  1.630255  0.000000  1.121378  1.119589  0.063328
591  0.000000  1.630225  0.000000  1.121272  1.119482  0.063335
592  0.000000  1.630195  0.000000  1.121165  1.119375  0.063343
593  0.000000  1.630165  0.000000  1.121059  1.119267  0.063350
594  0.000000  1.630135  0.000000  1.120952  1.119160  0.063358
595  0.000000  1.630105  0.000000  1.120845  1.119052  0.063365
596  0.000000  1.630075  0.000000  1.120737  1.118944  0.063373
597  0.000000  1.630044  0.000000  1.120630  1.118836  0.063380
598  0.000000  1.630014  0.000000  1.120522  1.118728  0.063388
599  0.000000  1.629984  0.000000  1.120415  1.118620  0.063395
600  0.000000  1.629953  0.000000  1.120307  1.118511  0.063403
601  0.000000  1.629923  0.000000  1.120198  1.118402  0.063411
602  0.000000  1.629892  0.000000  1.120090  1.118293  0.063418
603  0.000000  1.629861  0.000000  1.119982  1.118184  0.063426
604  0.000000  1.629831  0.000000  1.119873  1.118075  0.063433
605  0.000000  1.629800  0.000000  1.119764  1.117966  0.063441
606  0.000000  1.629769  0.000000  1.119655  1.117856  0.063448
607  0.000000  1.629738  0.000000  1.119546  1.117746  0.063456
608  0.000000  1.629708  0.000000  1.119437  1.117636  0.063464
609  0.000000  1.629677  0.000000  1.119327  1.117526  0.063471
610  0.000000  1.629646  0.000000  1.119218  1.117416  0.063479
611  0.000000  1.629615  0.000000  1.119108  1.117306  0.063487
612  0.000000  1.629583  0.000000  1.118998  1.117195  0.063494
613  0.000000  1.629552  0.000000  1.118888  1.117084  0.063502
614  0.000000  1.629521  0.000000  1.118777  1.116973  0.063510
615  0.000000  1.629490  0.000000  1.118667  1.116862  0.063517
616  0.000000  1.629459  0.000000  1.118556  1.116751  0.063525
617  0.000000  1.629427  0.000000  1.118445  1.116640  0.063533
618  0.000000  1.629396  0.000000  1.118334  1.116528  0.063541
619  0.000000  1.629364  0.000000  1.118223  1.116416  0.063548
620  0.000000  1.629333  0.000000  1.118112  1.116304  0.063556
621  0.000000  1.629301  0.000000  1.118000  1.116192  0.063564
622  0.000000  1.629270  0.000000  1.117889  1.116080  0.063572
623  0.000000  1.629238  0.000000  1.117777  1.115967  0.063579
624  0.000000  1.629206  0.000000  1.117665  1.115855  0.063587
625  0.000000  1.629174  0.000000  1.117553  1.115742  0.063595
626  0.000000  1.629143  0.000000  1.117440  1.115629  0.063603
627  0.000000  1.629111  0.000000  1.117328  1.115516  0.063611
628  0.000000  1.629079  0.000000  1.117215  1.115402  0.063618
629  0.000000  1.629047  0.000000  1.117102  1.115289  0.063626
630  0.000000  1.629015  0.000000  1.116989  1.115175  0.063634
631  0.000000  1.628983  0.000000  1.116876  1.115061  0.063642
632  0.000000  1.628950  0.000000  1.116763  1.114947  0.063650
633  0.000000  1.628918  0.000000  1.116649  1.114833  0.063658
634  0.000000  1.628886  0.000000  1.116535  1.114719  0.063666
635  0.000000  1.628854  0.000000  1.116422  1.114604  0.063674
636  0.000000  1.628821  0.000000  1.116308  1.114490  0.063681
637  0.000000  1.628789  0.000000  1.116193  1.114375  0.063689
638  0.000000  1.628756  0.000000  1.116079  1.114260  0.063697
639  0.000000  1.628724  0.000000  1.115964  1.114145  0.063705
640  0.000000  1.628691  0.000000  1.115850  1.114029  0.063713
641  0.000000  1.628659  0.000000  1.115735  1.113914  0.063721
642  0.000000  1.628626  0.000000  1.115620  1.113798  0.063729
643  0.000000  1.628593  0.000000  1.115505  1.113682  0.063737
644  0.000000  1.628560  0.000000  1.115389  1.113566  0.063745
645  0.000000  1.628527  0.000000  1.115274  1.113450  0.063753
646  0.000000  1.628495  0.000000  1.115158  1.113334  0.063761
647  0.000000  1.628462  0.000000  1.115042  1.113217  0.063769
648  0.000000  1.628429  0.000000  1.114926  1.113100  0.063777
649  0.000000  1.628395  0.000000  1.114810  1.112984  0.063785
650  0.000000  1.628362  0.000000  1.114693  1.112866  0.063793
651  0.000000  1.628329  0.000000  1.114577  1.112749  0.063801
652  0.000000  1.628296  0.000000  1.114460  1.112632  0.063809
653  0.000000  1.628263  0.000000  1.114343  1.112514  0.063817
654  0.000000  1.628229  0.000000  1.114226  1.112397  0.063825
655  0.000000  1.628196  0.000000  1.114109  1.112279  0.063833
656  0.000000  1.628162  0.000000  1.113992  1.112161  0.063841
657  0.000000  1.628129  0.000000  1.113874  1.112042  0.063850
658  0.000000  1.628095  0.000000  1.113756  1.111924  0.063858
659  0.000000  1.628062  0.000000  1.113638  1.111806  0.063866
660  0.000000  1.628028  0.000000  1.113520  1.111687  0.063874
661  0.000000  1.627994  0.000000  1.113402  1.111568  0.063882
662  0.000000  1.627961  0.000000  1.113284  1.111449  0.063890
663  0.000000  1.627927  0.000000  1.113165  1.111330  0.063898
664  0.000000  1.627893  0.000000  1.113046  1.111210  0.063906
665  0.000000  1.627859  0.000000  1.112928  1.111091  0.063915
666  0.000000  1.627825  0.000000  1.112808  1.110971  0.063923
667  0.000000  1.627791  0.000000  1.112689  1.110851  0.063931
668  0.000000  1.627757  0.000000  1.112570  1.110731  0.063939
669  0.000000  1.627723  0.000000  1.112450  1.110611  0.063947
670  0.000000  1.627688  0.000000  1.112331  1.110490  0.063956
671  0.000000  1.627654  0.000000  1.112211  1.110370  0.063964
672  0.000000  1.627620  0.000000  1.112091  1.110249  0.063972
673  0.000000  1.627586  0.000000  1.111970  1.110128  0.063980
674  0.000000  1.627551  0.000000  1.111850  1.110007  0.063989
675  0.000000  1.627517  0.000000  1.111729  1.109886  0.063997
676  0.000000  1.627482  0.000000  1.111609  1.109764  0.064005
677  0.000000  1.627447  0.000000  1.111488  1.109643  0.064013
678  0.000000  1.627413  0.000000  1.111367  1.109521  0.064022
679  0.000000  1.627378  0.000000  1.111246  1.109399  0.064030
680  0.000000  1.627343  0.000000  1.111124  1.109277  0.064038
681  0.000000  1.627309  0.000000  1.111003  1.109155  0.064047
682  0.000000  1.627274  0.000000  1.110881  1.109033  0.064055
683  0.000000  1.627239  0.000000  1.110759  1.108910  0.064063
684  0.000000  1.627204  0.000000  1.110637  1.108787  0.064072
685  0.000000  1.627169  0.000000  1.110515  1.108664  0.064080
686  0.000000  1.627134  0.000000  1.110392  1.108541  0.064088
687  0.000000  1.627099  0.000000  1.110270  1.108418  0.064097
688  0.000000  1.627063  0.000000  1.110147  1.108295  0.064105
689  0.000000  1.627028  0.000000  1.110024  1.108171  0.064113
690  0.000000  1.626993  0.000000  1.109901  1.108047  0.064122
691  0.000000  1.626958  0.000000  1.109778  1.107923  0.064130
692  0.000000  1.626922  0.000000  1.109655  1.107799  0.064139
693  0.000000  1.626887  0.000000  1.109531  1.107675  0.064147
694  0.000000  1.626851  0.000000  1.109407  1.107551  0.064155
695  0.000000  1.626816  0.000000  1.109283  1.107426  0.064164
696  0.000000  1.626780  0.000000  1.109159  1.107301  0.064172
697  0.000000  1.626744  0.000000  1.109035  1.107177  0.064181
698  0.000000  1.626709  0.000000  1.108911  1.107052  0.064189
699  0.000000  1.626673  0.000000  1.108786  1.106926  0.064198
700  0.000000  1.626637  0.000000  1.108662  1.106801  0.064206
701  0.000000  1.626601  0.000000  1.108537  1.106675  0.064215
702  0.000000  1.626565  0.000000  1.108412  1.106550  0.064223
703  0.000000  1.626529  0.000000  1.108287  1.106424  0.064232
704  0.000000  1.626493  0.000000  1.108161  1.106298  0.064240
705  0.000000  1.626457  0.000000  1.108036  1.106171  0.064249
706  0.000000  1.626421  0.000000  1.107910  1.106045  0.064257
707  0.000000  1.626385  0.000000  1.107784  1.105918  0.064266
708  0.000000  1.626348  0.000000  1.107658  1.105792  0.064274
709  0.000000  1.626312  0.000000  1.107532  1.105665  0.064283
710  0.000000  1.626276  0.000000  1.107406  1.105538  0.064291
711  0.000000  1.626239  0.000000  1.107279  1.105411  0.064300
712  0.000000  1.626203  0.000000  1.107152  1.105283  0.064308
713  0.000000  1.626166  0.000000  1.107026  1.105156  0.064317
714  0.000000  1.626130  0.000000  1.106899  1.105028  0.064326
715  0.000000  1.626093  0.000000  1.106772  1.104900  0.064334
716  0.000000  1.626056  0.000000  1.106644  1.104772  0.064343
717  0.000000  1.626019  0.000000  1.106517  1.104644  0.064351
718  0.000000  1.625983  0.000000  1.106389  1.104516  0.064360
719  0.000000  1.625946  0.000000  1.106261  1.104387  0.064369
720  0.000000  1.625909  0.000000  1.106133  1.104258  0.064377
721  0.000000  1.625872  0.000000  1.106005  1.104129  0.064386
722  0.000000  1.625835  0.000000  1.105877  1.104000  0.064395
723  0.000000  1.625798  0.000000  1.105748  1.103871  0.064403
724  0.000000  1.625760  0.000000  1.105620  1.103742  0.064412
725  0.000000  1.625723  0.000000  1.105491  1.103612  0.064421
726  0.000000  1.625686  0.000000  1.105362  1.103483  0.064429
727  0.000000  1.625649  0.000000  1.105233  1.103353  0.064438
728  0.000000  1.625611  0.000000  1.105104  1.103223  0.064447
729  0.000000  1.625574  0.000000  1.104974  1.103093  0.064455
730  0.000000  1.625536  0.000000  1.104845  1.102962  0.064464
731  0.000000  1.625499  0.000000  1.104715  1.102832  0.064473
732  0.000000  1.625461  0.000000  1.104585  1.102701  0.064482
733  0.000000  1.625424  0.000000  1.104455  1.102570  0.064490
734  0.000000  1.625386  0.000000  1.104324  1.102439  0.064499
735  0.000000  1.625348  0.000000  1.104194  1.102308  0.064508
736  0.000000  1.625310  0.000000  1.104063  1.102177  0.064517
737  0.000000  1.625273  0.000000  1.103933  1.102045  0.064525
738  0.000000  1.625235  0.000000  1.103802  1.101914  0.064534
739  0.000000  1.625197  0.000000  1.103671  1.101782  0.064543
740  0.000000  1.625159  0.000000  1.103540  1.101650  0.064552
741  0.000000  1.625121  0.000000  1.103408  1.101518  0.064561
742  0.000000  1.625082  0.000000  1.103277  1.101385  0.064569
743  0.000000  1.625044  0.000000  1.103145  1.101253  0.064578
744  0.000000  1.625006  0.000000  1.103013  1.101120  0.064587
745  0.000000  1.624968  0.000000  1.102881  1.100988  0.064596
746  0.000000  1.624929  0.000000  1.102749  1.100855  0.064605
747  0.000000  1.624891  0.000000  1.102616  1.100722  0.064614
748  0.000000  1.624852  0.000000  1.102484  1.100588  0.064623
749  0.000000  1.624814  0.000000  1.102351  1.100455  0.064631
750  0.000000  1.624775  0.000000  1.102218  1.100321  0.064640
751  0.000000  1.624737  0.000000  1.102085  1.100187  0.064649
752  0.000000  1.624698  0.000000  1.101952  1.100054  0.064658
753  0.000000  1.624659  0.000000  1.101819  1.099919  0.064667
754  0.000000  1.624620  0.000000  1.101685  1.099785  0.064676
755  0.000000  1.624581  0.000000  1.101552  1.099651  0.064685
756  0.000000  1.624543  0.000000  1.101418  1.099516  0.064694
757  0.000000  1.624504  0.000000  1.101284  1.099381  0.064703
758  0.000000  1.624465  0.000000  1.101150  1.099247  0.064712
759  0.000000  1.624426  0.000000  1.101015  1.099111  0.064721
760  0.000000  1.624386  0.000000  1.100881  1.098976  0.064729
761  0.000000  1.624347  0.000000  1.100746  1.098841  0.064738
762  0.000000  1.624308  0.000000  1.100611  1.098705  0.064747
763  0.000000  1.624269  0.000000  1.100477  1.098570  0.064756
764  0.000000  1.624229  0.000000  1.100341  1.098434  0.064765
765  0.000000  1.624190  0.000000  1.100206  1.098298  0.064774
766  0.000000  1.624150  0.000000  1.100071  1.098161  0.064783
767  0.000000  1.624111  0.000000  1.099935  1.098025  0.064792
768  0.000000  1.624071  0.000000  1.099799  1.097889  0.064801
769  0.000000  1.624032  0.000000  1.099663  1.097752  0.064810
770  0.000000  1.623992  0.000000  1.099527  1.097615  0.064819
771  0.000000  1.623952  0.000000  1.099391  1.097478  0.064828
772  0.000000  1.623912  0.000000  1.099255  1.097341  0.064837
773  0.000000  1.623873  0.000000  1.099118  1.097204  0.064847
774  0.000000  1.623833  0.000000  1.098981  1.097066  0.064856
775  0.000000  1.623793  0.000000  1.098845  1.096928  0.064865
776  0.000000  1.623753  0.000000  1.098708  1.096791  0.064874
777  0.000000  1.623713  0.000000  1.098570  1.096653  0.064883
778  0.000000  1.623672  0.000000  1.098433  1.096515  0.064892
779  0.000000  1.623632  0.000000  1.098295  1.096376  0.064901
780  0.000000  1.623592  0.000000  1.098158  1.096238  0.064910
781  0.000000  1.623552  0.000000  1.098020  1.096099  0.064919
782  0.000000  1.623511  0.000000  1.097882  1.095960  0.064928
783  0.000000  1.623471  0.000000  1.097744  1.095821  0.064937
784  0.000000  1.623430  0.000000  1.097606  1.095682  0.064947
785  0.000000  1.623390  0.000000  1.097467  1.095543  0.064956
786  0.000000  1.623349  0.000000  1.097328  1.095404  0.064965
787  0.000000  1.623309  0.000000  1.097190  1.095264  0.064974
788  0.000000  1.623268  0.000000  1.097051  1.095124  0.064983
789  0.000000  1.623227  0.000000  1.096912  1.094984  0.064992
790  0.000000  1.623186  0.000000  1.096772  1.094844  0.065002
791  0.000000  1.623146  0.000000  1.096633  1.094704  0.065011
792  0.000000  1.623105  0.000000  1.096493  1.094564  0.065020
793  0.000000  1.623064  0.000000  1.096354  1.094423  0.065029
794  0.000000  1.623023  0.000000  1.096214  1.094283  0.065038
795  0.000000  1.622982  0.000000  1.096074  1.094142  0.065047
796  0.000000  1.622940  0.000000  1.095933  1.094001  0.065057
797  0.000000  1.622899  0.000000  1.095793  1.093859  0.065066
798  0.000000  1.622858  0.000000  1.095652  1.093718  0.065075
799  0.000000  1.622817  0.000000  1.095512  1.093577  0.065084
800  0.000000  1.622775  0.000000  1.095371  1.093435  0.065094
801  0.000000  1.622734  0.000000  1.095230  1.093293  0.065103
802  0.000000  1.622692  0.000000  1.095089  1.093151  0.065112
803  0.000000  1.622651  0.000000  1.094947  1.093009  0.065121
804  0.000000  1.622609  0.000000  1.094806  1.092867  0.065131
805  0.000000  1.622568  0.000000  1.094664  1.092724  0.065140
806  0.000000  1.622526  0.000000  1.094522  1.092582  0.065149
807  0.000000  1.622484  0.000000  1.094380  1.092439  0.065159
808  0.000000  1.622442  0.000000  1.094238  1.092296  0.065168
809  0.000000  1.622400  0.000000  1.094096  1.092153  0.065177
810  0.000000  1.622359  0.000000  1.093954  1.092010  0.065186
811  0.000000  1.622317  0.000000  1.093811  1.091866  0.065196
812  0.000000  1.622275  0.000000  1.093668  1.091723  0.065205
813  0.000000  1.622232  0.000000  1.093525  1.091579  0.065214
814  0.000000  1.622190  0.000000  1.093382  1.091435  0.065224
815  0.000000  1.622148  0.000000  1.093239  1.091291  0.065233
816  0.000000  1.622106  0.000000  1.093096  1.091147  0.065242
817  0.000000  1.622063  0.000000  1.092952  1.091002  0.065252
818  0.000000  1.622021  0.000000  1.092808  1.090858  0.065261
819  0.000000  1.621979  0.000000  1.092664  1.090713  0.065271
820  0.000000  1.621936  0.000000  1.092520  1.090568  0.065280
821  0.000000  1.621894  0.000000  1.092376  1.090423  0.065289
822  0.000000  1.621851  0.000000  1.092232  1.090278  0.065299
823  0.000000  1.621808  0.000000  1.092087  1.090133  0.065308
824  0.000000  1.621766  0.000000  1.091943  1.089987  0.065318
825  0.000000  1.621723  0.000000  1.091798  1.089842  0.065327
826  0.000000  1.621680  0.000000  1.091653  1.089696  0.065336
827  0.000000  1.621637  0.000000  1.091508  1.089550  0.065346
828  0.000000  1.621594  0.000000  1.091363  1.089404  0.065355
829  0.000000  1.621551  0.000000  1.091217  1.089258  0.065365
830  0.000000  1.621508  0.000000  1.091072  1.089111  0.065374
831  0.000000  1.621465  0.000000  1.090926  1.088965  0.065384
832  0.000000  1.621422  0.000000  1.090780  1.088818  0.065393
833  0.000000  1.621379  0.000000  1.090634  1.088671  0.065402
834  0.000000  1.621335  0.000000  1.090488  1.088524  0.065412
835  0.000000  1.621292  0.000000  1.090341  1.088377  0.065421
836  0.000000  1.621249  0.000000  1.090195  1.088230  0.065431
837  0.000000  1.621205  0.000000  1.090048  1.088082  0.065440
838  0.000000  1.621162  0.000000  1.089901  1.087934  0.065450
839  0.000000  1.621118  0.000000  1.089754  1.087787  0.065459
840  0.000000  1.621075  0.000000  1.089607  1.087639  0.065469
841  0.000000  1.621031  0.000000  1.089460  1.087490  0.065478
842  0.000000  1.620987  0.000000  1.089312  1.087342  0.065488
843  0.000000  1.620943  0.000000  1.089165  1.087194  0.065497
844  0.000000  1.620899  0.000000  1.089017  1.087045  0.065507
845  0.000000  1.620856  0.000000  1.088869  1.086896  0.065516
846  0.000000  1.620812  0.000000  1.088721  1.086747  0.065526
847  0.000000  1.620768  0.000000  1.088573  1.086598  0.065536
848  0.000000  1.620724  0.000000  1.088424  1.086449  0.065545
849  0.000000  1.620679  0.000000  1.088276  1.086300  0.065555
850  0.000000  1.620635  0.000000  1.088127  1.086150  0.065564
851  0.000000  1.620591  0.000000  1.087978  1.086000  0.065574
852  0.000000  1.620547  0.000000  1.087829  1.085851  0.065583
853  0.000000  1.620502  0.000000  1.087680  1.085701  0.065593
854  0.000000  1.620458  0.000000  1.087531  1.085550  0.065603
855  0.000000  1.620413  0.000000  1.087381  1.085400  0.065612
856  0.000000  1.620369  0.000000  1.087232  1.085250  0.065622
857  0.000000  1.620324  0.000000  1.087082  1.085099  0.065631
858  0.000000  1.620280  0.000000  1.086932  1.084948  0.065641
859  0.000000  1.620235  0.000000  1.086782  1.084797  0.065651
860  0.000000  1.620190  0.000000  1.086632  1.084646  0.065660
861  0.000000  1.620145  0.000000  1.086481  1.084495  0.065670
862  0.000000  1.620100  0.000000  1.086331  1.084343  0.065680
863  0.000000  1.620056  0.000000  1.086180  1.084192  0.065689
864  0.000000  1.620011  0.000000  1.086029  1.084040  0.065699
865  0.000000  1.619966  0.000000  1.085878  1.083888  0.065709
866  0.000000  1.619920  0.000000  1.085727  1.083736  0.065718
867  0.000000  1.619875  0.000000  1.085576  1.083584  0.065728
868  0.000000  1.619830  0.000000  1.085424  1.083432  0.065738
869  0.000000  1.619785  0.000000  1.085272  1.083279  0.065747
870  0.000000  1.619739  0.000000  1.085121  1.083126  0.065757
871  0.000000  1.619694  0.000000  1.084969  1.082974  0.065767
872  0.000000  1.619649  0.000000  1.084817  1.082821  0.065776
873  0.000000  1.619603  0.000000  1.084664  1.082668  0.065786
874  0.000000  1.619558  0.000000  1.084512  1.082514  0.065796
875  0.000000  1.619512  0.000000  1.084359  1.082361  0.065805
876  0.000000  1.619466  0.000000  1.084207  1.082207  0.065815
877  0.000000  1.619421  0.000000  1.084054  1.082054  0.065825
878  0.000000  1.619375  0.000000  1.083901  1.081900  0.065835
879  0.000000  1.619329  0.000000  1.083748  1.081746  0.065844
880  0.000000  1.619283  0.000000  1.083594  1.081591  0.065854
881  0.000000  1.619237  0.000000  1.083441  1.081437  0.065864
882  0.000000  1.619191  0.000000  1.083287  1.081282  0.065874
883  0.000000  1.619145  0.000000  1.083133  1.081128  0.065883
884  0.000000  1.619099  0.000000  1.082979  1.080973  0.065893
885  0.000000  1.619053  0.000000  1.082825  1.080818  0.065903
886  0.000000  1.619006  0.000000  1.082671  1.080663  0.065913
887  0.000000  1.618960  0.000000  1.082517  1.080508  0.065922
888  0.000000  1.618914  0.000000  1.082362  1.080352  0.065932
889  0.000000  1.618867  0.000000  1.082208  1.080197  0.065942
890  0.000000  1.618821  0.000000  1.082053  1.080041  0.065952
891  0.000000  1.618774  0.000000  1.081898  1.079885  0.065962
892  0.000000  1.618728  0.000000  1.081742  1.079729  0.065971
893  0.000000  1.618681  0.000000  1.081587  1.079573  0.065981
894  0.000000  1.618634  0.000000  1.081432  1.079416  0.065991
895  0.000000  1.618587  0.000000  1.081276  1.079260  0.066001
896  0.000000  1.618541  0.000000  1.081120  1.079103  0.066011
897  0.000000  1.618494  0.000000  1.080964  1.078946  0.066021
898  0.000000  1.618447  0.000000  1.080808  1.078789  0.066030
899  0.000000  1.618400  0.000000  1.080652  1.078632  0.066040
900  0.000000  1.618353  0.000000  1.080496  1.078475  0.066050
901  0.000000  1.618306  0.000000  1.080339  1.078318  0.066060
902  0.000000  1.618259  0.000000  1.080183  1.078160  0.066070
903  0.000000  1.618211  0.000000  1.080026  1.078002  0.066080
904  0.000000  1.618164  0.000000  1.079869  1.077844  0.066090
905  0.000000  1.618117  0.000000  1.079712  1.077686  0.066099
906  0.000000  1.618069  0.000000  1.079554  1.077528  0.066109
907  0.000000  1.618022  0.000000  1.079397  1.077370  0.066119
908  0.000000  1.617974  0.000000  1.079239  1.077211  0.066129
909  0.000000  1.617927  0.000000  1.079082  1.077053  0.066139
910  0.000000  1.617879  0.000000  1.078924  1.076894  0.066149
911  0.000000  1.617831  0.000000  1.078766  1.076735  0.066159
912  0.000000  1.617784  0.000000  1.078607  1.076576  0.066169
913  0.000000  1.617736  0.000000  1.078449  1.076417  0.066179
914  0.000000  1.617688  0.000000  1.078291  1.076257  0.066189
915  0.000000  1.617640  0.000000  1.078132  1.076098  0.066199
916  0.000000  1.617592  0.000000  1.077973  1.075938  0.066208
917  0.000000  1.617544  0.000000  1.077814  1.075778  0.066218
918  0.000000  1.617496  0.000000  1.077655  1.075618  0.066228
919  0.000000  1.617448  0.000000  1.077496  1.075458  0.066238
920  0.000000  1.617400  0.000000  1.077337  1.075298  0.066248
921  0.000000  1.617351  0.000000  1.077177  1.075137  0.066258
922  0.000000  1.617303  0.000000  1.077017  1.074977  0.066268
923  0.000000  1.617255  0.000000  1.076857  1.074816  0.066278
924  0.000000  1.617206  0.000000  1.076697  1.074655  0.066288
925  0.000000  1.617158  0.000000  1.076537  1.074494  0.066298
926  0.000000  1.617109  0.000000  1.076377  1.074333  0.066308
927  0.000000  1.617060  0.000000  1.076217  1.074171  0.066318
928  0.000000  1.617012  0.000000  1.076056  1.074010  0.066328
929  0.000000  1.616963  0.000000  1.075895  1.073848  0.066338
930  0.000000  1.616914  0.000000  1.075734  1.073686  0.066348
931  0.000000  1.616865  0.000000  1.075573  1.073524  0.066358
932  0.000000  1.616816  0.000000  1.075412  1.073362  0.066368
933  0.000000  1.616767  0.000000  1.075251  1.073200  0.066378
934  0.000000  1.616718  0.000000  1.075089  1.073038  0.066388
935  0.000000  1.616669  0.000000  1.074928  1.072875  0.066398
936  0.000000  1.616620  0.000000  1.074766  1.072712  0.066408
937  0.000000  1.616571  0.000000  1.074604  1.072549  0.066418
938  0.000000  1.616522  0.000000  1.074442  1.072386  0.066428
939  0.000000  1.616472  0.000000  1.074280  1.072223  0.066438
940  0.000000  1.616423  0.000000  1.074117  1.072060  0.066448
941  0.000000  1.616374  0.000000  1.073955  1.071897  0.066458
942  0.000000  1.616324  0.000000  1.073792  1.071733  0.066468
943  0.000000  1.616274  0.000000  1.073629  1.071569  0.066479
944  0.000000  1.616225  0.000000  1.073466  1.071405  0.066489
945  0.000000  1.616175  0.000000  1.073303  1.071241  0.066499
946  0.000000  1.616125  0.000000  1.073140  1.071077  0.066509
947  0.000000  1.616076  0.000000  1.072976  1.070913  0.066519
948  0.000000  1.616026  0.000000  1.072813  1.070748  0.066529
949  0.000000  1.615976  0.000000  1.072649  1.070583  0.066539
950  0.000000  1.615926  0.000000  1.072485  1.070419  0.066549
951  0.000000  1.615876  0.000000  1.072321  1.070254  0.066559
952  0.000000  1.615826  0.000000  1.072157  1.070089  0.066569
953  0.000000  1.615776  0.000000  1.071993  1.069923  0.066579
954  0.000000  1.615725  0.000000  1.071828  1.069758  0.066590
955  0.000000  1.615675  0.000000  1.071664  1.069592  0.066600
956  0.000000  1.615625  0.000000  1.071499  1.069427  0.066610
957  0.000000  1.615574  0.000000  1.071334  1.069261  0.066620
958  0.000000  1.615524  0.000000  1.071169  1.069095  0.066630
959  0.000000  1.615474  0.000000  1.071004  1.068929  0.066640
960  0.000000  1.615423  0.000000  1.070839  1.068762  0.066650
961  0.000000  1.615372  0.000000  1.070673  1.068596  0.066660
962  0.000000  1.615322  0.000000  1.070507  1.068429  0.066671
963  0.000000  1.615271  0.000000  1.070342  1.068263  0.066681
964  0.000000  1.615220  0.000000  1.070176  1.068096  0.066691
965  0.000000  1.615169  0.000000  1.070010  1.067929  0.066701
966  0.000000  1.615118  0.000000  1.069843  1.067762  0.066711
967  0.000000  1.615067  0.000000  1.069677  1.067594  0.066721
968  0.000000  1.615016  0.000000  1.069511  1.067427  0.066732
969  0.000000  1.614965  0.000000  1.069344  1.067259  0.066742
970  0.000000  1.614914  0.000000  1.069177  1.067091  0.066752
971  0.000000  1.614863  0.000000  1.069010  1.066923  0.066762
972  0.000000  1.614812  0.000000  1.068843  1.066755  0.066772
973  0.000000  1.614760  0.000000  1.068676  1.066587  0.066782
974  0.000000  1.614709  0.000000  1.068508  1.066419  0.066793
975  0.000000  1.614658  0.000000  1.068341  1.066250  0.066803
976  0.000000  1.614606  0.000000  1.068173  1.066082  0.066813
977  0.000000  1.614554  0.000000  1.068005  1.065913  0.066823
978  0.000000  1.614503  0.000000  1.067837  1.065744  0.066833
979  0.000000  1.614451  0.000000  1.067669  1.065575  0.066844
980  0.000000  1.614399  0.000000  1.067501  1.065406  0.066854
981  0.000000  1.614348  0.000000  1.067333  1.065236  0.066864
982  0.000000  1.614296  0.000000  1.067164  1.065067  0.066874
983  0.000000  1.614244  0.000000  1.066995  1.064897  0.066885
984  0.000000  1.614192  0.000000  1.066826  1.064727  0.066895
985  0.000000  1.614140  0.000000  1.066657  1.064557  0.066905
986  0.000000  1.614088  0.000000  1.066488  1.064387  0.066915
987  0.000000  1.614036  0.000000  1.066319  1.064217  0.066926
988  0.000000  1.613983  0.000000  1.066150  1.064046  0.066936
989  0.000000  1.613931  0.000000  1.065980  1.063876  0.066946
990  0.000000  1.613879  0.000000  1.065810  1.063705  0.066956
991  0.000000  1.613826  0.000000  1.065640  1.063534  0.066967
992  0.000000  1.613774  0.000000  1.065470  1.063363  0.066977
993  0.000000  1.613721  0.000000  1.065300  1.063192  0.066987
994  0.000000  1.613669  0.000000  1.065130  1.063021  0.066997
995  0.000000  1.613616  0.000000  1.064960  1.062849  0.067008
996  0.000000  1.613564  0.000000  1.064789  1.062678  0.067018
997  0.000000  1.613511  0.000000  1.064618  1.062506  0.067028
998  0.000000  1.613458  0.000000  1.064447  1.062334  0.067038
999  0.000000  1.613405  0.000000  1.064276  1.062162  0.067049
1000  0.000000  1.613352  0.000000  1.064105  1.061990  0.067059
1001  0.000000  1.613299  0.000000  1.063934  1.061818  0.067069
1002  0.000000  1.613246  0.000000  1.063762  1.061645  0.067080
1003  0.000000  1.613193  0.000000  1.063591  1.061473  0.067090
1004  0.000000  1.613140  0.000000  1.063419  1.061300  0.067100
1005  0.000000  1.613087  0.000000  1.063247  1.061127  0.067111
1006  0.000000  1.613033  0.000000  1.063075  1.060954  0.067121
1007  0.000000  1.612980  0.000000  1.062903  1.060781  0.067131
1008  0.000000  1.612927  0.000000  1.062731  1.060608  0.067142
1009  0.000000  1.612873  0.000000  1.062558  1.060434  0.067152
1010  0.000000  1.612820  0.000000  1.062386  1.060261  0.067162
1011  0.000000  1.612766  0.000000  1.062213  1.060087  0.067173
1012  0.000000  1.612712  0.000000  1.062040  1.059913  0.067183
1013  0.000000  1.612659  0.000000  1.061867  1.059739  0.067193
1014  0.000000  1.612605  0.000000  1.061694  1.059565  0.067204
1015  0.000000  1.612551  0.000000  1.061520  1.059390  0.067214
1016  0.000000  1.612497  0.000000  1.061347  1.059216  0.067224
1017  0.000000  1.612443  0.000000  1.061173  1.059041  0.067235
1018  0.000000  1.612389  0.000000  1.061000  1.058867  0.067245
1019  0.000000  1.612335  0.000000  1.060826  1.058692  0.067255
1020  0.000000  1.612281  0.000000  1.060652  1.058517  0.067266
1021  0.000000  1.612227  0.000000  1.060478  1.058341  0.067276
1022  0.000000  1.612173  0.000000  1.060303  1.058166  0.067286
1023  0.000000  1.612118  0.000000  1.060129  1.057991  0.067297
1024  0.000000  1.612064  0.000000  1.059954  1.057815  0.067307
1025  0.000000  1.612009  0.000000  1.059779  1.057639  0.067317
1026  0.000000  1.611955  0.000000  1.059605  1.057463  0.067328
1027  0.000000  1.611900  0.000000  1.059430  1.057287  0.067338
1028  0.000000  1.611846  0.000000  1.059254  1.057111  0.067349
1029  0.000000  1.611791  0.000000  1.059079  1.056935  0.067359
1030  0.000000  1.611736  0.000000  1.058904  1.056758  0.067369
1031  0.000000  1.611682  0.000000  1.058728  1.056582  0.067380
1032  0.000000  1.611627  0.000000  1.058552  1.056405  0.067390
1033  0.000000  1.611572  0.000000  1.058376  1.056228  0.067401
1034  0.000000  1.611517  0.000000  1.058200  1.056051  0.067411
1035  0.000000  1.611462  0.000000  1.058024  1.055874  0.067421
1036  0.000000  1.611407  0.000000  1.057848  1.055697  0.067432
1037  0.000000  1.611352  0.000000  1.057671  1.055519  0.067442
1038  0.000000  1.611296  0.000000  1.057495  1.055341  0.067453
1039  0.000000  1.611241  0.000000  1.057318  1.055164  0.067463
1040  0.000000  1.611186  0.000000  1.057141  1.054986  0.067473
1041  0.000000  1.611130  0.000000  1.056964  1.054808  0.067484
1042  0.000000  1.611075  0.000000  1.056787  1.054630  0.067494
1043  0.000000  1.611019  0.000000  1.056610  1.054451  0.067505
1044  0.000000  1.610964  0.000000  1.056432  1.054273  0.067515
1045  0.000000  1.610908  0.000000  1.056255  1.054094  0.067526
1046  0.000000  1.610852  0.000000  1.056077  1.053915  0.067536
1047  0.000000  1.610797  0.000000  1.055899  1.053737  0.067546
1048  0.000000  1.610741  0.000000  1.055721  1.053558  0.067557
1049  0.000000  1.610685  0.000000  1.055543  1.053378  0.067567
1050  0.000000  1.610629  0.000000  1.055365  1.053199  0.067578
1051  0.000000  1.610573  0.000000  1.055187  1.053020  0.067588
1052  0.000000  1.610517  0.000000  1.055008  1.052840  0.067599
1053  0.000000  1.610461  0.000000  1.054829  1.052660  0.067609
1054  0.000000  1.610405  0.000000  1.054650  1.052480  0.067620
1055  0.000000  1.610348  0.000000  1.054471  1.052300  0.067630
1056  0.000000  1.610292  0.000000  1.054292  1.052120  0.067641
1057  0.000000  1.610236  0.000000  1.054113  1.051940  0.067651
1058  0.000000  1.610179  0.000000  1.053934  1.051760  0.067661
1059  0.000000  1.610123  0.000000  1.053754  1.051579  0.067672
1060  0.000000  1.610066  0.000000  1.053575  1.051398  0.067682
1061  0.000000  1.610010  0.000000  1.053395  1.051217  0.067693
1062  0.000000  1.609953  0.000000  1.053215  1.051036  0.067703
1063  0.000000  1.609896  0.000000  1.053035  1.050855  0.067714
1064  0.000000  1.609839  0.000000  1.052854  1.050674  0.067724
1065  0.000000  1.609783  0.000000  1.052674  1.050493  0.067735
1066  0.000000  1.609726  0.000000  1.052494  1.050311  0.067745
1067  0.000000  1.609669  0.000000  1.052313  1.050129  0.067756
1068  0.000000  1.609612  0.000000  1.052132  1.049948  0.067766
1069  0.000000  1.609554  0.000000  1.051951  1.049766  0.067777
1070  0.000000  1.609497  0.000000  1.051770  1.049583  0.067787
1071  0.000000  1.609440  0.000000  1.051589  1.049401  0.067798
1072  0.000000  1.609383  0.000000  1.051408  1.049219  0.067808
1073  0.000000  1.609325  0.000000  1.051226  1.049036  0.067819
1074  0.000000  1.609268  0.000000  1.051045  1.048854  0.067829
1075  0.000000  1.609211  0.000000  1.050863  1.048671  0.067840
1076  0.000000  1.609153  0.000000  1.050681  1.048488  0.067850
1077  0.000000  1.609095  0.000000  1.050499  1.048305  0.067861
1078  0.000000  1.609038  0.000000  1.050317  1.048122  0.067871
1079  0.000000  1.608980  0.000000  1.050135  1.047938  0.067882
1080  0.000000  1.608922  0.000000  1.049952  1.047755  0.067892
1081  0.000000  1.608864  0.000000  1.049770  1.047571  0.067903
1082  0.000000  1.608807  0.000000  1.049587  1.047387  0.067913
1083  0.000000  1.608749  0.000000  1.049404  1.047203  0.067924
1084  0.000000  1.608691  0.000000  1.049221  1.047019  0.067934
1085  0.000000  1.608632  0.000000  1.049038  1.046835  0.067945
1086  0.000000  1.608574  0.000000  1.048855  1.046651  0.067956
1087  0.000000  1.608516  0.000000  1.048671  1.046466  0.067966
1088  0.000000  1.608458  0.000000  1.048488  1.046282  0.067977
1089  0.000000  1.608400  0.000000  1.048304  1.046097  0.067987
1090  0.000000  1.608341  0.000000  1.048120  1.045912  0.067998
1091  0.000000  1.608283  0.000000  1.047936  1.045727  0.068008
1092  0.000000  1.608224  0.000000  1.047752  1.045542  0.068019
1093  0.000000  1.608166  0.000000  1.047568  1.045357  0.068029
1094  0.000000  1.608107  0.000000  1.047384  1.045171  0.068040
1095  0.000000  1.608048  0.000000  1.047199  1.044986  0.068050
1096  0.000000  1.607989  0.000000  1.047014  1.044800  0.068061
1097  0.000000  1.607931  0.000000  1.046830  1.044614  0.068071
1098  0.000000  1.607872  0.000000  1.046645  1.044428  0.068082
1099  0.000000  1.607813  0.000000  1.046460  1.044242  0.068093
1100  0.000000  1.607754  0.000000  1.046275  1.044056  0.068103
1101  0.000000  1.607695  0.000000  1.046089  1.043869  0.068114
1102  0.000000  1.607636  0.000000  1.045904  1.043683  0.068124
1103  0.000000  1.607576  0.000000  1.045718  1.043496  0.068135
1104  0.000000  1.607517  0.000000  1.045533  1.043309  0.068145
1105  0.000000  1.607458  0.000000  1.045347  1.043122  0.068156
1106  0.000000  1.607398  0.000000  1.045161  1.042935  0.068167
1107  0.000000  1.607339  0.000000  1.044975  1.042748  0.068177
1108  0.000000  1.607279  0.000000  1.044788  1.042561  0.068188
1109  0.000000  1.607220  0.000000  1.044602  1.042373  0.068198
1110  0.000000  1.607160  0.000000  1.044415  1.042186  0.068209
1111  0.000000  1.607101  0.000000  1.044229  1.041998  0.068219
1112  0.000000  1.607041  0.000000  1.044042  1.041810  0.068230
1113  0.000000  1.606981  0.000000  1.043855  1.041622  0.068241
1114  0.000000  1.606921  0.000000  1.043668  1.041434  0.068251
1115  0.000000  1.606861  0.000000  1.043481  1.041246  0.068262
1116  0.000000  1.606801  0.000000  1.043293  1.041057  0.068272
1117  0.000000  1.606741  0.000000  1.043106  1.040869  0.068283
1118  0.000000  1.606681  0.000000  1.042918  1.040680  0.068293
1119  0.000000  1.606621  0.000000  1.042731  1.040491  0.068304
1120  0.000000  1.606561  0.000000  1.042543  1.040302  0.068315
1121  0.000000  1.606500  0.000000  1.042355  1.040113  0.068325
1122  0.000000  1.606440  0.000000  1.042167  1.039924  0.068336
1123  0.000000  1.606379  0.000000  1.041978  1.039734  0.068346
1124  0.000000  1.606319  0.000000  1.041790  1.039545  0.068357
1125  0.000000  1.606258  0.000000  1.041601  1.039355  0.068368
1126  0.000000  1.606198  0.000000  1.041413  1.039165  0.068378
1127  0.000000  1.606137  0.000000  1.041224  1.038976  0.068389
1128  0.000000  1.606076  0.000000  1.041035  1.038786  0.068399
1129  0.000000  1.606015  0.000000  1.040846  1.038595  0.068410
1130  0.000000  1.605955  0.000000  1.040657  1.038405  0.068421
1131  0.000000  1.605894  0.000000  1.040467  1.038215  0.068431
1132  0.000000  1.605833  0.000000  1.040278  1.038024  0.068442
1133  0.000000  1.605772  0.000000  1.040088  1.037833  0.068452
1134  0.000000  1.605710  0.000000  1.039899  1.037642  0.068463
1135  0.000000  1.605649  0.000000  1.039709  1.037451  0.068474
1136  0.000000  1.605588  0.000000  1.039519  1.037260  0.068484
1137  0.000000  1.605527  0.000000  1.039329  1.037069  0.068495
1138  0.000000  1.605465  0.000000  1.039138  1.036878  0.068505
1139  0.000000  1.605404  0.000000  1.038948  1.036686  0.068516
1140  0.000000  1.605342  0.000000  1.038757  1.036494  0.068527
1141  0.000000  1.605281  0.000000  1.038567  1.036303  0.068537
1142  0.000000  1.605219  0.000000  1.038376  1.036111  0.068548
1143  0.000000  1.605157  0.000000  1.038185  1.035919  0.068558
1144  0.000000  1.605096  0.000000  1.037994  1.035727  0.068569
1145  0.000000  1.605034  0.000000  1.037803  1.035534  0.068580
1146  0.000000  1.604972  0.000000  1.037611  1.035342  0.068590
1147  0.000000  1.604910  0.000000  1.037420  1.035149  0.068601
1148  0.000000  1.604848  0.000000  1.037228  1.034956  0.068612
1149  0.000000  1.604786  0.000000  1.037036  1.034764  0.068622
1150  0.000000  1.604724  0.000000  1.036845  1.034571  0.068633
1151  0.000000  1.604662  0.000000  1.036653  1.034377  0.068643
1152  0.000000  1.604599  0.000000  1.036461  1.034184  0.068654
1153  0.000000  1.604537  0.000000  1.036268  1.033991  0.068665
1154  0.000000  1.604475  0.000000  1.036076  1.033797  0.068675
1155  0.000000  1.604412  0.000000  1.035883  1.033604  0.068686
1156  0.000000  1.604350  0.000000  1.035691  1.033410  0.068697
1157  0.000000  1.604287  0.000000  1.035498  1.033216  0.068707
1158  0.000000  1.604224  0.000000  1.035305  1.033022  0.068718
1159  0.000000  1.604162  0.000000  1.035112  1.032828  0.068728
1160  0.000000  1.604099  0.000000  1.034919  1.032633  0.068739
1161  0.000000  1.604036  0.000000  1.034726  1.032439  0.068750
1162  0.000000  1.603973  0.000000  1.034532  1.032244  0.068760
1163  0.000000  1.603910  0.000000  1.034339  1.032050  0.068771
1164  0.000000  1.603847  0.000000  1.034145  1.031855  0.068782
1165  0.000000  1.603784  0.000000  1.033951  1.031660  0.068792
1166  0.000000  1.603721  0.000000  1.033757  1.031465  0.068803
1167  0.000000  1.603658  0.000000  1.033563  1.031270  0.068813
1168  0.000000  1.603595  0.000000  1.033369  1.031074  0.068824
1169  0.000000  1.603531  0.000000  1.033174  1.030879  0.068835
1170  0.000000  1.603468  0.000000  1.032980  1.030683  0.068845
1171  0.000000  1.603404  0.000000  1.032785  1.030487  0.068856
1172  0.000000  1.603341  0.000000  1.032591  1.030292  0.068867
1173  0.000000  1.603277  0.000000  1.032396  1.030096  0.068877
1174  0.000000  1.603214  0.000000  1.032201  1.029899  0.068888
1175  0.000000  1.603150  0.000000  1.032006  1.029703  0.068899
1176  0.000000  1.603086  0.000000  1.031810  1.029507  0.068909
1177  0.000000  1.603022  0.000000  1.031615  1.029310  0.068920
1178  0.000000  1.602958  0.000000  1.031419  1.029114  0.068930
1179  0.000000  1.602894  0.000000  1.031224  1.028917  0.068941
1180  0.000000  1.602830  0.000000  1.031028  1.028720  0.068952
1181  0.000000  1.602766  0.000000  1.030832  1.028523  0.068962
1182  0.000000  1.602702  0.000000  1.030636  1.028326  0.068973
1183  0.000000  1.602638  0.000000  1.030440  1.028128  0.068984
1184  0.000000  1.602574  0.000000  1.030244  1.027931  0.068994
1185  0.000000  1.602509  0.000000  1.030047  1.027733  0.069005
1186  0.000000  1.602445  0.000000  1.029851  1.027536  0.069016
1187  0.000000  1.602380  0.000000  1.029654  1.027338  0.069026
1188  0.000000  1.602316  0.000000  1.029457  1.027140  0.069037
1189  0.000000  1.602251  0.000000  1.029260  1.026942  0.069048
1190  0.000000  1.602186  0.000000  1.029063  1.026744  0.069058
1191  0.000000  1.602122  0.000000  1.028866  1.026545  0.069069
1192  0.000000  1.602057  0.000000  1.028669  1.026347  0.069079
1193  0.000000  1.601992  0.000000  1.028471  1.026148  0.069090
1194  0.000000  1.601927  0.000000  1.028274  1.025949  0.069101
1195  0.000000  1.601862  0.000000  1.028076  1.025751  0.069111
1196  0.000000  1.601797  0.000000  1.027878  1.025552  0.069122
1197  0.000000  1.601732  0.000000  1.027680  1.025352  0.069133
1198  0.000000  1.601667  0.000000  1.027482  1.025153  0.069143
1199  0.000000  1.601601  0.000000  1.027284  1.024954  0.069154
1200  0.000000  1.601536  0.000000  1.027086  1.024754  0.069165
1201  0.000000  1.601471  0.000000  1.026887  1.024555  0.069175
1202  0.000000  1.601405  0.000000  1.026689  1.024355  0.069186
1203  0.000000  1.601340  0.000000  1.026490  1.024155  0.069196
1204  0.000000  1.601274  0.000000  1.026291  1.023955  0.069207
1205  0.000000  1.601209  0.000000  1.026092  1.023755  0.069218
1206  0.000000  1.601143  0.000000  1.025893  1.023555  0.069228
1207  0.000000  1.601077  0.000000  1.025694  1.023354  0.069239
1208  0.000000  1.601011  0.000000  1.025495  1.023154  0.069250
1209  0.000000  1.600945  0.000000  1.025295  1.022953  0.069260
1210  0.000000  1.600879  0.000000  1.025096  1.022752  0.069271
1211  0.000000  1.600813  0.000000  1.024896  1.022551  0.069282
1212  0.000000  1.600747  0.000000  1.024696  1.022350  0.069292
1213  0.000000  1.600681  0.000000  1.024496  1.022149  0.069303
1214  0.000000  1.600615  0.000000  1.024296  1.021948  0.069314
1215  0.000000  1.600549  0.000000  1.024096  1.021747  0.069324
1216  0.000000  1.600482  0.000000  1.023895  1.021545  0.069335
1217  0.000000  1.600416  0.000000  1.023695  1.021343  0.069345
1218  0.000000  1.600349  0.000000  1.023494  1.021142  0.069356
1219  0.000000  1.600283  0.000000  1.023293  1.020940  0.069367
1220  0.000000  1.600216  0.000000  1.023093  1.020738  0.069377
1221  0.000000  1.600149  0.000000  1.022892  1.020535  0.069388
1222  0.000000  1.600083  0.000000  1.022691  1.020333  0.069399
1223  0.000000  1.600016  0.000000  1.022489  1.020131  0.069409
1224  0.000000  1.599949  0.000000  1.022288  1.019928  0.069420
1225  0.000000  1.599882  0.000000  1.022086  1.019726  0.069431
1226  0.000000  1.599815  0.000000  1.021885  1.019523  0.069441
1227  0.000000  1.599748  0.000000  1.021683  1.019320  0.069452
1228  0.000000  1.599681  0.000000  1.021481  1.019117  0.069462
1229  0.000000  1.599614  0.000000  1.021279  1.018914  0.069473
1230  0.000000  1.599546  0.000000  1.021077  1.018710  0.069484
1231  0.000000  1.599479  0.000000  1.020875  1.018507  0.069494
1232  0.000000  1.599412  0.000000  1.020673  1.018303  0.069505
1233  0.000000  1.599344  0.000000  1.020470  1.018100  0.069516
1234  0.000000  1.599277  0.000000  1.020268  1.017896  0.069526
1235  0.000000  1.599209  0.000000  1.020065  1.017692  0.069537
1236  0.000000  1.599142  0.000000  1.019862  1.017488  0.069547
1237  0.000000  1.599074  0.000000  1.019659  1.017284  0.069558
1238  0.000000  1.599006  0.000000  1.019456  1.017079  0.069569
1239  0.000000  1.598938  0.000000  1.019253  1.016875  0.069579
1240  0.000000  1.598870  0.000000  1.019049  1.016670  0.069590
1241  0.000000  1.598802  0.000000  1.018846  1.016466  0.069601
1242  0.000000  1.598734  0.000000  1.018642  1.016261  0.069611
1243  0.000000  1.598666  0.000000  1.018439  1.016056  0.069622
1244  0.000000  1.598598  0.000000  1.018235  1.015851  0.069632
1245  0.000000  1.598530  0.000000  1.018031  1.015646  0.069643
1246  0.000000  1.598461  0.000000  1.017827  1.015441  0.069654
1247  0.000000  1.598393  0.000000  1.017623  1.015235  0.069664
1248  0.000000  1.598325  0.000000  1.017418  1.015030  0.069675
1249  0.000000  1.598256  0.000000  1.017214  1.014824  0.069686
1250  0.000000  1.598188  0.000000  1.017009  1.014618  0.069696
1251  0.000000  1.598119  0.000000  1.016804  1.014412  0.069707
1252  0.000000  1.598050  0.000000  1.016600  1.014206  0.069717
1253  0.000000  1.597981  0.000000  1.016395  1.014000  0.069728
1254  0.000000  1.597913  0.000000  1.016190  1.013794  0.069739
1255  0.000000  1.597844  0.000000  1.015984  1.013587  0.069749
1256  0.000000  1.597775  0.000000  1.015779  1.013381  0.069760
1257  0.000000  1.597706  0.000000  1.015574  1.013174  0.069770
1258  0.000000  1.597637  0.000000  1.015368  1.012967  0.069781
1259  0.000000  1.597567  0.000000  1.015162  1.012761  0.069792
1260  0.000000  1.597498  0.000000  1.014957  1.012554  0.069802
1261  0.000000  1.597429  0.000000  1.014751  1.012346  0.069813
1262  0.000000  1.597360  0.000000  1.014545  1.012139  0.069823
1263  0.000000  1.597290  0.000000  1.014339  1.011932  0.069834
1264  0.000000  1.597221  0.000000  1.014132  1.011724  0.069845
1265  0.000000  1.597151  0.000000  1.013926  1.011517  0.069855
1266  0.000000  1.597081  0.000000  1.013719  1.011309  0.069866
1267  0.000000  1.597012  0.000000  1.013513  1.011101  0.069876
1268  0.000000  1.596942  0.000000  1.013306  1.010893  0.069887
1269  0.000000  1.596872  0.000000  1.013099  1.010685  0.069898
1270  0.000000  1.596802  0.000000  1.012892  1.010477  0.069908
1271  0.000000  1.596732  0.000000  1.012685  1.010268  0.069919
1272  0.000000  1.596662  0.000000  1.012478  1.010060  0.069929
1273  0.000000  1.596592  0.000000  1.012270  1.009851  0.069940
1274  0.000000  1.596522  0.000000  1.012063  1.009643  0.069951
1275  0.000000  1.596452  0.000000  1.011855  1.009434  0.069961
1276  0.000000  1.596382  0.000000  1.011648  1.009225  0.069972
1277  0.000000  1.596311  0.000000  1.011440  1.009016  0.069982
1278  0.000000  1.596241  0.000000  1.011232  1.008806  0.069993
1279  0.000000  1.596170  0.000000  1.011024  1.008597  0.070004
1280  0.000000  1.596100  0.000000  1.010815  1.008388  0.070014
1281  0.000000  1.596029  0.000000  1.010607  1.008178  0.070025
1282  0.000000  1.595959  0.000000  1.010399  1.007968  0.070035
1283  0.000000  1.595888  0.000000  1.010190  1.007759  0.070046
1284  0.000000  1.595817  0.000000  1.009981  1.007549  0.070056
1285  0.000000  1.595746  0.000000  1.009773  1.007339  0.070067
1286  0.000000  1.595675  0.000000  1.009564  1.007129  0.070078
1287  0.000000  1.595604  0.000000  1.009355  1.006918  0.070088
1288  0.000000  1.595533  0.000000  1.009145  1.006708  0.070099
1289  0.000000  1.595462  0.000000  1.008936  1.006497  0.070109
1290  0.000000  1.595391  0.000000  1.008727  1.006287  0.070120
1291  0.000000  1.595319  0.000000  1.008517  1.006076  0.070130
1292  0.000000  1.595248  0.000000  1.008308  1.005865  0.070141
1293  0.000000  1.595177  0.000000  1.008098  1.005654  0.070152
1294  0.000000  1.595105  0.000000  1.007888  1.005443  0.070162
1295  0.000000  1.595034  0.000000  1.007678  1.005232  0.070173
1296  0.000000  1.594962  0.000000  1.007468  1.005020  0.070183
1297  0.000000  1.594890  0.000000  1.007258  1.004809  0.070194
1298  0.000000  1.594819  0.000000  1.007047  1.004597  0.070204
1299  0.000000  1.594747  0.000000  1.006837  1.004385  0.070215
1300  0.000000  1.594675  0.000000  1.006626  1.004174  0.070225
1301  0.000000  1.594603  0.000000  1.006415  1.003962  0.070236
1302  0.000000  1.594531  0.000000  1.006205  1.003750  0.070246
1303  0.000000  1.594459  0.000000  1.005994  1.003537  0.070257
1304  0.000000  1.594387  0.000000  1.005783  1.003325  0.070268
1305  0.000000  1.594315  0.000000  1.005571  1.003113  0.070278
1306  0.000000  1.594242  0.000000  1.005360  1.002900  0.070289
1307  0.000000  1.594170  0.000000  1.005149  1.002687  0.070299
1308  0.000000  1.594097  0.000000  1.004937  1.002475  0.070310
1309  0.000000  1.594025  0.000000  1.004726  1.002262  0.070320
1310  0.000000  1.593952  0.000000  1.004514  1.002049  0.070331
1311  0.000000  1.593880  0.000000  1.004302  1.001836  0.070341
1312  0.000000  1.593807  0.000000  1.004090  1.001622  0.070352
1313  0.000000  1.593734  0.000000  1.003878  1.001409  0.070362
1314  0.000000  1.593662  0.000000  1.003666  1.001195  0.070373
1315  0.000000  1.593589  0.000000  1.003453  1.000982  0.070383
1316  0.000000  1.593516  0.000000  1.003241  1.000768  0.070394
1317  0.000000  1.593443  0.000000  1.003028  1.000554  0.070404
1318  0.000000  1.593370  0.000000  1.002816  1.000340  0.070415
1319  0.000000  1.593296  0.000000  1.002603  1.000126  0.070425
1320  0.000000  1.593223  0.000000  1.002390  0.999912  0.070436
1321  0.000000  1.593150  0.000000  1.002177  0.999698  0.070446
1322  0.000000  1.593077  0.000000  1.001964  0.999483  0.070457
1323  0.000000  1.593003  0.000000  1.001750  0.999269  0.070467
1324  0.000000  1.592930  0.000000  1.001537  0.999054  0.070478
1325  0.000000  1.592856  0.000000  1.001323  0.998839  0.070488
1326  0.000000  1.592782  0.000000  1.001110  0.998624  0.070499
1327  0.000000  1.592709  0.000000  1.000896  0.998409  0.070509
1328  0.000000  1.592635  0.000000  1.000682  0.998194  0.070520
1329  0.000000  1.592561  0.000000  1.000468  0.997979  0.070530
1330  0.000000  1.592487  0.000000  1.000254  0.997764  0.070541
1331  0.000000  1.592413  0.000000  1.000040  0.997548  0.070551
1332  0.000000  1.592339  0.000000  0.999826  0.997333  0.070562
1333  0.000000  1.592265  0.000000  0.999611  0.997117  0.070572
1334  0.000000  1.592191  0.000000  0.999397  0.996901  0.070583
1335  0.000000  1.592117  0.000000  0.999182  0.996685  0.070593
1336  0.000000  1.592042  0.000000  0.998967  0.996469  0.070604
1337  0.000000  1.591968  0.000000  0.998752  0.996253  0.070614
1338  0.000000  1.591894  0.000000  0.998537  0.996037  0.070625
1339  0.000000  1.591819  0.000000  0.998322  0.995820  0.070635
1340  0.000000  1.591744  0.000000  0.998107  0.995604  0.070646
1341  0.000000  1.591670  0.000000  0.997892  0.995387  0.070656
1342  0.000000  1.591595  0.000000  0.997676  0.995170  0.070667
1343  0.000000  1.591520  0.000000  0.997461  0.994954  0.070677
1344  0.000000  1.591445  0.000000  0.997245  0.994737  0.070687
1345  0.000000  1.591371  0.000000  0.997029  0.994519  0.070698
1346  0.000000  1.591296  0.000000  0.996813  0.994302  0.070708
1347  0.000000  1.591221  0.000000  0.996597  0.994085  0.070719
1348  0.000000  1.591145  0.000000  0.996381  0.993868  0.070729
1349  0.000000  1.591070  0.000000  0.996165  0.993650  0.070740
1350  0.000000  1.590995  0.000000  0.995949  0.993432  0.070750
1351  0.000000  1.590920  0.000000  0.995732  0.993215  0.070760
1352  0.000000  1.590844  0.000000  0.995515  0.992997  0.070771
1353  0.000000  1.590769  0.000000  0.995299  0.992779  0.070781
1354  0.000000  1.590693  0.000000  0.995082  0.992561  0.070792
1355  0.000000  1.590618  0.000000  0.994865  0.992342  0.070802
1356  0.000000  1.590542  0.000000  0.994648  0.992124  0.070813
1357  0.000000  1.590466  0.000000  0.994431  0.991906  0.070823
1358  0.000000  1.590390  0.000000  0.994214  0.991687  0.070833
1359  0.000000  1.590314  0.000000  0.993996  0.991468  0.070844
1360  0.000000  1.590239  0.000000  0.993779  0.991250  0.070854
1361  0.000000  1.590163  0.000000  0.993561  0.991031  0.070865
1362  0.000000  1.590086  0.000000  0.993343  0.990812  0.070875
1363  0.000000  1.590010  0.000000  0.993126  0.990593  0.070885
1364  0.000000  1.589934  0.000000  0.992908  0.990373  0.070896
1365  0.000000  1.589858  0.000000  0.992690  0.990154  0.070906
1366  0.000000  1.589781  0.000000  0.992471  0.989934  0.070917
1367  0.000000  1.589705  0.000000  0.992253  0.989715  0.070927
1368  0.000000  1.589628  0.000000  0.992035  0.989495  0.070937
1369  0.000000  1.589552  0.000000  0.991816  0.989275  0.070948
1370  0.000000  1.589475  0.000000  0.991598  0.989055  0.070958
1371  0.000000  1.589399  0.000000  0.991379  0.988835  0.070969
1372  0.000000  1.589322  0.000000  0.991160  0.988615  0.070979
1373  0.000000  1.589245  0.000000  0.990941  0.988395  0.070989
1374  0.000000  1.589168  0.000000  0.990722  0.988175  0.071000
1375  0.000000  1.589091  0.000000  0.990503  0.987954  0.071010
1376  0.000000  1.589014  0.000000  0.990284  0.987734  0.071020
1377  0.000000  1.588937  0.000000  0.990064  0.987513  0.071031
1378  0.000000  1.588860  0.000000  0.989845  0.987292  0.071041
1379  0.000000  1.588782  0.000000  0.989625  0.987071  0.071051
1380  0.000000  1.588705  0.000000  0.989405  0.986850  0.071062
1381  0.000000  1.588628  0.000000  0.989186  0.986629  0.071072
1382  0.000000  1.588550  0.000000  0.988966  0.986408  0.071082
1383  0.000000  1.588473  0.000000  0.988746  0.986186  0.071093
1384  0.000000  1.588395  0.000000  0.988525  0.985965  0.071103
1385  0.000000  1.588317  0.000000  0.988305  0.985743  0.071113
1386  0.000000  1.588240  0.000000  0.988085  0.985522  0.071124
1387  0.000000  1.588162  0.000000  0.987864  0.985300  0.071134
1388  0.000000  1.588084  0.000000  0.987644  0.985078  0.071144
1389  0.000000  1.588006  0.000000  0.987423  0.984856  0.071155
1390  0.000000  1.587928  0.000000  0.987202  0.984634  0.071165
1391  0.000000  1.587850  0.000000  0.986981  0.984412  0.071175
1392  0.000000  1.587772  0.000000  0.986760  0.984189  0.071186
1393  0.000000  1.587694  0.000000  0.986539  0.983967  0.071196
1394  0.000000  1.587615  0.000000  0.986318  0.983744  0.071206
1395  0.000000  1.587537  0.000000  0.986097  0.983522  0.071217
1396  0.000000  1.587458  0.000000  0.985875  0.983299  0.071227
1397  0.000000  1.587380  0.000000  0.985654  0.983076  0.071237
1398  0.000000  1.587301  0.000000  0.985432  0.982853  0.071247
1399  0.000000  1.587223  0.000000  0.985210  0.982630  0.071258
1400  0.000000  1.587144  0.000000  0.984988  0.982407  0.071268
1401  0.000000  1.587065  0.000000  0.984766  0.982183  0.071278
1402  0.000000  1.586986  0.000000  0.984544  0.981960  0.071289
1403  0.000000  1.586907  0.000000  0.984322  0.981736  0.071299
1404  0.000000  1.586828  0.000000  0.984099  0.981513  0.071309
1405  0.000000  1.586749  0.000000  0.983877  0.981289  0.071319
1406  0.000000  1.586670  0.000000  0.983654  0.981065  0.071330
1407  0.000000  1.586591  0.000000  0.983432  0.980841  0.071340
1408  0.000000  1.586512  0.000000  0.983209  0.980617  0.071350
1409  0.000000  1.586432  0.000000  0.982986  0.980393  0.071360
1410  0.000000  1.586353  0.000000  0.982763  0.980168  0.071371
1411  0.000000  1.586274  0.000000  0.982540  0.979944  0.071381
1412  0.000000  1.586194  0.000000  0.982317  0.979719  0.071391
1413  0.000000  1.586114  0.000000  0.982094  0.979495  0.071401
1414  0.000000  1.586035  0.000000  0.981870  0.979270  0.071412
1415  0.000000  1.585955  0.000000  0.981647  0.979045  0.071422
1416  0.000000  1.585875  0.000000  0.981423  0.978820  0.071432
1417  0.000000  1.585795  0.000000  0.981199  0.978595  0.071442
1418  0.000000  1.585715  0.000000  0.980976  0.978370  0.071452
1419  0.000000  1.585635  0.000000  0.980752  0.978145  0.071463
1420  0.000000  1.585555  0.000000  0.980528  0.977919  0.071473
1421  0.000000  1.585475  0.000000  0.980303  0.977694  0.071483
1422  0.000000  1.585395  0.000000  0.980079  0.977468  0.071493
1423  0.000000  1.585314  0.000000  0.979855  0.977242  0.071503
1424  0.000000  1.585234  0.000000  0.979630  0.977017  0.071514
1425  0.000000  1.585153  0.000000  0.979406  0.976791  0.071524
1426  0.000000  1.585073  0.000000  0.979181  0.976565  0.071534
1427  0.000000  1.584992  0.000000  0.978956  0.976339  0.071544
1428  0.000000  1.584912  0.000000  0.978731  0.976112  0.071554
1429  0.000000  1.584831  0.000000  0.978506  0.975886  0.071564
1430  0.000000  1.584750  0.000000  0.978281  0.975659  0.071575
1431  0.000000  1.584669  0.000000  0.978056  0.975433  0.071585
1432  0.000000  1.584588  0.000000  0.977831  0.975206  0.071595
1433  0.000000  1.584507  0.000000  0.977605  0.974979  0.071605
1434  0.000000  1.584426  0.000000  0.977380  0.974753  0.071615
1435  0.000000  1.584345  0.000000  0.977154  0.974526  0.071625
1436  0.000000  1.584264  0.000000  0.976929  0.974299  0.071636
1437  0.000000  1.584182  0.000000  0.976703  0.974071  0.071646
1438  0.000000  1.584101  0.000000  0.976477  0.973844  0.071656
1439  0.000000  1.584019  0.000000  0.976251  0.973617  0.071666
1440  0.000000  1.583938  0.000000  0.976025  0.973389  0.071676
1441  0.000000  1.583856  0.000000  0.975798  0.973162  0.071686
1442  0.000000  1.583775  0.000000  0.975572  0.972934  0.071696
1443  0.000000  1.583693  0.000000  0.975345  0.972706  0.071706
1444  0.000000  1.583611  0.000000  0.975119  0.972478  0.071716
1445  0.000000  1.583529  0.000000  0.974892  0.972250  0.071727
1446  0.000000  1.583447  0.000000  0.974665  0.972022  0.071737
1447  0.000000  1.583365  0.000000  0.974439  0.971794  0.071747
1448  0.000000  1.583283  0.000000  0.974212  0.971565  0.071757
1449  0.000000  1.583201  0.000000  0.973985  0.971337  0.071767
1450  0.000000  1.583119  0.000000  0.973757  0.971108  0.071777
1451  0.000000  1.583036  0.000000  0.973530  0.970880  0.071787
1452  0.000000  1.582954  0.000000  0.973303  0.970651  0.071797
1453  0.000000  1.582871  0.000000  0.973075  0.970422  0.071807
1454  0.000000  1.582789  0.000000  0.972848  0.970193  0.071817
1455  0.000000  1.582706  0.000000  0.972620  0.969964  0.071827
1456  0.000000  1.582624  0.000000  0.972392  0.969735  0.071837
1457  0.000000  1.582541  0.000000  0.972164  0.969506  0.071847
1458  0.000000  1.582458  0.000000  0.971936  0.969276  0.071858
1459  0.000000  1.582375  0.000000  0.971708  0.969047  0.071868
1460  0.000000  1.582292  0.000000  0.971480  0.968817  0.071878
1461  0.000000  1.582209  0.000000  0.971251  0.968587  0.071888
1462  0.000000  1.582126  0.000000  0.971023  0.968358  0.071898
1463  0.000000  1.582043  0.000000  0.970795  0.968128  0.071908
1464  0.000000  1.581960  0.000000  0.970566  0.967898  0.071918
1465  0.000000  1.581876  0.000000  0.970337  0.967668  0.071928
1466  0.000000  1.581793  0.000000  0.970108  0.967437  0.071938
1467  0.000000  1.581709  0.000000  0.969879  0.967207  0.071948
1468  0.000000  1.581626  0.000000  0.969650  0.966977  0.071958
1469  0.000000  1.581542  0.000000  0.969421  0.966746  0.071968
1470  0.000000  1.581459  0.000000  0.969192  0.966516  0.071978
1471  0.000000  1.581375  0.000000  0.968963  0.966285  0.071988
1472  0.000000  1.581291  0.000000  0.968733  0.966054  0.071998
1473  0.000000  1.581207  0.000000  0.968504  0.965823  0.072008
1474  0.000000  1.581123  0.000000  0.968274  0.965592  0.072018
1475  0.000000  1.581039  0.000000  0.968044  0.965361  0.072028
1476  0.000000  1.580955  0.000000  0.967815  0.965130  0.072038
1477  0.000000  1.580871  0.000000  0.967585  0.964899  0.072048
1478  0.000000  1.580787  0.000000  0.967355  0.964667  0.072057
1479  0.000000  1.580702  0.000000  0.967124  0.964436  0.072067
1480  0.000000  1.580618  0.000000  0.966894  0.964204  0.072077
1481  0.000000  1.580533  0.000000  0.966664  0.963972  0.072087
1482  0.000000  1.580449  0.000000  0.966433  0.963740  0.072097
1483  0.000000  1.580364  0.000000  0.966203  0.963508  0.072107
1484  0.000000  1.580280  0.000000  0.965972  0.963276  0.072117
1485  0.000000  1.580195  0.000000  0.965742  0.963044  0.072127
1486  0.000000  1.580110  0.000000  0.965511  0.962812  0.072137
1487  0.000000  1.580025  0.000000  0.965280  0.962580  0.072147
1488  0.000000  1.579940  0.000000  0.965049  0.962347  0.072157
1489  0.000000  1.579855  0.000000  0.964818  0.962115  0.072167
1490  0.000000  1.579770  0.000000  0.964586  0.961882  0.072177
1491  0.000000  1.579685  0.000000  0.964355  0.961649  0.072186
1492  0.000000  1.579600  0.000000  0.964124  0.961417  0.072196
1493  0.000000  1.579514  0.000000  0.963892  0.961184  0.072206
1494  0.000000  1.579429  0.000000  0.963660  0.960951  0.072216
1495  0.000000  1.579343  0.000000  0.963429  0.960718  0.072226
1496  0.000000  1.579258  0.000000  0.963197  0.960484  0.072236
1497  0.000000  1.579172  0.000000  0.962965  0.960251  0.072246
1498  0.000000  1.579086  0.000000  0.962733  0.960018  0.072255
1499  0.000000  1.579001  0.000000  0.962501  0.959784  0.072265
1500  0.000000  1.578915  0.000000  0.962269  0.959550  0.072275
1501  0.000000  1.578829  0.000000  0.962036  0.959317  0.072285
1502  0.000000  1.578743  0.000000  0.961804  0.959083  0.072295
1503  0.000000  1.578657  0.000000  0.961571  0.958849  0.072305
1504  0.000000  1.578571  0.000000  0.961339  0.958615  0.072315
1505  0.000000  1.578484  0.000000  0.961106  0.958381  0.072324
1506  0.000000  1.578398  0.000000  0.960873  0.958147  0.072334
1507  0.000000  1.578312  0.000000  0.960640  0.957912  0.072344
1508  0.000000  1.578225  0.000000  0.960407  0.957678  0.072354
1509  0.000000  1.578139  0.000000  0.960174  0.957443  0.072364
1510  0.000000  1.578052  0.000000  0.959941  0.957209  0.072373
1511  0.000000  1.577966  0.000000  0.959708  0.956974  0.072383
1512  0.000000  1.577879  0.000000  0.959474  0.956739  0.072393
1513  0.000000  1.577792  0.000000  0.959241  0.956504  0.072403
1514  0.000000  1.577705  0.000000  0.959007  0.956269  0.072412
1515  0.000000  1.577618  0.000000  0.958773  0.956034  0.072422
1516  0.000000  1.577531  0.000000  0.958540  0.955799  0.072432
1517  0.000000  1.577444  0.000000  0.958306  0.955564  0.072442
1518  0.000000  1.577357  0.000000  0.958072  0.955328  0.072451
1519  0.000000  1.577270  0.000000  0.957838  0.955093  0.072461
1520  0.000000  1.577182  0.000000  0.957604  0.954857  0.072471
1521  0.000000  1.577095  0.000000  0.957369  0.954622  0.072481
1522  0.000000  1.577008  0.000000  0.957135  0.954386  0.072490
1523  0.000000  1.576920  0.000000  0.956900  0.954150  0.072500
1524  0.000000  1.576832  0.000000  0.956666  0.953914  0.072510
1525  0.000000  1.576745  0.000000  0.956431  0.953678  0.072520
1526  0.000000  1.576657  0.000000  0.956197  0.953442  0.072529
1527  0.000000  1.576569  0.000000  0.955962  0.953206  0.072539
1528  0.000000  1.576481  0.000000  0.955727  0.952969  0.072549
1529  0.000000  1.576393  0.000000  0.955492  0.952733  0.072558
1530  0.000000  1.576305  0.000000  0.955257  0.952496  0.072568
1531  0.000000  1.576217  0.000000  0.955021  0.952260  0.072578
1532  0.000000  1.576129  0.000000  0.954786  0.952023  0.072587
1533  0.000000  1.576041  0.000000  0.954551  0.951786  0.072597
1534  0.000000  1.575952  0.000000  0.954315  0.951549  0.072607
1535  0.000000  1.575864  0.000000  0.954080  0.951312  0.072616
1536  0.000000  1.575775  0.000000  0.953844  0.951075  0.072626
1537  0.000000  1.575687  0.000000  0.953608  0.950838  0.072636
1538  0.000000  1.575598  0.000000  0.953372  0.950600  0.072645
1539  0.000000  1.575509  0.000000  0.953136  0.950363  0.072655
1540  0.000000  1.575421  0.000000  0.952900  0.950126  0.072664
1541  0.000000  1.575332  0.000000  0.952664  0.949888  0.072674
1542  0.000000  1.575243  0.000000  0.952428  0.949650  0.072684
1543  0.000000  1.575154  0.000000  0.952191  0.949413  0.072693
1544  0.000000  1.575065  0.000000  0.951955  0.949175  0.072703
1545  0.000000  1.574976  0.000000  0.951718  0.948937  0.072713
1546  0.000000  1.574886  0.000000  0.951482  0.948699  0.072722
1547  0.000000  1.574797  0.000000  0.951245  0.948460  0.072732
1548  0.000000  1.574708  0.000000  0.951008  0.948222  0.072741
1549  0.000000  1.574618  0.000000  0.950771  0.947984  0.072751
1550  0.000000  1.574529  0.000000  0.950534  0.947745  0.072760
1551  0.000000  1.574439  0.000000  0.950297  0.947507  0.072770
1552  0.000000  1.574349  0.000000  0.950060  0.947268  0.072780
1553  0.000000  1.574260  0.000000  0.949823  0.947030  0.072789
1554  0.000000  1.574170  0.000000  0.949585  0.946791  0.072799
1555  0.000000  1.574080  0.000000  0.949348  0.946552  0.072808
1556  0.000000  1.573990  0.000000  0.949110  0.946313  0.072818
1557  0.000000  1.573900  0.000000  0.948873  0.946074  0.072827
1558  0.000000  1.573810  0.000000  0.948635  0.945835  0.072837
1559  0.000000  1.573719  0.000000  0.948397  0.945595  0.072846
1560  0.000000  1.573629  0.000000  0.948159  0.945356  0.072856
1561  0.000000  1.573539  0.000000  0.947921  0.945116  0.072865
1562  0.000000  1.573448  0.000000  0.947683  0.944877  0.072875
1563  0.000000  1.573358  0.000000  0.947445  0.944637  0.072884
1564  0.000000  1.573267  0.000000  0.947206  0.944398  0.072894
1565  0.000000  1.573177  0.000000  0.946968  0.944158  0.072903
1566  0.000000  1.573086  0.000000  0.946730  0.943918  0.072913
1567  0.000000  1.572995  0.000000  0.946491  0.943678  0.072922
1568  0.000000  1.572904  0.000000  0.946252  0.943438  0.072932
1569  0.000000  1.572813  0.000000  0.946014  0.943197  0.072941
1570  0.000000  1.572722  0.000000  0.945775  0.942957  0.072950
1571  0.000000  1.572631  0.000000  0.945536  0.942717  0.072960
1572  0.000000  1.572540  0.000000  0.945297  0.942476  0.072969
1573  0.000000  1.572449  0.000000  0.945058  0.942236  0.072979
1574  0.000000  1.572357  0.000000  0.944818  0.941995  0.072988
1575  0.000000  1.572266  0.000000  0.944579  0.941754  0.072998
1576  0.000000  1.572174  0.000000  0.944340  0.941513  0.073007
1577  0.000000  1.572083  0.000000  0.944100  0.941273  0.073016
1578  0.000000  1.571991  0.000000  0.943861  0.941032  0.073026
1579  0.000000  1.571900  0.000000  0.943621  0.940790  0.073035
1580  0.000000  1.571808  0.000000  0.943381  0.940549  0.073045
1581  0.000000  1.571716  0.000000  0.943141  0.940308  0.073054
1582  0.000000  1.571624  0.000000  0.942902  0.940067  0.073063
1583  0.000000  1.571532  0.000000  0.942662  0.939825  0.073073
1584  0.000000  1.571440  0.000000  0.942421  0.939583  0.073082
1585  0.000000  1.571348  0.000000  0.942181  0.939342  0.073091
1586  0.000000  1.571255  0.000000  0.941941  0.939100  0.073101
1587  0.000000  1.571163  0.000000  0.941701  0.938858  0.073110
1588  0.000000  1.571071  0.000000  0.941460  0.938616  0.073119
1589  0.000000  1.570978  0.000000  0.941220  0.938374  0.073129
1590  0.000000  1.570886  0.000000  0.940979  0.938132  0.073138
1591  0.000000  1.570793  0.000000  0.940738  0.937890  0.073147
1592  0.000000  1.570700  0.000000  0.940497  0.937648  0.073157
1593  0.000000  1.570608  0.000000  0.940256  0.937405  0.073166
1594  0.000000  1.570515  0.000000  0.940015  0.937163  0.073175
1595  0.000000  1.570422  0.000000  0.939774  0.936920  0.073184
1596  0.000000  1.570329  0.000000  0.939533  0.936678  0.073194
1597  0.000000  1.570236  0.000000  0.939292  0.936435  0.073203
1598  0.000000  1.570143  0.000000  0.939050  0.936192  0.073212
1599  0.000000  1.570049  0.000000  0.938809  0.935949  0.073222
1600  0.000000  1.569956  0.000000  0.938568  0.935706  0.073231
1601  0.000000  1.569863  0.000000  0.938326  0.935463  0.073240
1602  0.000000  1.569769  0.000000  0.938084  0.935220  0.073249
1603  0.000000  1.569676  0.000000  0.937842  0.934977  0.073258
1604  0.000000  1.569582  0.000000  0.937601  0.934733  0.073268
1605  0.000000  1.569488  0.000000  0.937359  0.934490  0.073277
1606  0.000000  1.569395  0.000000  0.937116  0.934246  0.073286
1607  0.000000  1.569301  0.000000  0.936874  0.934003  0.073295
1608  0.000000  1.569207  0.000000  0.936632  0.933759  0.073305
1609  0.000000  1.569113  0.000000  0.936390  0.933515  0.073314
1610  0.000000  1.569019  0.000000  0.936147  0.933271  0.073323
1611  0.000000  1.568925  0.000000  0.935905  0.933028  0.073332
1612  0.000000  1.568830  0.000000  0.935662  0.932783  0.073341
1613  0.000000  1.568736  0.000000  0.935420  0.932539  0.073350
1614  0.000000  1.568642  0.000000  0.935177  0.932295  0.073360
1615  0.000000  1.568547  0.000000  0.934934  0.932051  0.073369
1616  0.000000  1.568453  0.000000  0.934691  0.931806  0.073378
1617  0.000000  1.568358  0.000000  0.934448  0.931562  0.073387
1618  0.000000  1.568264  0.000000  0.934205  0.931317  0.073396
1619  0.000000  1.568169  0.000000  0.933962  0.931073  0.073405
1620  0.000000  1.568074  0.000000  0.933719  0.930828  0.073414
1621  0.000000  1.567979  0.000000  0.933475  0.930583  0.073423
1622  0.000000  1.567884  0.000000  0.933232  0.930338  0.073433
1623  0.000000  1.567789  0.000000  0.932988  0.930093  0.073442
1624  0.000000  1.567694  0.000000  0.932745  0.929848  0.073451
1625  0.000000  1.567599  0.000000  0.932501  0.929603  0.073460
1626  0.000000  1.567503  0.000000  0.932257  0.929358  0.073469
1627  0.000000  1.567408  0.000000  0.932013  0.929112  0.073478
1628  0.000000  1.567312  0.000000  0.931769  0.928867  0.073487
1629  0.000000  1.567217  0.000000  0.931525  0.928621  0.073496
1630  0.000000  1.567121  0.000000  0.931281  0.928376  0.073505
1631  0.000000  1.567026  0.000000  0.931037  0.928130  0.073514
1632  0.000000  1.566930  0.000000  0.930793  0.927884  0.073523
1633  0.000000  1.566834  0.000000  0.930548  0.927639  0.073532
1634  0.000000  1.566738  0.000000  0.930304  0.927393  0.073541
1635  0.000000  1.566642  0.000000  0.930059  0.927147  0.073550
1636  0.000000  1.566546  0.000000  0.929815  0.926900  0.073559
1637  0.000000  1.566450  0.000000  0.929570  0.926654  0.073568
1638  0.000000  1.566354  0.000000  0.929325  0.926408  0.073577
1639  0.000000  1.566257  0.000000  0.929080  0.926162  0.073586
1640  0.000000  1.566161  0.000000  0.928835  0.925915  0.073595
1641  0.000000  1.566064  0.000000  0.928590  0.925669  0.073604
1642  0.000000  1.565968  0.000000  0.928345  0.925422  0.073613
1643  0.000000  1.565871  0.000000  0.928100  0.925175  0.073622
1644  0.000000  1.565775  0.000000  0.927855  0.924928  0.073631
1645  0.000000  1.565678  0.000000  0.927609  0.924682  0.073640
1646  0.000000  1.565581  0.000000  0.927364  0.924435  0.073649
1647  0.000000  1.565484  0.000000  0.927118  0.924188  0.073658
1648  0.000000  1.565387  0.000000  0.926873  0.923941  0.073667
1649  0.000000  1.565290  0.000000  0.926627  0.923693  0.073676
1650  0.000000  1.565193  0.000000  0.926381  0.923446  0.073684
1651  0.000000  1.565096  0.000000  0.926135  0.923199  0.073693
1652  0.000000  1.564998  0.000000  0.925889  0.922951  0.073702
1653  0.000000  1.564901  0.000000  0.925643  0.922704  0.073711
1654  0.000000  1.564803  0.000000  0.925397  0.922456  0.073720
1655  0.000000  1.564706  0.000000  0.925151  0.922208  0.073729
1656  0.000000  1.564608  0.000000  0.924905  0.921961  0.073738
1657  0.000000  1.564511  0.000000  0.924658  0.921713  0.073747
1658  0.000000  1.564413  0.000000  0.924412  0.921465  0.073755
1659  0.000000  1.564315  0.000000  0.924165  0.921217  0.073764
1660  0.000000  1.564217  0.000000  0.923919  0.920969  0.073773
1661  0.000000  1.564119  0.000000  0.923672  0.920720  0.073782
1662  0.000000  1.564021  0.000000  0.923425  0.920472  0.073791
1663  0.000000  1.563923  0.000000  0.923178  0.920224  0.073799
1664  0.000000  1.563824  0.000000  0.922931  0.919975  0.073808
1665  0.000000  1.563726  0.000000  0.922684  0.919727  0.073817
1666  0.000000  1.563628  0.000000  0.922437  0.919478  0.073826
1667  0.000000  1.563529  0.000000  0.922190  0.919230  0.073835
1668  0.000000  1.563431  0.000000  0.921943  0.918981  0.073843
1669  0.000000  1.563332  0.000000  0.921695  0.918732  0.073852
1670  0.000000  1.563233  0.000000  0.921448  0.918483  0.073861
1671  0.000000  1.563134  0.000000  0.921200  0.918234  0.073870
1672  0.000000  1.563035  0.000000  0.920953  0.917985  0.073878
1673  0.000000  1.562936  0.000000  0.920705  0.917736  0.073887
1674  0.000000  1.562837  0.000000  0.920457  0.917486  0.073896
1675  0.000000  1.562738  0.000000  0.920210  0.917237  0.073904
1676  0.000000  1.562639  0.000000  0.919962  0.916988  0.073913
1677  0.000000  1.562540  0.000000  0.919714  0.916738  0.073922
1678  0.000000  1.562440  0.000000  0.919466  0.916489  0.073931
1679  0.000000  1.562341  0.000000  0.919218  0.916239  0.073939
1680  0.000000  1.562242  0.000000  0.918969  0.915989  0.073948
1681  0.000000  1.562142  0.000000  0.918721  0.915739  0.073957
1682  0.000000  1.562042  0.000000  0.918473  0.915490  0.073965
1683  0.000000  1.561942  0.000000  0.918224  0.915240  0.073974
1684  0.000000  1.561843  0.000000  0.917976  0.914989  0.073982
1685  0.000000  1.561743  0.000000  0.917727  0.914739  0.073991
1686  0.000000  1.561643  0.000000  0.917478  0.914489  0.074000
1687  0.000000  1.561543  0.000000  0.917229  0.914239  0.074008
1688  0.000000  1.561443  0.000000  0.916981  0.913988  0.074017
1689  0.000000  1.561342  0.000000  0.916732  0.913738  0.074026
1690  0.000000  1.561242  0.000000  0.916483  0.913487  0.074034
1691  0.000000  1.561142  0.000000  0.916234  0.913237  0.074043
1692  0.000000  1.561041  0.000000  0.915984  0.912986  0.074051
1693  0.000000  1.560941  0.000000  0.915735  0.912735  0.074060
1694  0.000000  1.560840  0.000000  0.915486  0.912485  0.074068
1695  0.000000  1.560739  0.000000  0.915236  0.912234  0.074077
1696  0.000000  1.560638  0.000000  0.914987  0.911983  0.074086
1697  0.000000  1.560538  0.000000  0.914737  0.911732  0.074094
1698  0.000000  1.560437  0.000000  0.914488  0.911480  0.074103
1699  0.000000  1.560336  0.000000  0.914238  0.911229  0.074111
1700  0.000000  1.560234  0.000000  0.913988  0.910978  0.074120
1701  0.000000  1.560133  0.000000  0.913738  0.910726  0.074128
1702  0.000000  1.560032  0.000000  0.913488  0.910475  0.074137
1703  0.000000  1.559931  0.000000  0.913238  0.910223  0.074145
1704  0.000000  1.559829  0.000000  0.912988  0.909972  0.074154
1705  0.000000  1.559728  0.000000  0.912738  0.909720  0.074162
1706  0.000000  1.559626  0.000000  0.912488  0.909468  0.074171
1707  0.000000  1.559524  0.000000  0.912237  0.909216  0.074179
1708  0.000000  1.559423  0.000000  0.911987  0.908965  0.074187
1709  0.000000  1.559321  0.000000  0.911737  0.908713  0.074196
1710  0.000000  1.559219  0.000000  0.911486  0.908460  0.074204
1711  0.000000  1.559117  0.000000  0.911235  0.908208  0.074213
1712  0.000000  1.559015  0.000000  0.910985  0.907956  0.074221
1713  0.000000  1.558913  0.000000  0.910734  0.907704  0.074230
1714  0.000000  1.558811  0.000000  0.910483  0.907451  0.074238
1715  0.000000  1.558708  0.000000  0.910232  0.907199  0.074246
1716  0.000000  1.558606  0.000000  0.909981  0.906946  0.074255
1717  0.000000  1.558503  0.000000  0.909730  0.906694  0.074263
1718  0.000000  1.558401  0.000000  0.909479  0.906441  0.074272
1719  0.000000  1.558298  0.000000  0.909227  0.906188  0.074280
1720  0.000000  1.558195  0.000000  0.908976  0.905935  0.074288
1721  0.000000  1.558093  0.000000  0.908725  0.905682  0.074297
1722  0.000000  1.557990  0.000000  0.908473  0.905429  0.074305
1723  0.000000  1.557887  0.000000  0.908222  0.905176  0.074313
1724  0.000000  1.557784  0.000000  0.907970  0.904923  0.074322
1725  0.000000  1.557681  0.000000  0.907718  0.904670  0.074330
1726  0.000000  1.557578  0.000000  0.907467  0.904417  0.074338
1727  0.000000  1.557474  0.000000  0.907215  0.904163  0.074346
1728  0.000000  1.557371  0.000000  0.906963  0.903910  0.074355
1729  0.000000  1.557267  0.000000  0.906711  0.903656  0.074363
1730  0.000000  1.557164  0.000000  0.906459  0.903403  0.074371
1731  0.000000  1.557060  0.000000  0.906207  0.903149  0.074380
1732  0.000000  1.556957  0.000000  0.905954  0.902895  0.074388
1733  0.000000  1.556853  0.000000  0.905702  0.902641  0.074396
1734  0.000000  1.556749  0.000000  0.905450  0.902387  0.074404
1735  0.000000  1.556645  0.000000  0.905197  0.902133  0.074412
1736  0.000000  1.556541  0.000000  0.904945  0.901879  0.074421
1737  0.000000  1.556437  0.000000  0.904692  0.901625  0.074429
1738  0.000000  1.556333  0.000000  0.904439  0.901371  0.074437
1739  0.000000  1.556229  0.000000  0.904187  0.901117  0.074445
1740  0.000000  1.556124  0.000000  0.903934  0.900862  0.074453
1741  0.000000  1.556020  0.000000  0.903681  0.900608  0.074462
1742  0.000000  1.555915  0.000000  0.903428  0.900354  0.074470
1743  0.000000  1.555811  0.000000  0.903175  0.900099  0.074478
1744  0.000000  1.555706  0.000000  0.902922  0.899844  0.074486
1745  0.000000  1.555601  0.000000  0.902669  0.899590  0.074494
1746  0.000000  1.555497  0.000000  0.902416  0.899335  0.074502
1747  0.000000  1.555392  0.000000  0.902162  0.899080  0.074510
1748  0.000000  1.555287  0.000000  0.901909  0.898825  0.074519
1749  0.000000  1.555182  0.000000  0.901655  0.898570  0.074527
1750  0.000000  1.555076  0.000000  0.901402  0.898315  0.074535
1751  0.000000  1.554971  0.000000  0.901148  0.898060  0.074543
1752  0.000000  1.554866  0.000000  0.900895  0.897805  0.074551
1753  0.000000  1.554761  0.000000  0.900641  0.897549  0.074559
1754  0.000000  1.554655  0.000000  0.900387  0.897294  0.074567
1755  0.000000  1.554549  0.000000  0.900133  0.897038  0.074575
1756  0.000000  1.554444  0.000000  0.899879  0.896783  0.074583
1757  0.000000  1.554338  0.000000  0.899625  0.896527  0.074591
1758  0.000000  1.554232  0.000000  0.899371  0.896272  0.074599
1759  0.000000  1.554126  0.000000  0.899117  0.896016  0.074607
1760  0.000000  1.554020  0.000000  0.898863  0.895760  0.074615
1761  0.000000  1.553914  0.000000  0.898608  0.895504  0.074623
1762  0.000000  1.553808  0.000000  0.898354  0.895248  0.074631
1763  0.000000  1.553702  0.000000  0.898099  0.894992  0.074639
1764  0.000000  1.553596  0.000000  0.897845  0.894736  0.074647
1765  0.000000  1.553489  0.000000  0.897590  0.894480  0.074655
1766  0.000000  1.553383  0.000000  0.897335  0.894224  0.074663
1767  0.000000  1.553276  0.000000  0.897081  0.893968  0.074671
1768  0.000000  1.553170  0.000000  0.896826  0.893711  0.074679
1769  0.000000  1.553063  0.000000  0.896571  0.893455  0.074687
1770  0.000000  1.552956  0.000000  0.896316  0.893198  0.074695
1771  0.000000  1.552849  0.000000  0.896061  0.892942  0.074703
1772  0.000000  1.552742  0.000000  0.895806  0.892685  0.074711
1773  0.000000  1.552635  0.000000  0.895551  0.892428  0.074719
1774  0.000000  1.552528  0.000000  0.895296  0.892172  0.074726
1775  0.000000  1.552421  0.000000  0.895040  0.891915  0.074734
1776  0.000000  1.552314  0.000000  0.894785  0.891658  0.074742
1777  0.000000  1.552206  0.000000  0.894529  0.891401  0.074750
1778  0.000000  1.552099  0.000000  0.894274  0.891144  0.074758
1779  0.000000  1.551991  0.000000  0.894018  0.890887  0.074766
1780  0.000000  1.551884  0.000000  0.893763  0.890629  0.074774
1781  0.000000  1.551776  0.000000  0.893507  0.890372  0.074781
1782  0.000000  1.551668  0.000000  0.893251  0.890115  0.074789
1783  0.000000  1.551560  0.000000  0.892995  0.889857  0.074797
1784  0.000000  1.551453  0.000000  0.892739  0.889600  0.074805
1785  0.000000  1.551344  0.000000  0.892483  0.889342  0.074813
1786  0.000000  1.551236  0.000000  0.892227  0.889085  0.074820
1787  0.000000  1.551128  0.000000  0.891971  0.888827  0.074828
1788  0.000000  1.551020  0.000000  0.891715  0.888569  0.074836
1789  0.000000  1.550912  0.000000  0.891459  0.888311  0.074844
1790  0.000000  1.550803  0.000000  0.891202  0.888053  0.074851
1791  0.000000  1.550695  0.000000  0.890946  0.887795  0.074859
1792  0.000000  1.550586  0.000000  0.890689  0.887537  0.074867
1793  0.000000  1.550477  0.000000  0.890433  0.887279  0.074875
1794  0.000000  1.550368  0.000000  0.890176  0.887021  0.074882
1795  0.000000  1.550260  0.000000  0.889920  0.886763  0.074890
1796  0.000000  1.550151  0.000000  0.889663  0.886505  0.074898
1797  0.000000  1.550042  0.000000  0.889406  0.886246  0.074905
1798  0.000000  1.549932  0.000000  0.889149  0.885988  0.074913
1799  0.000000  1.549823  0.000000  0.888892  0.885729  0.074921
1800  0.000000  1.549714  0.000000  0.888635  0.885471  0.074928
1801  0.000000  1.549605  0.000000  0.888378  0.885212  0.074936
1802  0.000000  1.549495  0.000000  0.888121  0.884953  0.074944
1803  0.000000  1.549386  0.000000  0.887864  0.884695  0.074951
1804  0.000000  1.549276  0.000000  0.887607  0.884436  0.074959
1805  0.000000  1.549166  0.000000  0.887349  0.884177  0.074966
1806  0.000000  1.549057  0.000000  0.887092  0.883918  0.074974
1807  0.000000  1.548947  0.000000  0.886834  0.883659  0.074982
1808  0.000000  1.548837  0.000000  0.886577  0.883400  0.074989
1809  0.000000  1.548727  0.000000  0.886319  0.883141  0.074997
1810  0.000000  1.548617  0.000000  0.886062  0.882881  0.075004
1811  0.000000  1.548506  0.000000  0.885804  0.882622  0.075012
1812  0.000000  1.548396  0.000000  0.885546  0.882363  0.075019
1813  0.000000  1.548286  0.000000  0.885288  0.882103  0.075027
1814  0.000000  1.548175  0.000000  0.885030  0.881844  0.075034
1815  0.000000  1.548065  0.000000  0.884772  0.881584  0.075042
1816  0.000000  1.547954  0.000000  0.884514  0.881324  0.075049
1817  0.000000  1.547843  0.000000  0.884256  0.881065  0.075057
1818  0.000000  1.547733  0.000000  0.883998  0.880805  0.075064
1819  0.000000  1.547622  0.000000  0.883740  0.880545  0.075072
1820  0.000000  1.547511  0.000000  0.883481  0.880285  0.075079
1821  0.000000  1.547400  0.000000  0.883223  0.880025  0.075087
1822  0.000000  1.547289  0.000000  0.882964  0.879765  0.075094
1823  0.000000  1.547177  0.000000  0.882706  0.879505  0.075102
1824  0.000000  1.547066  0.000000  0.882447  0.879245  0.075109
1825  0.000000  1.546955  0.000000  0.882189  0.878985  0.075116
1826  0.000000  1.546843  0.000000  0.881930  0.878724  0.075124
1827  0.000000  1.546732  0.000000  0.881671  0.878464  0.075131
1828  0.000000  1.546620  0.000000  0.881412  0.878204  0.075139
1829  0.000000  1.546508  0.000000  0.881153  0.877943  0.075146
1830  0.000000  1.546396  0.000000  0.880894  0.877683  0.075153
1831  0.000000  1.546285  0.000000  0.880635  0.877422  0.075161
1832  0.000000  1.546173  0.000000  0.880376  0.877161  0.075168
1833  0.000000  1.546060  0.000000  0.880117  0.876901  0.075175
1834  0.000000  1.545948  0.000000  0.879858  0.876640  0.075183
1835  0.000000  1.545836  0.000000  0.879599  0.876379  0.075190
1836  0.000000  1.545724  0.000000  0.879339  0.876118  0.075197
1837  0.000000  1.545611  0.000000  0.879080  0.875857  0.075205
1838  0.000000  1.545499  0.000000  0.878820  0.875596  0.075212
1839  0.000000  1.545386  0.000000  0.878561  0.875335  0.075219
1840  0.000000  1.545274  0.000000  0.878301  0.875074  0.075227
1841  0.000000  1.545161  0.000000  0.878042  0.874812  0.075234
1842  0.000000  1.545048  0.000000  0.877782  0.874551  0.075241
1843  0.000000  1.544935  0.000000  0.877522  0.874290  0.075248
1844  0.000000  1.544822  0.000000  0.877262  0.874028  0.075256
1845  0.000000  1.544709  0.000000  0.877002  0.873767  0.075263
1846  0.000000  1.544596  0.000000  0.876742  0.873505  0.075270
1847  0.000000  1.544483  0.000000  0.876482  0.873244  0.075277
1848  0.000000  1.544369  0.000000  0.876222  0.872982  0.075284
1849  0.000000  1.544256  0.000000  0.875962  0.872720  0.075292
1850  0.000000  1.544142  0.000000  0.875702  0.872458  0.075299
1851  0.000000  1.544029  0.000000  0.875442  0.872197  0.075306
1852  0.000000  1.543915  0.000000  0.875181  0.871935  0.075313
1853  0.000000  1.543801  0.000000  0.874921  0.871673  0.075320
1854  0.000000  1.543687  0.000000  0.874660  0.871411  0.075327
1855  0.000000  1.543573  0.000000  0.874400  0.871149  0.075334
1856  0.000000  1.543459  0.000000  0.874139  0.870886  0.075342
1857  0.000000  1.543345  0.000000  0.873879  0.870624  0.075349
1858  0.000000  1.543231  0.000000  0.873618  0.870362  0.075356
1859  0.000000  1.543117  0.000000  0.873357  0.870099  0.075363
1860  0.000000  1.543002  0.000000  0.873096  0.869837  0.075370
1861  0.000000  1.542888  0.000000  0.872835  0.869575  0.075377
1862  0.000000  1.542773  0.000000  0.872574  0.869312  0.075384
1863  0.000000  1.542659  0.000000  0.872313  0.869049  0.075391
1864  0.000000  1.542544  0.000000  0.872052  0.868787  0.075398
1865  0.000000  1.542429  0.000000  0.871791  0.868524  0.075405
1866  0.000000  1.542314  0.000000  0.871530  0.868261  0.075412
1867  0.000000  1.542199  0.000000  0.871269  0.867998  0.075419
1868  0.000000  1.542084  0.000000  0.871007  0.867736  0.075426
1869  0.000000  1.541969  0.000000  0.870746  0.867473  0.075433
1870  0.000000  1.541854  0.000000  0.870485  0.867210  0.075440
1871  0.000000  1.541739  0.000000  0.870223  0.866946  0.075447
1872  0.000000  1.541623  0.000000  0.869962  0.866683  0.075454
1873  0.000000  1.541508  0.000000  0.869700  0.866420  0.075461
1874  0.000000  1.541392  0.000000  0.869438  0.866157  0.075468
1875  0.000000  1.541276  0.000000  0.869177  0.865894  0.075475
1876  0.000000  1.541161  0.000000  0.868915  0.865630  0.075482
1877  0.000000  1.541045  0.000000  0.868653  0.865367  0.075489
1878  0.000000  1.540929  0.000000  0.868391  0.865103  0.075496
1879  0.000000  1.540813  0.000000  0.868129  0.864840  0.075502
1880  0.000000  1.540697  0.000000  0.867867  0.864576  0.075509
1881  0.000000  1.540581  0.000000  0.867605  0.864312  0.075516
1882  0.000000  1.540464  0.000000  0.867343  0.864049  0.075523
1883  0.000000  1.540348  0.000000  0.867081  0.863785  0.075530
1884  0.000000  1.540231  0.000000  0.866818  0.863521  0.075537
1885  0.000000  1.540115  0.000000  0.866556  0.863257  0.075544
1886  0.000000  1.539998  0.000000  0.866294  0.862993  0.075550
1887  0.000000  1.539882  0.000000  0.866031  0.862729  0.075557
1888  0.000000  1.539765  0.000000  0.865769  0.862465  0.075564
1889  0.000000  1.539648  0.000000  0.865506  0.862201  0.075571
1890  0.000000  1.539531  0.000000  0.865244  0.861937  0.075578
1891  0.000000  1.539414  0.000000  0.864981  0.861672  0.075584
1892  0.000000  1.539297  0.000000  0.864718  0.861408  0.075591
1893  0.000000  1.539179  0.000000  0.864456  0.861144  0.075598
1894  0.000000  1.539062  0.000000  0.864193  0.860879  0.075605
1895  0.000000  1.538945  0.000000  0.863930  0.860615  0.075611
1896  0.000000  1.538827  0.000000  0.863667  0.860350  0.075618
1897  0.000000  1.538710  0.000000  0.863404  0.860086  0.075625
1898  0.000000  1.538592  0.000000  0.863141  0.859821  0.075631
1899  0.000000  1.538474  0.000000  0.862878  0.859556  0.075638
1900  0.000000  1.538356  0.000000  0.862615  0.859292  0.075645
1901  0.000000  1.538238  0.000000  0.862351  0.859027  0.075651
1902  0.000000  1.538120  0.000000  0.862088  0.858762  0.075658
1903  0.000000  1.538002  0.000000  0.861825  0.858497  0.075665
1904  0.000000  1.537884  0.000000  0.861561  0.858232  0.075671
1905  0.000000  1.537766  0.000000  0.861298  0.857967  0.075678
1906  0.000000  1.537647  0.000000  0.861035  0.857702  0.075685
1907  0.000000  1.537529  0.000000  0.860771  0.857437  0.075691
1908  0.000000  1.537410  0.000000  0.860507  0.857171  0.075698
1909  0.000000  1.537292  0.000000  0.860244  0.856906  0.075704
1910  0.000000  1.537173  0.000000  0.859980  0.856641  0.075711
1911  0.000000  1.537054  0.000000  0.859716  0.856375  0.075718
1912  0.000000  1.536935  0.000000  0.859452  0.856110  0.075724
1913  0.000000  1.536816  0.000000  0.859188  0.855844  0.075731
1914  0.000000  1.536697  0.000000  0.858925  0.855579  0.075737
1915  0.000000  1.536578  0.000000  0.858661  0.855313  0.075744
1916  0.000000  1.536459  0.000000  0.858397  0.855048  0.075750
1917  0.000000  1.536339  0.000000  0.858132  0.854782  0.075757
1918  0.000000  1.536220  0.000000  0.857868  0.854516  0.075763
1919  0.000000  1.536100  0.000000  0.857604  0.854250  0.075770
1920  0.000000  1.535981  0.000000  0.857340  0.853984  0.075776
1921  0.000000  1.535861  0.000000  0.857075  0.853719  0.075783
1922  0.000000  1.535741  0.000000  0.856811  0.853453  0.075789
1923  0.000000  1.535621  0.000000  0.856547  0.853186  0.075795
1924  0.000000  1.535501  0.000000  0.856282  0.852920  0.075802
1925  0.000000  1.535381  0.000000  0.856018  0.852654  0.075808
1926  0.000000  1.535261  0.000000  0.855753  0.852388  0.075815
1927  0.000000  1.535141  0.000000  0.855488  0.852122  0.075821
1928  0.000000  1.535021  0.000000  0.855224  0.851855  0.075827
1929  0.000000  1.534900  0.000000  0.854959  0.851589  0.075834
1930  0.000000  1.534780  0.000000  0.854694  0.851323  0.075840
1931  0.000000  1.534659  0.000000  0.854429  0.851056  0.075847
1932  0.000000  1.534538  0.000000  0.854164  0.850790  0.075853
1933  0.000000  1.534418  0.000000  0.853899  0.850523  0.075859
1934  0.000000  1.534297  0.000000  0.853634  0.850256  0.075866
1935  0.000000  1.534176  0.000000  0.853369  0.849990  0.075872
1936  0.000000  1.534055  0.000000  0.853104  0.849723  0.075878
1937  0.000000  1.533934  0.000000  0.852839  0.849456  0.075884
1938  0.000000  1.533812  0.000000  0.852574  0.849189  0.075891
1939  0.000000  1.533691  0.000000  0.852309  0.848923  0.075897
1940  0.000000  1.533570  0.000000  0.852043  0.848656  0.075903
1941  0.000000  1.533448  0.000000  0.851778  0.848389  0.075910
1942  0.000000  1.533327  0.000000  0.851512  0.848122  0.075916
1943  0.000000  1.533205  0.000000  0.851247  0.847854  0.075922
1944  0.000000  1.533083  0.000000  0.850981  0.847587  0.075928
1945  0.000000  1.532961  0.000000  0.850716  0.847320  0.075934
1946  0.000000  1.532839  0.000000  0.850450  0.847053  0.075941
1947  0.000000  1.532717  0.000000  0.850184  0.846786  0.075947
1948  0.000000  1.532595  0.000000  0.849919  0.846518  0.075953
1949  0.000000  1.532473  0.000000  0.849653  0.846251  0.075959
1950  0.000000  1.532351  0.000000  0.849387  0.845983  0.075965
1951  0.000000  1.532228  0.000000  0.849121  0.845716  0.075971
1952  0.000000  1.532106  0.000000  0.848855  0.845448  0.075978
1953  0.000000  1.531983  0.000000  0.848589  0.845181  0.075984
1954  0.000000  1.531861  0.000000  0.848323  0.844913  0.075990
1955  0.000000  1.531738  0.000000  0.848057  0.844645  0.075996
1956  0.000000  1.531615  0.000000  0.847791  0.844377  0.076002
1957  0.000000  1.531492  0.000000  0.847525  0.844110  0.076008
1958  0.000000  1.531369  0.000000  0.847259  0.843842  0.076014
1959  0.000000  1.531246  0.000000  0.846992  0.843574  0.076020
1960  0.000000  1.531123  0.000000  0.846726  0.843306  0.076026
1961  0.000000  1.530999  0.000000  0.846459  0.843038  0.076032
1962  0.000000  1.530876  0.000000  0.846193  0.842770  0.076038
1963  0.000000  1.530753  0.000000  0.845927  0.842502  0.076044
1964  0.000000  1.530629  0.000000  0.845660  0.842233  0.076050
1965  0.000000  1.530505  0.000000  0.845393  0.841965  0.076056
1966  0.000000  1.530382  0.000000  0.845127  0.841697  0.076062
1967  0.000000  1.530258  0.000000  0.844860  0.841429  0.076068
1968  0.000000  1.530134  0.000000  0.844593  0.841160  0.076074
1969  0.000000  1.530010  0.000000  0.844327  0.840892  0.076080
1970  0.000000  1.529886  0.000000  0.844060  0.840623  0.076086
1971  0.000000  1.529762  0.000000  0.843793  0.840355  0.076092
1972  0.000000  1.529637  0.000000  0.843526  0.840086  0.076098
1973  0.000000  1.529513  0.000000  0.843259  0.839818  0.076104
1974  0.000000  1.529388  0.000000  0.842992  0.839549  0.076110
1975  0.000000  1.529264  0.000000  0.842725  0.839280  0.076116
1976  0.000000  1.529139  0.000000  0.842458  0.839012  0.076121
1977  0.000000  1.529015  0.000000  0.842190  0.838743  0.076127
1978  0.000000  1.528890  0.000000  0.841923  0.838474  0.076133
1979  0.000000  1.528765  0.000000  0.841656  0.838205  0.076139
1980  0.000000  1.528640  0.000000  0.841389  0.837936  0.076145
1981  0.000000  1.528515  0.000000  0.841121  0.837667  0.076151
1982  0.000000  1.528389  0.000000  0.840854  0.837398  0.076156
1983  0.000000  1.528264  0.000000  0.840586  0.837129  0.076162
1984  0.000000  1.528139  0.000000  0.840319  0.836860  0.076168
1985  0.000000  1.528013  0.000000  0.840051  0.836590  0.076174
1986  0.000000  1.527888  0.000000  0.839784  0.836321  0.076180
1987  0.000000  1.527762  0.000000  0.839516  0.836052  0.076185
1988  0.000000  1.527636  0.000000  0.839248  0.835783  0.076191
1989  0.000000  1.527511  0.000000  0.838981  0.835513  0.076197
1990  0.000000  1.527385  0.000000  0.838713  0.835244  0.076203
1991  0.000000  1.527259  0.000000  0.838445  0.834974  0.076208
1992  0.000000  1.527132  0.000000  0.838177  0.834705  0.076214
1993  0.000000  1.527006  0.000000  0.837909  0.834435  0.076220
1994  0.000000  1.526880  0.000000  0.837641  0.834166  0.076225
1995  0.000000  1.526754  0.000000  0.837373  0.833896  0.076231
1996  0.000000  1.526627  0.000000  0.837105  0.833626  0.076237
1997  0.000000  1.526501  0.000000  0.836837  0.833356  0.076242
1998  0.000000  1.526374  0.000000  0.836569  0.833087  0.076248
1999  0.000000  1.526247  0.000000  0.836300  0.832817  0.076254
2000  0.000000  1.526120  0.000000  0.836032  0.832547  0.076259
2001  0.000000  1.525993  0.000000  0.835764  0.832277  0.076265
2002  0.000000  1.525866  0.000000  0.835496  0.832007  0.076270
2003  0.000000  1.525739  0.000000  0.835227  0.831737  0.076276
2004  0.000000  1.525612  0.000000  0.834959  0.831467  0.076281
2005  0.000000  1.525485  0.000000  0.834690  0.831197  0.076287
2006  0.000000  1.525357  0.000000  0.834422  0.830927  0.076293
2007  0.000000  1.525230  0.000000  0.834153  0.830656  0.076298
2008  0.000000  1.525102  0.000000  0.833884  0.830386  0.076304
2009  0.000000  1.524974  0.000000  0.833616  0.830116  0.076309
2010  0.000000  1.524847  0.000000  0.833347  0.829845  0.076315
2011  0.000000  1.524719  0.000000  0.833078  0.829575  0.076320
2012  0.000000  1.524591  0.000000  0.832810  0.829305  0.076326
2013  0.000000  1.524463  0.000000  0.832541  0.829034  0.076331
2014  0.000000  1.524335  0.000000  0.832272  0.828764  0.076337
2015  0.000000  1.524206  0.000000  0.832003  0.828493  0.076342
2016  0.000000  1.524078  0.000000  0.831734  0.828222  0.076347
2017  0.000000  1.523950  0.000000  0.831465  0.827952  0.076353
2018  0.000000  1.523821  0.000000  0.831196  0.827681  0.076358
2019  0.000000  1.523693  0.000000  0.830927  0.827410  0.076364
2020  0.000000  1.523564  0.000000  0.830658  0.827139  0.076369
2021  0.000000  1.523435  0.000000  0.830388  0.826869  0.076374
2022  0.000000  1.523306  0.000000  0.830119  0.826598  0.076380
2023  0.000000  1.523177  0.000000  0.829850  0.826327  0.076385
2024  0.000000  1.523048  0.000000  0.829580  0.826056  0.076390
2025  0.000000  1.522919  0.000000  0.829311  0.825785  0.076396
2026  0.000000  1.522790  0.000000  0.829042  0.825514  0.076401
2027  0.000000  1.522660  0.000000  0.828772  0.825243  0.076406
2028  0.000000  1.522531  0.000000  0.828503  0.824972  0.076412
2029  0.000000  1.522401  0.000000  0.828233  0.824700  0.076417
2030  0.000000  1.522272  0.000000  0.827964  0.824429  0.076422
2031  0.000000  1.522142  0.000000  0.827694  0.824158  0.076428
2032  0.000000  1.522012  0.000000  0.827424  0.823887  0.076433
2033  0.000000  1.521882  0.000000  0.827155  0.823615  0.076438
2034  0.000000  1.521752  0.000000  0.826885  0.823344  0.076443
2035  0.000000  1.521622  0.000000  0.826615  0.823072  0.076448
2036  0.000000  1.521492  0.000000  0.826345  0.822801  0.076454
2037  0.000000  1.521362  0.000000  0.826075  0.822529  0.076459
2038  0.000000  1.521231  0.000000  0.825805  0.822258  0.076464
2039  0.000000  1.521101  0.000000  0.825535  0.821986  0.076469
2040  0.000000  1.520970  0.000000  0.825265  0.821714  0.076474
2041  0.000000  1.520840  0.000000  0.824995  0.821443  0.076480
2042  0.000000  1.520709  0.000000  0.824725  0.821171  0.076485
2043  0.000000  1.520578  0.000000  0.824455  0.820899  0.076490
2044  0.000000  1.520447  0.000000  0.824185  0.820627  0.076495
2045  0.000000  1.520316  0.000000  0.823915  0.820356  0.076500
2046  0.000000  1.520185  0.000000  0.823644  0.820084  0.076505
2047  0.000000  1.520054  0.000000  0.823374  0.819812  0.076510
2048  0.000000  1.519922  0.000000  0.823104  0.819540  0.076515
2049  0.000000  1.519791  0.000000  0.822833  0.819268  0.076520
2050  0.000000  1.519659  0.000000  0.822563  0.818996  0.076525
2051  0.000000  1.519528  0.000000  0.822293  0.818724  0.076530
2052  0.000000  1.519396  0.000000  0.822022  0.818451  0.076536
2053  0.000000  1.519264  0.000000  0.821752  0.818179  0.076541
2054  0.000000  1.519132  0.000000  0.821481  0.817907  0.076546
2055  0.000000  1.519001  0.000000  0.821210  0.817635  0.076551
2056  0.000000  1.518868  0.000000  0.820940  0.817362  0.076556
2057  0.000000  1.518736  0.000000  0.820669  0.817090  0.076560
2058  0.000000  1.518604  0.000000  0.820398  0.816818  0.076565
2059  0.000000  1.518472  0.000000  0.820127  0.816545  0.076570
2060  0.000000  1.518339  0.000000  0.819857  0.816273  0.076575
2061  0.000000  1.518207  0.000000  0.819586  0.816000  0.076580
2062  0.000000  1.518074  0.000000  0.819315  0.815728  0.076585
2063  0.000000  1.517941  0.000000  0.819044  0.815455  0.076590
2064  0.000000  1.517808  0.000000  0.818773  0.815182  0.076595
2065  0.000000  1.517675  0.000000  0.818502  0.814910  0.076600
2066  0.000000  1.517542  0.000000  0.818231  0.814637  0.076605
2067  0.000000  1.517409  0.000000  0.817960  0.814364  0.076610
2068  0.000000  1.517276  0.000000  0.817689  0.814092  0.076614
2069  0.000000  1.517143  0.000000  0.817418  0.813819  0.076619
2070  0.000000  1.517009  0.000000  0.817146  0.813546  0.076624
2071  0.000000  1.516876  0.000000  0.816875  0.813273  0.076629
2072  0.000000  1.516742  0.000000  0.816604  0.813000  0.076634
2073  0.000000  1.516609  0.000000  0.816332  0.812727  0.076638
2074  0.000000  1.516475  0.000000  0.816061  0.812454  0.076643
2075  0.000000  1.516341  0.000000  0.815790  0.812181  0.076648
2076  0.000000  1.516207  0.000000  0.815518  0.811908  0.076653
2077  0.000000  1.516073  0.000000  0.815247  0.811635  0.076658
2078  0.000000  1.515939  0.000000  0.814975  0.811362  0.076662
2079  0.000000  1.515804  0.000000  0.814704  0.811088  0.076667
2080  0.000000  1.515670  0.000000  0.814432  0.810815  0.076672
2081  0.000000  1.515536  0.000000  0.814161  0.810542  0.076676
2082  0.000000  1.515401  0.000000  0.813889  0.810269  0.076681
2083  0.000000  1.515266  0.000000  0.813617  0.809995  0.076686
2084  0.000000  1.515132  0.000000  0.813345  0.809722  0.076690
2085  0.000000  1.514997  0.000000  0.813074  0.809448  0.076695
2086  0.000000  1.514862  0.000000  0.812802  0.809175  0.076700
2087  0.000000  1.514727  0.000000  0.812530  0.808901  0.076704
2088  0.000000  1.514592  0.000000  0.812258  0.808628  0.076709
2089  0.000000  1.514456  0.000000  0.811986  0.808354  0.076714
2090  0.000000  1.514321  0.000000  0.811714  0.808081  0.076718
2091  0.000000  1.514186  0.000000  0.811442  0.807807  0.076723
2092  0.000000  1.514050  0.000000  0.811170  0.807533  0.076727
2093  0.000000  1.513915  0.000000  0.810898  0.807260  0.076732
2094  0.000000  1.513779  0.000000  0.810626  0.806986  0.076736
2095  0.000000  1.513643  0.000000  0.810354  0.806712  0.076741
2096  0.000000  1.513507  0.000000  0.810082  0.806438  0.076745
2097  0.000000  1.513371  0.000000  0.809810  0.806164  0.076750
2098  0.000000  1.513235  0.000000  0.809537  0.805890  0.076754
2099  0.000000  1.513099  0.000000  0.809265  0.805616  0.076759
2100  0.000000  1.512963  0.000000  0.808993  0.805343  0.076763
2101  0.000000  1.512826  0.000000  0.808720  0.805069  0.076768
2102  0.000000  1.512690  0.000000  0.808448  0.804794  0.076772
2103  0.000000  1.512553  0.000000  0.808176  0.804520  0.076777
2104  0.000000  1.512417  0.000000  0.807903  0.804246  0.076781
2105  0.000000  1.512280  0.000000  0.807631  0.803972  0.076786
2106  0.000000  1.512143  0.000000  0.807358  0.803698  0.076790
2107  0.000000  1.512006  0.000000  0.807086  0.803424  0.076794
2108  0.000000  1.511869  0.000000  0.806813  0.803149  0.076799
2109  0.000000  1.511732  0.000000  0.806540  0.802875  0.076803
2110  0.000000  1.511594  0.000000  0.806268  0.802601  0.076808
2111  0.000000  1.511457  0.000000  0.805995  0.802326  0.076812
2112  0.000000  1.511320  0.000000  0.805722  0.802052  0.076816
2113  0.000000  1.511182  0.000000  0.805449  0.801778  0.076821
2114  0.000000  1.511044  0.000000  0.805177  0.801503  0.076825
2115  0.000000  1.510907  0.000000  0.804904  0.801229  0.076829
2116  0.000000  1.510769  0.000000  0.804631  0.800954  0.076833
2117  0.000000  1.510631  0.000000  0.804358  0.800680  0.076838
2118  0.000000  1.510493  0.000000  0.804085  0.800405  0.076842
2119  0.000000  1.510355  0.000000  0.803812  0.800130  0.076846
2120  0.000000  1.510217  0.000000  0.803539  0.799856  0.076851
2121  0.000000  1.510078  0.000000  0.803266  0.799581  0.076855
2122  0.000000  1.509940  0.000000  0.802993  0.799306  0.076859
2123  0.000000  1.509801  0.000000  0.802720  0.799031  0.076863
2124  0.000000  1.509663  0.000000  0.802447  0.798757  0.076867
2125  0.000000  1.509524  0.000000  0.802174  0.798482  0.076872
2126  0.000000  1.509385  0.000000  0.801900  0.798207  0.076876
2127  0.000000  1.509246  0.000000  0.801627  0.797932  0.076880
2128  0.000000  1.509107  0.000000  0.801354  0.797657  0.076884
2129  0.000000  1.508968  0.000000  0.801081  0.797382  0.076888
2130  0.000000  1.508829  0.000000  0.800807  0.797107  0.076892
2131  0.000000  1.508690  0.000000  0.800534  0.796832  0.076896
2132  0.000000  1.508550  0.000000  0.800260  0.796557  0.076901
2133  0.000000  1.508411  0.000000  0.799987  0.796282  0.076905
2134  0.000000  1.508271  0.000000  0.799714  0.796007  0.076909
2135  0.000000  1.508131  0.000000  0.799440  0.795732  0.076913
2136  0.000000  1.507991  0.000000  0.799167  0.795456  0.076917
2137  0.000000  1.507852  0.000000  0.798893  0.795181  0.076921
2138  0.000000  1.507712  0.000000  0.798619  0.794906  0.076925
2139  0.000000  1.507571  0.000000  0.798346  0.794631  0.076929
2140  0.000000  1.507431  0.000000  0.798072  0.794355  0.076933
2141  0.000000  1.507291  0.000000  0.797798  0.794080  0.076937
2142  0.000000  1.507151  0.000000  0.797525  0.793805  0.076941
2143  0.000000  1.507010  0.000000  0.797251  0.793529  0.076945
2144  0.000000  1.506870  0.000000  0.796977  0.793254  0.076949
2145  0.000000  1.506729  0.000000  0.796703  0.792978  0.076953
2146  0.000000  1.506588  0.000000  0.796430  0.792703  0.076957
2147  0.000000  1.506447  0.000000  0.796156  0.792427  0.076961
2148  0.000000  1.506306  0.000000  0.795882  0.792152  0.076965
2149  0.000000  1.506165  0.000000  0.795608  0.791876  0.076969
2150  0.000000  1.506024  0.000000  0.795334  0.791600  0.076972
2151  0.000000  1.505883  0.000000  0.795060  0.791325  0.076976
2152  0.000000  1.505741  0.000000  0.794786  0.791049  0.076980
2153  0.000000  1.505600  0.000000  0.794512  0.790773  0.076984
2154  0.000000  1.505458  0.000000  0.794238  0.790498  0.076988
2155  0.000000  1.505317  0.000000  0.793964  0.790222  0.076992
2156  0.000000  1.505175  0.000000  0.793690  0.789946  0.076996
2157  0.000000  1.505033  0.000000  0.793415  0.789670  0.076999
2158  0.000000  1.504891  0.000000  0.793141  0.789394  0.077003
2159  0.000000  1.504749  0.000000  0.792867  0.789118  0.077007
2160  0.000000  1.504607  0.000000  0.792593  0.788843  0.077011
2161  0.000000  1.504464  0.000000  0.792318  0.788567  0.077014
2162  0.000000  1.504322  0.000000  0.792044  0.788291  0.077018
2163  0.000000  1.504180  0.000000  0.791770  0.788015  0.077022
2164  0.000000  1.504037  0.000000  0.791495  0.787739  0.077026
2165  0.000000  1.503894  0.000000  0.791221  0.787462  0.077029
2166  0.000000  1.503751  0.000000  0.790947  0.787186  0.077033
2167  0.000000  1.503609  0.000000  0.790672  0.786910  0.077037
2168  0.000000  1.503466  0.000000  0.790398  0.786634  0.077040
2169  0.000000  1.503323  0.000000  0.790123  0.786358  0.077044
2170  0.000000  1.503179  0.000000  0.789849  0.786082  0.077048
2171  0.000000  1.503036  0.000000  0.789574  0.785805  0.077051
2172  0.000000  1.502893  0.000000  0.789299  0.785529  0.077055
2173  0.000000  1.502749  0.000000  0.789025  0.785253  0.077059
2174  0.000000  1.502606  0.000000  0.788750  0.784976  0.077062
2175  0.000000  1.502462  0.000000  0.788475  0.784700  0.077066
2176  0.000000  1.502318  0.000000  0.788201  0.784424  0.077069
2177  0.000000  1.502174  0.000000  0.787926  0.784147  0.077073
2178  0.000000  1.502030  0.000000  0.787651  0.783871  0.077077
2179  0.000000  1.501886  0.000000  0.787376  0.783594  0.077080
2180  0.000000  1.501742  0.000000  0.787102  0.783318  0.077084
2181  0.000000  1.501598  0.000000  0.786827  0.783041  0.077087
2182  0.000000  1.501453  0.000000  0.786552  0.782765  0.077091
2183  0.000000  1.501309  0.000000  0.786277  0.782488  0.077094
2184  0.000000  1.501164  0.000000  0.786002  0.782212  0.077098
2185  0.000000  1.501020  0.000000  0.785727  0.781935  0.077101
2186  0.000000  1.500875  0.000000  0.785452  0.781658  0.077105
2187  0.000000  1.500730  0.000000  0.785177  0.781382  0.077108
2188  0.000000  1.500585  0.000000  0.784902  0.781105  0.077112
2189  0.000000  1.500440  0.000000  0.784627  0.780828  0.077115
2190  0.000000  1.500295  0.000000  0.784352  0.780551  0.077118
2191  0.000000  1.500150  0.000000  0.784077  0.780275  0.077122
2192  0.000000  1.500004  0.000000  0.783802  0.779998  0.077125
2193  0.000000  1.499859  0.000000  0.783526  0.779721  0.077129
2194  0.000000  1.499713  0.000000  0.783251  0.779444  0.077132
2195  0.000000  1.499567  0.000000  0.782976  0.779167  0.077135
2196  0.000000  1.499422  0.000000  0.782701  0.778890  0.077139
2197  0.000000  1.499276  0.000000  0.782425  0.778613  0.077142
2198  0.000000  1.499130  0.000000  0.782150  0.778336  0.077145
2199  0.000000  1.498984  0.000000  0.781875  0.778059  0.077149
2200  0.000000  1.498837  0.000000  0.781599  0.777782  0.077152
2201  0.000000  1.498691  0.000000  0.781324  0.777505  0.077155
2202  0.000000  1.498545  0.000000  0.781049  0.777228  0.077158
2203  0.000000  1.498398  0.000000  0.780773  0.776951  0.077162
2204  0.000000  1.498252  0.000000  0.780498  0.776674  0.077165
2205  0.000000  1.498105  0.000000  0.780222  0.776397  0.077168
2206  0.000000  1.497958  0.000000  0.779947  0.776120  0.077171
2207  0.000000  1.497811  0.000000  0.779671  0.775842  0.077175
2208  0.000000  1.497664  0.000000  0.779396  0.775565  0.077178
2209  0.000000  1.497517  0.000000  0.779120  0.775288  0.077181
2210  0.000000  1.497370  0.000000  0.778845  0.775011  0.077184
2211  0.000000  1.497222  0.000000  0.778569  0.774733  0.077187
2212  0.000000  1.497075  0.000000  0.778293  0.774456  0.077191
2213  0.000000  1.496928  0.000000  0.778018  0.774179  0.077194
2214  0.000000  1.496780  0.000000  0.777742  0.773901  0.077197
2215  0.000000  1.496632  0.000000  0.777466  0.773624  0.077200
2216  0.000000  1.496484  0.000000  0.777190  0.773346  0.077203
2217  0.000000  1.496336  0.000000  0.776915  0.773069  0.077206
2218  0.000000  1.496188  0.000000  0.776639  0.772791  0.077209
2219  0.000000  1.496040  0.000000  0.776363  0.772514  0.077212
2220  0.000000  1.495892  0.000000  0.776087  0.772236  0.077215
2221  0.000000  1.495744  0.000000  0.775811  0.771959  0.077218
2222  0.000000  1.495595  0.000000  0.775535  0.771681  0.077221
2223  0.000000  1.495447  0.000000  0.775260  0.771404  0.077224
2224  0.000000  1.495298  0.000000  0.774984  0.771126  0.077227
2225  0.000000  1.495149  0.000000  0.774708  0.770849  0.077230
2226  0.000000  1.495000  0.000000  0.774432  0.770571  0.077233
2227  0.000000  1.494851  0.000000  0.774156  0.770293  0.077236
2228  0.000000  1.494702  0.000000  0.773880  0.770015  0.077239
2229  0.000000  1.494553  0.000000  0.773604  0.769738  0.077242
2230  0.000000  1.494404  0.000000  0.773328  0.769460  0.077245
2231  0.000000  1.494255  0.000000  0.773051  0.769182  0.077248
2232  0.000000  1.494105  0.000000  0.772775  0.768904  0.077251
2233  0.000000  1.493956  0.000000  0.772499  0.768627  0.077254
2234  0.000000  1.493806  0.000000  0.772223  0.768349  0.077257
2235  0.000000  1.493656  0.000000  0.771947  0.768071  0.077260
2236  0.000000  1.493506  0.000000  0.771671  0.767793  0.077263
2237  0.000000  1.493356  0.000000  0.771394  0.767515  0.077265
2238  0.000000  1.493206  0.000000  0.771118  0.767237  0.077268
2239  0.000000  1.493056  0.000000  0.770842  0.766959  0.077271
2240  0.000000  1.492906  0.000000  0.770566  0.766681  0.077274
2241  0.000000  1.492755  0.000000  0.770289  0.766403  0.077277
2242  0.000000  1.492605  0.000000  0.770013  0.766125  0.077280
2243  0.000000  1.492454  0.000000  0.769737  0.765847  0.077282
2244  0.000000  1.492303  0.000000  0.769460  0.765569  0.077285
2245  0.000000  1.492153  0.000000  0.769184  0.765291  0.077288
2246  0.000000  1.492002  0.000000  0.768908  0.765013  0.077291
2247  0.000000  1.491851  0.000000  0.768631  0.764735  0.077293
2248  0.000000  1.491699  0.000000  0.768355  0.764457  0.077296
2249  0.000000  1.491548  0.000000  0.768078  0.764179  0.077299
2250  0.000000  1.491397  0.000000  0.767802  0.763900  0.077301
2251  0.000000  1.491245  0.000000  0.767525  0.763622  0.077304
2252  0.000000  1.491094  0.000000  0.767249  0.763344  0.077307
2253  0.000000  1.490942  0.000000  0.766972  0.763066  0.077309
2254  0.000000  1.490790  0.000000  0.766695  0.762788  0.077312
2255  0.000000  1.490639  0.000000  0.766419  0.762509  0.077315
2256  0.000000  1.490487  0.000000  0.766142  0.762231  0.077317
2257  0.000000  1.490335  0.000000  0.765866  0.761953  0.077320
2258  0.000000  1.490182  0.000000  0.765589  0.761674  0.077323
2259  0.000000  1.490030  0.000000  0.765312  0.761396  0.077325
2260  0.000000  1.489878  0.000000  0.765036  0.761118  0.077328
2261  0.000000  1.489725  0.000000  0.764759  0.760839  0.077330
2262  0.000000  1.489573  0.000000  0.764482  0.760561  0.077333
2263  0.000000  1.489420  0.000000  0.764205  0.760282  0.077335
2264  0.000000  1.489267  0.000000  0.763929  0.760004  0.077338
2265  0.000000  1.489114  0.000000  0.763652  0.759725  0.077340
2266  0.000000  1.488961  0.000000  0.763375  0.759447  0.077343
2267  0.000000  1.488808  0.000000  0.763098  0.759168  0.077345
2268  0.000000  1.488655  0.000000  0.762821  0.758890  0.077348
2269  0.000000  1.488502  0.000000  0.762544  0.758611  0.077350
2270  0.000000  1.488348  0.000000  0.762268  0.758333  0.077353
2271  0.000000  1.488195  0.000000  0.761991  0.758054  0.077355
2272  0.000000  1.488041  0.000000  0.761714  0.757775  0.077358
2273  0.000000  1.487887  0.000000  0.761437  0.757497  0.077360
2274  0.000000  1.487733  0.000000  0.761160  0.757218  0.077363
2275  0.000000  1.487579  0.000000  0.760883  0.756940  0.077365
2276  0.000000  1.487425  0.000000  0.760606  0.756661  0.077367
2277  0.000000  1.487271  0.000000  0.760329  0.756382  0.077370
2278  0.000000  1.487117  0.000000  0.760052  0.756103  0.077372
2279  0.000000  1.486963  0.000000  0.759775  0.755825  0.077374
2280  0.000000  1.486808  0.000000  0.759498  0.755546  0.077377
2281  0.000000  1.486653  0.000000  0.759221  0.755267  0.077379
2282  0.000000  1.486499  0.000000  0.758944  0.754988  0.077381
2283  0.000000  1.486344  0.000000  0.758666  0.754710  0.077384
2284  0.000000  1.486189  0.000000  0.758389  0.754431  0.077386
2285  0.000000  1.486034  0.000000  0.758112  0.754152  0.077388
2286  0.000000  1.485879  0.000000  0.757835  0.753873  0.077391
2287  0.000000  1.485724  0.000000  0.757558  0.753594  0.077393
2288  0.000000  1.485568  0.000000  0.757281  0.753315  0.077395
2289  0.000000  1.485413  0.000000  0.757003  0.753036  0.077397
2290  0.000000  1.485257  0.000000  0.756726  0.752757  0.077399
2291  0.000000  1.485102  0.000000  0.756449  0.752479  0.077402
2292  0.000000  1.484946  0.000000  0.756172  0.752200  0.077404
2293  0.000000  1.484790  0.000000  0.755894  0.751921  0.077406
2294  0.000000  1.484634  0.000000  0.755617  0.751642  0.077408
2295  0.000000  1.484478  0.000000  0.755340  0.751363  0.077410
2296  0.000000  1.484322  0.000000  0.755062  0.751084  0.077412
2297  0.000000  1.484166  0.000000  0.754785  0.750805  0.077415
2298  0.000000  1.484009  0.000000  0.754508  0.750525  0.077417
2299  0.000000  1.483853  0.000000  0.754230  0.750246  0.077419
2300  0.000000  1.483696  0.000000  0.753953  0.749967  0.077421
2301  0.000000  1.483539  0.000000  0.753676  0.749688  0.077423
2302  0.000000  1.483383  0.000000  0.753398  0.749409  0.077425
2303  0.000000  1.483226  0.000000  0.753121  0.749130  0.077427
2304  0.000000  1.483069  0.000000  0.752843  0.748851  0.077429
2305  0.000000  1.482911  0.000000  0.752566  0.748572  0.077431
2306  0.000000  1.482754  0.000000  0.752288  0.748292  0.077433
2307  0.000000  1.482597  0.000000  0.752011  0.748013  0.077435
2308  0.000000  1.482439  0.000000  0.751733  0.747734  0.077437
2309  0.000000  1.482282  0.000000  0.751456  0.747455  0.077439
2310  0.000000  1.482124  0.000000  0.751178  0.747176  0.077441
2311  0.000000  1.481966  0.000000  0.750901  0.746896  0.077443
2312  0.000000  1.481808  0.000000  0.750623  0.746617  0.077445
2313  0.000000  1.481650  0.000000  0.750345  0.746338  0.077447
2314  0.000000  1.481492  0.000000  0.750068  0.746059  0.077449
2315  0.000000  1.481334  0.000000  0.749790  0.745779  0.077451
2316  0.000000  1.481176  0.000000  0.749513  0.745500  0.077453
2317  0.000000  1.481017  0.000000  0.749235  0.745221  0.077455
2318  0.000000  1.480859  0.000000  0.748957  0.744941  0.077457
2319  0.000000  1.480700  0.000000  0.748680  0.744662  0.077458
2320  0.000000  1.480541  0.000000  0.748402  0.744382  0.077460
2321  0.000000  1.480383  0.000000  0.748124  0.744103  0.077462
2322  0.000000  1.480224  0.000000  0.747846  0.743824  0.077464
2323  0.000000  1.480065  0.000000  0.747569  0.743544  0.077466
2324  0.000000  1.479905  0.000000  0.747291  0.743265  0.077468
2325  0.000000  1.479746  0.000000  0.747013  0.742985  0.077469
2326  0.000000  1.479587  0.000000  0.746735  0.742706  0.077471
2327  0.000000  1.479427  0.000000  0.746458  0.742426  0.077473
2328  0.000000  1.479268  0.000000  0.746180  0.742147  0.077475
2329  0.000000  1.479108  0.000000  0.745902  0.741867  0.077476
2330  0.000000  1.478948  0.000000  0.745624  0.741588  0.077478
2331  0.000000  1.478788  0.000000  0.745346  0.741308  0.077480
2332  0.000000  1.478628  0.000000  0.745069  0.741029  0.077482
2333  0.000000  1.478468  0.000000  0.744791  0.740749  0.077483
2334  0.000000  1.478308  0.000000  0.744513  0.740470  0.077485
2335  0.000000  1.478147  0.000000  0.744235  0.740190  0.077487
2336  0.000000  1.477987  0.000000  0.743957  0.739911  0.077488
2337  0.000000  1.477826  0.000000  0.743679  0.739631  0.077490
2338  0.000000  1.477666  0.000000  0.743401  0.739351  0.077491
2339  0.000000  1.477505  0.000000  0.743123  0.739072  0.077493
2340  0.000000  1.477344  0.000000  0.742845  0.738792  0.077495
2341  0.000000  1.477183  0.000000  0.742567  0.738512  0.077496
2342  0.000000  1.477022  0.000000  0.742289  0.738233  0.077498
2343  0.000000  1.476860  0.000000  0.742011  0.737953  0.077499
2344  0.000000  1.476699  0.000000  0.741733  0.737673  0.077501
2345  0.000000  1.476538  0.000000  0.741455  0.737394  0.077503
2346  0.000000  1.476376  0.000000  0.741177  0.737114  0.077504
2347  0.000000  1.476214  0.000000  0.740899  0.736834  0.077506
2348  0.000000  1.476053  0.000000  0.740621  0.736555  0.077507
2349  0.000000  1.475891  0.000000  0.740343  0.736275  0.077509
2350  0.000000  1.475729  0.000000  0.740065  0.735995  0.077510
2351  0.000000  1.475567  0.000000  0.739787  0.735715  0.077512
2352  0.000000  1.475404  0.000000  0.739509  0.735435  0.077513
2353  0.000000  1.475242  0.000000  0.739231  0.735156  0.077515
2354  0.000000  1.475080  0.000000  0.738953  0.734876  0.077516
2355  0.000000  1.474917  0.000000  0.738675  0.734596  0.077517
2356  0.000000  1.474754  0.000000  0.738397  0.734316  0.077519
2357  0.000000  1.474592  0.000000  0.738118  0.734036  0.077520
2358  0.000000  1.474429  0.000000  0.737840  0.733757  0.077522
2359  0.000000  1.474266  0.000000  0.737562  0.733477  0.077523
2360  0.000000  1.474103  0.000000  0.737284  0.733197  0.077524
2361  0.000000  1.473939  0.000000  0.737006  0.732917  0.077526
2362  0.000000  1.473776  0.000000  0.736728  0.732637  0.077527
2363  0.000000  1.473613  0.000000  0.736449  0.732357  0.077528
2364  0.000000  1.473449  0.000000  0.736171  0.732077  0.077530
2365  0.000000  1.473285  0.000000  0.735893  0.731797  0.077531
2366  0.000000  1.473122  0.000000  0.735615  0.731518  0.077532
2367  0.000000  1.472958  0.000000  0.735337  0.731238  0.077534
2368  0.000000  1.472794  0.000000  0.735058  0.730958  0.077535
2369  0.000000  1.472630  0.000000  0.734780  0.730678  0.077536
2370  0.000000  1.472466  0.000000  0.734502  0.730398  0.077537
2371  0.000000  1.472301  0.000000  0.734224  0.730118  0.077539
2372  0.000000  1.472137  0.000000  0.733945  0.729838  0.077540
2373  0.000000  1.471972  0.000000  0.733667  0.729558  0.077541
2374  0.000000  1.471808  0.000000  0.733389  0.729278  0.077542
2375  0.000000  1.471643  0.000000  0.733110  0.728998  0.077543
2376  0.000000  1.471478  0.000000  0.732832  0.728718  0.077545
2377  0.000000  1.471313  0.000000  0.732554  0.728438  0.077546
2378  0.000000  1.471148  0.000000  0.732275  0.728158  0.077547
2379  0.000000  1.470983  0.000000  0.731997  0.727878  0.077548
2380  0.000000  1.470817  0.000000  0.731719  0.727598  0.077549
2381  0.000000  1.470652  0.000000  0.731440  0.727318  0.077550
2382  0.000000  1.470486  0.000000  0.731162  0.727038  0.077551
2383  0.000000  1.470321  0.000000  0.730884  0.726758  0.077552
2384  0.000000  1.470155  0.000000  0.730605  0.726477  0.077554
2385  0.000000  1.469989  0.000000  0.730327  0.726197  0.077555
2386  0.000000  1.469823  0.000000  0.730048  0.725917  0.077556
2387  0.000000  1.469657  0.000000  0.729770  0.725637  0.077557
2388  0.000000  1.469491  0.000000  0.729492  0.725357  0.077558
2389  0.000000  1.469325  0.000000  0.729213  0.725077  0.077559
2390  0.000000  1.469158  0.000000  0.728935  0.724797  0.077560
2391  0.000000  1.468992  0.000000  0.728656  0.724517  0.077561
2392  0.000000  1.468825  0.000000  0.728378  0.724237  0.077562
2393  0.000000  1.468658  0.000000  0.728100  0.723956  0.077563
2394  0.000000  1.468491  0.000000  0.727821  0.723676  0.077564
2395  0.000000  1.468325  0.000000  0.727543  0.723396  0.077565
2396  0.000000  1.468157  0.000000  0.727264  0.723116  0.077566
2397  0.000000  1.467990  0.000000  0.726986  0.722836  0.077567
2398  0.000000  1.467823  0.000000  0.726707  0.722556  0.077567
2399  0.000000  1.467655  0.000000  0.726429  0.722275  0.077568
2400  0.000000  1.467488  0.000000  0.726150  0.721995  0.077569
2401  0.000000  1.467320  0.000000  0.725872  0.721715  0.077570
2402  0.000000  1.467153  0.000000  0.725593  0.721435  0.077571
2403  0.000000  1.466985  0.000000  0.725315  0.721155  0.077572
2404  0.000000  1.466817  0.000000  0.725036  0.720874  0.077573
2405  0.000000  1.466649  0.000000  0.724758  0.720594  0.077573
2406  0.000000  1.466480  0.000000  0.724479  0.720314  0.077574
2407  0.000000  1.466312  0.000000  0.724201  0.720034  0.077575
2408  0.000000  1.466144  0.000000  0.723922  0.719754  0.077576
2409  0.000000  1.465975  0.000000  0.723644  0.719473  0.077577
2410  0.000000  1.465806  0.000000  0.723365  0.719193  0.077577
2411  0.000000  1.465638  0.000000  0.723086  0.718913  0.077578
2412  0.000000  1.465469  0.000000  0.722808  0.718633  0.077579
2413  0.000000  1.465300  0.000000  0.722529  0.718352  0.077580
2414  0.000000  1.465131  0.000000  0.722251  0.718072  0.077580
2415  0.000000  1.464961  0.000000  0.721972  0.717792  0.077581
2416  0.000000  1.464792  0.000000  0.721694  0.717511  0.077582
2417  0.000000  1.464623  0.000000  0.721415  0.717231  0.077582
2418  0.000000  1.464453  0.000000  0.721136  0.716951  0.077583
2419  0.000000  1.464283  0.000000  0.720858  0.716671  0.077584
2420  0.000000  1.464114  0.000000  0.720579  0.716390  0.077584
2421  0.000000  1.463944  0.000000  0.720301  0.716110  0.077585
2422  0.000000  1.463774  0.000000  0.720022  0.715830  0.077586
2423  0.000000  1.463604  0.000000  0.719743  0.715549  0.077586
2424  0.000000  1.463433  0.000000  0.719465  0.715269  0.077587
2425  0.000000  1.463263  0.000000  0.719186  0.714989  0.077587
2426  0.000000  1.463093  0.000000  0.718908  0.714708  0.077588
2427  0.000000  1.462922  0.000000  0.718629  0.714428  0.077589
2428  0.000000  1.462751  0.000000  0.718350  0.714148  0.077589
2429  0.000000  1.462580  0.000000  0.718072  0.713867  0.077590
2430  0.000000  1.462410  0.000000  0.717793  0.713587  0.077590
2431  0.000000  1.462239  0.000000  0.717514  0.713307  0.077591
2432  0.000000  1.462067  0.000000  0.717236  0.713026  0.077591
2433  0.000000  1.461896  0.000000  0.716957  0.712746  0.077592
2434  0.000000  1.461725  0.000000  0.716678  0.712466  0.077592
2435  0.000000  1.461553  0.000000  0.716400  0.712185  0.077593
2436  0.000000  1.461382  0.000000  0.716121  0.711905  0.077593
2437  0.000000  1.461210  0.000000  0.715842  0.711625  0.077594
2438  0.000000  1.461038  0.000000  0.715564  0.711344  0.077594
2439  0.000000  1.460866  0.000000  0.715285  0.711064  0.077594
2440  0.000000  1.460694  0.000000  0.715006  0.710784  0.077595
2441  0.000000  1.460522  0.000000  0.714728  0.710503  0.077595
2442  0.000000  1.460350  0.000000  0.714449  0.710223  0.077596
2443  0.000000  1.460177  0.000000  0.714170  0.709942  0.077596
2444  0.000000  1.460005  0.000000  0.713892  0.709662  0.077596
2445  0.000000  1.459832  0.000000  0.713613  0.709382  0.077597
2446  0.000000  1.459659  0.000000  0.713334  0.709101  0.077597
2447  0.000000  1.459487  0.000000  0.713056  0.708821  0.077597
2448  0.000000  1.459314  0.000000  0.712777  0.708540  0.077598
2449  0.000000  1.459140  0.000000  0.712498  0.708260  0.077598
2450  0.000000  1.458967  0.000000  0.712220  0.707980  0.077598
2451  0.000000  1.458794  0.000000  0.711941  0.707699  0.077598
2452  0.000000  1.458621  0.000000  0.711662  0.707419  0.077599
2453  0.000000  1.458447  0.000000  0.711383  0.707138  0.077599
2454  0.000000  1.458273  0.000000  0.711105  0.706858  0.077599
2455  0.000000  1.458100  0.000000  0.710826  0.706578  0.077599
2456  0.000000  1.457926  0.000000  0.710547  0.706297  0.077600
2457  0.000000  1.457752  0.000000  0.710269  0.706017  0.077600
2458  0.000000  1.457578  0.000000  0.709990  0.705736  0.077600
2459  0.000000  1.457403  0.000000  0.709711  0.705456  0.077600
2460  0.000000  1.457229  0.000000  0.709433  0.705176  0.077600
2461  0.000000  1.457054  0.000000  0.709154  0.704895  0.077601
2462  0.000000  1.456880  0.000000  0.708875  0.704615  0.077601
2463  0.000000  1.456705  0.000000  0.708596  0.704334  0.077601
2464  0.000000  1.456530  0.000000  0.708318  0.704054  0.077601
2465  0.000000  1.456355  0.000000  0.708039  0.703774  0.077601
2466  0.000000  1.456180  0.000000  0.707760  0.703493  0.077601
2467  0.000000  1.456005  0.000000  0.707482  0.703213  0.077601
2468  0.000000  1.455830  0.000000  0.707203  0.702932  0.077601
2469  0.000000  1.455655  0.000000  0.706924  0.702652  0.077601
2470  0.000000  1.455479  0.000000  0.706645  0.702371  0.077601
2471  0.000000  1.455303  0.000000  0.706367  0.702091  0.077602
2472  0.000000  1.455128  0.000000  0.706088  0.701811  0.077602
2473  0.000000  1.454952  0.000000  0.705809  0.701530  0.077602
2474  0.000000  1.454776  0.000000  0.705531  0.701250  0.077602
2475  0.000000  1.454600  0.000000  0.705252  0.700969  0.077602
2476  0.000000  1.454424  0.000000  0.704973  0.700689  0.077602
2477  0.000000  1.454247  0.000000  0.704694  0.700409  0.077602
2478  0.000000  1.454071  0.000000  0.704416  0.700128  0.077601
2479  0.000000  1.453894  0.000000  0.704137  0.699848  0.077601
2480  0.000000  1.453718  0.000000  0.703858  0.699567  0.077601
2481  0.000000  1.453541  0.000000  0.703580  0.699287  0.077601
2482  0.000000  1.453364  0.000000  0.703301  0.699007  0.077601
2483  0.000000  1.453187  0.000000  0.703022  0.698726  0.077601
2484  0.000000  1.453010  0.000000  0.702743  0.698446  0.077601
2485  0.000000  1.452833  0.000000  0.702465  0.698165  0.077601
2486  0.000000  1.452655  0.000000  0.702186  0.697885  0.077601
2487  0.000000  1.452478  0.000000  0.701907  0.697604  0.077601
2488  0.000000  1.452300  0.000000  0.701629  0.697324  0.077600
2489  0.000000  1.452122  0.000000  0.701350  0.697044  0.077600
2490  0.000000  1.451945  0.000000  0.701071  0.696763  0.077600
2491  0.000000  1.451767  0.000000  0.700792  0.696483  0.077600
2492  0.000000  1.451589  0.000000  0.700514  0.696202  0.077600
2493  0.000000  1.451410  0.000000  0.700235  0.695922  0.077599
2494  0.000000  1.451232  0.000000  0.699956  0.695642  0.077599
2495  0.000000  1.451054  0.000000  0.699678  0.695361  0.077599
2496  0.000000  1.450875  0.000000  0.699399  0.695081  0.077599
2497  0.000000  1.450696  0.000000  0.699120  0.694801  0.077598
2498  0.000000  1.450518  0.000000  0.698842  0.694520  0.077598
2499  0.000000  1.450339  0.000000  0.698563  0.694240  0.077598
2500  0.000000  1.450160  0.000000  0.698284  0.693959  0.077598
2501  0.000000  1.449981  0.000000  0.698006  0.693679  0.077597
2502  0.000000  1.449801  0.000000  0.697727  0.693399  0.077597
2503  0.000000  1.449622  0.000000  0.697448  0.693118  0.077597
2504  0.000000  1.449443  0.000000  0.697170  0.692838  0.077596
2505  0.000000  1.449263  0.000000  0.696891  0.692557  0.077596
2506  0.000000  1.449083  0.000000  0.696612  0.692277  0.077595
2507  0.000000  1.448903  0.000000  0.696334  0.691997  0.077595
2508  0.000000  1.448723  0.000000  0.696055  0.691716  0.077595
2509  0.000000  1.448543  0.000000  0.695776  0.691436  0.077594
2510  0.000000  1.448363  0.000000  0.695498  0.691156  0.077594
2511  0.000000  1.448183  0.000000  0.695219  0.690875  0.077593
2512  0.000000  1.448003  0.000000  0.694940  0.690595  0.077593
2513  0.000000  1.447822  0.000000  0.694662  0.690315  0.077593
2514  0.000000  1.447641  0.000000  0.694383  0.690034  0.077592
2515  0.000000  1.447461  0.000000  0.694104  0.689754  0.077592
2516  0.000000  1.447280  0.000000  0.693826  0.689474  0.077591
2517  0.000000  1.447099  0.000000  0.693547  0.689193  0.077591
2518  0.000000  1.446918  0.000000  0.693269  0.688913  0.077590
2519  0.000000  1.446736  0.000000  0.692990  0.688633  0.077590
2520  0.000000  1.446555  0.000000  0.692711  0.688352  0.077589
2521  0.000000  1.446373  0.000000  0.692433  0.688072  0.077588
2522  0.000000  1.446192  0.000000  0.692154  0.687792  0.077588
2523  0.000000  1.446010  0.000000  0.691876  0.687511  0.077587
2524  0.000000  1.445828  0.000000  0.691597  0.687231  0.077587
2525  0.000000  1.445646  0.000000  0.691318  0.686951  0.077586
2526  0.000000  1.445464  0.000000  0.691040  0.686671  0.077586
2527  0.000000  1.445282  0.000000  0.690761  0.686390  0.077585
2528  0.000000  1.445100  0.000000  0.690483  0.686110  0.077584
2529  0.000000  1.444917  0.000000  0.690204  0.685830  0.077584
2530  0.000000  1.444735  0.000000  0.689925  0.685549  0.077583
2531  0.000000  1.444552  0.000000  0.689647  0.685269  0.077582
2532  0.000000  1.444369  0.000000  0.689368  0.684989  0.077582
2533  0.000000  1.444186  0.000000  0.689090  0.684709  0.077581
2534  0.000000  1.444003  0.000000  0.688811  0.684428  0.077580
2535  0.000000  1.443820  0.000000  0.688533  0.684148  0.077580
2536  0.000000  1.443637  0.000000  0.688254  0.683868  0.077579
2537  0.000000  1.443453  0.000000  0.687976  0.683588  0.077578
2538  0.000000  1.443270  0.000000  0.687697  0.683307  0.077577
2539  0.000000  1.443086  0.000000  0.687419  0.683027  0.077577
2540  0.000000  1.442903  0.000000  0.687140  0.682747  0.077576
2541  0.000000  1.442719  0.000000  0.686862  0.682467  0.077575
2542  0.000000  1.442535  0.000000  0.686583  0.682187  0.077574
2543  0.000000  1.442351  0.000000  0.686305  0.681906  0.077573
2544  0.000000  1.442166  0.000000  0.686026  0.681626  0.077573
2545  0.000000  1.441982  0.000000  0.685748  0.681346  0.077572
2546  0.000000  1.441798  0.000000  0.685469  0.681066  0.077571
2547  0.000000  1.441613  0.000000  0.685191  0.680786  0.077570
2548  0.000000  1.441428  0.000000  0.684912  0.680506  0.077569
2549  0.000000  1.441243  0.000000  0.684634  0.680225  0.077568
2550  0.000000  1.441058  0.000000  0.684355  0.679945  0.077568
2551  0.000000  1.440873  0.000000  0.684077  0.679665  0.077567
2552  0.000000  1.440688  0.000000  0.683798  0.679385  0.077566
2553  0.000000  1.440503  0.000000  0.683520  0.679105  0.077565
2554  0.000000  1.440317  0.000000  0.683242  0.678825  0.077564
2555  0.000000  1.440132  0.000000  0.682963  0.678545  0.077563
2556  0.000000  1.439946  0.000000  0.682685  0.678264  0.077562
2557  0.000000  1.439760  0.000000  0.682406  0.677984  0.077561
2558  0.000000  1.439574  0.000000  0.682128  0.677704  0.077560
2559  0.000000  1.439388  0.000000  0.681850  0.677424  0.077559
2560  0.000000  1.439202  0.000000  0.681571  0.677144  0.077558
2561  0.000000  1.439016  0.000000  0.681293  0.676864  0.077557
2562  0.000000  1.438830  0.000000  0.681014  0.676584  0.077556
2563  0.000000  1.438643  0.000000  0.680736  0.676304  0.077555
2564  0.000000  1.438456  0.000000  0.680458  0.676024  0.077554
2565  0.000000  1.438270  0.000000  0.680179  0.675744  0.077553
2566  0.000000  1.438083  0.000000  0.679901  0.675464  0.077552
2567  0.000000  1.437896  0.000000  0.679623  0.675184  0.077551
2568  0.000000  1.437709  0.000000  0.679344  0.674904  0.077550
2569  0.000000  1.437521  0.000000  0.679066  0.674624  0.077549
2570  0.000000  1.437334  0.000000  0.678788  0.674344  0.077547
2571  0.000000  1.437147  0.000000  0.678510  0.674064  0.077546
2572  0.000000  1.436959  0.000000  0.678231  0.673784  0.077545
2573  0.000000  1.436771  0.000000  0.677953  0.673504  0.077544
2574  0.000000  1.436583  0.000000  0.677675  0.673224  0.077543
2575  0.000000  1.436395  0.000000  0.677396  0.672944  0.077542
2576  0.000000  1.436207  0.000000  0.677118  0.672664  0.077541
2577  0.000000  1.436019  0.000000  0.676840  0.672384  0.077539
2578  0.000000  1.435831  0.000000  0.676562  0.672104  0.077538
2579  0.000000  1.435642  0.000000  0.676284  0.671824  0.077537
2580  0.000000  1.435454  0.000000  0.676005  0.671544  0.077536
2581  0.000000  1.435265  0.000000  0.675727  0.671264  0.077534
2582  0.000000  1.435076  0.000000  0.675449  0.670984  0.077533
2583  0.000000  1.434887  0.000000  0.675171  0.670704  0.077532
2584  0.000000  1.434698  0.000000  0.674893  0.670424  0.077531
2585  0.000000  1.434509  0.000000  0.674614  0.670145  0.077529
2586  0.000000  1.434320  0.000000  0.674336  0.669865  0.077528
2587  0.000000  1.434130  0.000000  0.674058  0.669585  0.077527
2588  0.000000  1.433941  0.000000  0.673780  0.669305  0.077526
2589  0.000000  1.433751  0.000000  0.673502  0.669025  0.077524
2590  0.000000  1.433561  0.000000  0.673224  0.668745  0.077523
2591  0.000000  1.433371  0.000000  0.672946  0.668466  0.077522
2592  0.000000  1.433181  0.000000  0.672668  0.668186  0.077520
2593  0.000000  1.432991  0.000000  0.672389  0.667906  0.077519
2594  0.000000  1.432801  0.000000  0.672111  0.667626  0.077517
2595  0.000000  1.432610  0.000000  0.671833  0.667346  0.077516
2596  0.000000  1.432420  0.000000  0.671555  0.667067  0.077515
2597  0.000000  1.432229  0.000000  0.671277  0.666787  0.077513
2598  0.000000  1.432038  0.000000  0.670999  0.666507  0.077512
2599  0.000000  1.431847  0.000000  0.670721  0.666227  0.077510
2600  0.000000  1.431656  0.000000  0.670443  0.665948  0.077509
2601  0.000000  1.431465  0.000000  0.670165  0.665668  0.077507
2602  0.000000  1.431274  0.000000  0.669887  0.665388  0.077506
2603  0.000000  1.431082  0.000000  0.669609  0.665109  0.077504
2604  0.000000  1.430891  0.000000  0.669331  0.664829  0.077503
2605  0.000000  1.430699  0.000000  0.669053  0.664549  0.077501
2606  0.000000  1.430507  0.000000  0.668775  0.664270  0.077500
2607  0.000000  1.430315  0.000000  0.668497  0.663990  0.077498
2608  0.000000  1.430123  0.000000  0.668219  0.663710  0.077497
2609  0.000000  1.429931  0.000000  0.667942  0.663431  0.077495
2610  0.000000  1.429739  0.000000  0.667664  0.663151  0.077494
2611  0.000000  1.429547  0.000000  0.667386  0.662872  0.077492
2612  0.000000  1.429354  0.000000  0.667108  0.662592  0.077491
2613  0.000000  1.429161  0.000000  0.666830  0.662312  0.077489
2614  0.000000  1.428969  0.000000  0.666552  0.662033  0.077487
2615  0.000000  1.428776  0.000000  0.666274  0.661753  0.077486
2616  0.000000  1.428583  0.000000  0.665996  0.661474  0.077484
2617  0.000000  1.428390  0.000000  0.665719  0.661194  0.077482
2618  0.000000  1.428196  0.000000  0.665441  0.660915  0.077481
2619  0.000000  1.428003  0.000000  0.665163  0.660635  0.077479
2620  0.000000  1.427809  0.000000  0.664885  0.660356  0.077477
2621  0.000000  1.427616  0.000000  0.664607  0.660076  0.077476
2622  0.000000  1.427422  0.000000  0.664330  0.659797  0.077474
2623  0.000000  1.427228  0.000000  0.664052  0.659517  0.077472
2624  0.000000  1.427034  0.000000  0.663774  0.659238  0.077471
2625  0.000000  1.426840  0.000000  0.663497  0.658958  0.077469
2626  0.000000  1.426646  0.000000  0.663219  0.658679  0.077467
2627  0.000000  1.426451  0.000000  0.662941  0.658400  0.077465
2628  0.000000  1.426257  0.000000  0.662663  0.658120  0.077464
2629  0.000000  1.426062  0.000000  0.662386  0.657841  0.077462
2630  0.000000  1.425867  0.000000  0.662108  0.657561  0.077460
2631  0.000000  1.425672  0.000000  0.661830  0.657282  0.077458
2632  0.000000  1.425477  0.000000  0.661553  0.657003  0.077456
2633  0.000000  1.425282  0.000000  0.661275  0.656723  0.077455
2634  0.000000  1.425087  0.000000  0.660998  0.656444  0.077453
2635  0.000000  1.424892  0.000000  0.660720  0.656165  0.077451
2636  0.000000  1.424696  0.000000  0.660442  0.655886  0.077449
2637  0.000000  1.424500  0.000000  0.660165  0.655606  0.077447
2638  0.000000  1.424305  0.000000  0.659887  0.655327  0.077445
2639  0.000000  1.424109  0.000000  0.659610  0.655048  0.077444
2640  0.000000  1.423913  0.000000  0.659332  0.654769  0.077442
2641  0.000000  1.423717  0.000000  0.659055  0.654489  0.077440
2642  0.000000  1.423520  0.000000  0.658777  0.654210  0.077438
2643  0.000000  1.423324  0.000000  0.658500  0.653931  0.077436
2644  0.000000  1.423127  0.000000  0.658222  0.653652  0.077434
2645  0.000000  1.422931  0.000000  0.657945  0.653373  0.077432
2646  0.000000  1.422734  0.000000  0.657667  0.653093  0.077430
2647  0.000000  1.422537  0.000000  0.657390  0.652814  0.077428
2648  0.000000  1.422340  0.000000  0.657113  0.652535  0.077426
2649  0.000000  1.422143  0.000000  0.656835  0.652256  0.077424
2650  0.000000  1.421946  0.000000  0.656558  0.651977  0.077422
2651  0.000000  1.421748  0.000000  0.656281  0.651698  0.077420
2652  0.000000  1.421551  0.000000  0.656003  0.651419  0.077418
2653  0.000000  1.421353  0.000000  0.655726  0.651140  0.077416
2654  0.000000  1.421155  0.000000  0.655449  0.650861  0.077414
2655  0.000000  1.420957  0.000000  0.655171  0.650582  0.077412
2656  0.000000  1.420759  0.000000  0.654894  0.650303  0.077410
2657  0.000000  1.420561  0.000000  0.654617  0.650024  0.077408
2658  0.000000  1.420363  0.000000  0.654339  0.649745  0.077406
2659  0.000000  1.420164  0.000000  0.654062  0.649466  0.077404
2660  0.000000  1.419966  0.000000  0.653785  0.649187  0.077401
2661  0.000000  1.419767  0.000000  0.653508  0.648908  0.077399
2662  0.000000  1.419568  0.000000  0.653231  0.648629  0.077397
2663  0.000000  1.419370  0.000000  0.652953  0.648350  0.077395
2664  0.000000  1.419171  0.000000  0.652676  0.648071  0.077393
2665  0.000000  1.418971  0.000000  0.652399  0.647793  0.077391
2666  0.000000  1.418772  0.000000  0.652122  0.647514  0.077389
2667  0.000000  1.418573  0.000000  0.651845  0.647235  0.077386
2668  0.000000  1.418373  0.000000  0.651568  0.646956  0.077384
2669  0.000000  1.418173  0.000000  0.651291  0.646677  0.077382
2670  0.000000  1.417974  0.000000  0.651014  0.646398  0.077380
2671  0.000000  1.417774  0.000000  0.650736  0.646120  0.077377
2672  0.000000  1.417574  0.000000  0.650459  0.645841  0.077375
2673  0.000000  1.417373  0.000000  0.650182  0.645562  0.077373
2674  0.000000  1.417173  0.000000  0.649905  0.645284  0.077371
2675  0.000000  1.416973  0.000000  0.649628  0.645005  0.077368
2676  0.000000  1.416772  0.000000  0.649351  0.644726  0.077366
2677  0.000000  1.416571  0.000000  0.649074  0.644447  0.077364
2678  0.000000  1.416370  0.000000  0.648798  0.644169  0.077362
2679  0.000000  1.416169  0.000000  0.648521  0.643890  0.077359
2680  0.000000  1.415968  0.000000  0.648244  0.643612  0.077357
2681  0.000000  1.415767  0.000000  0.647967  0.643333  0.077355
2682  0.000000  1.415566  0.000000  0.647690  0.643054  0.077352
2683  0.000000  1.415364  0.000000  0.647413  0.642776  0.077350
2684  0.000000  1.415163  0.000000  0.647136  0.642497  0.077347
2685  0.000000  1.414961  0.000000  0.646859  0.642219  0.077345
2686  0.000000  1.414759  0.000000  0.646583  0.641940  0.077343
2687  0.000000  1.414557  0.000000  0.646306  0.641662  0.077340
2688  0.000000  1.414355  0.000000  0.646029  0.641383  0.077338
2689  0.000000  1.414153  0.000000  0.645752  0.641105  0.077335
2690  0.000000  1.413950  0.000000  0.645476  0.640826  0.077333
2691  0.000000  1.413748  0.000000  0.645199  0.640548  0.077331
2692  0.000000  1.413545  0.000000  0.644922  0.640270  0.077328
2693  0.000000  1.413343  0.000000  0.644646  0.639991  0.077326
2694  0.000000  1.413140  0.000000  0.644369  0.639713  0.077323
2695  0.000000  1.412937  0.000000  0.644092  0.639434  0.077321
2696  0.000000  1.412734  0.000000  0.643816  0.639156  0.077318
2697  0.000000  1.412530  0.000000  0.643539  0.638878  0.077316
2698  0.000000  1.412327  0.000000  0.643262  0.638599  0.077313
2699  0.000000  1.412123  0.000000  0.642986  0.638321  0.077311
2700  0.000000  1.411920  0.000000  0.642709  0.638043  0.077308
2701  0.000000  1.411716  0.000000  0.642433  0.637765  0.077305
2702  0.000000  1.411512  0.000000  0.642156  0.637486  0.077303
2703  0.000000  1.411308  0.000000  0.641880  0.637208  0.077300
2704  0.000000  1.411104  0.000000  0.641603  0.636930  0.077298
2705  0.000000  1.410899  0.000000  0.641327  0.636652  0.077295
2706  0.000000  1.410695  0.000000  0.641050  0.636374  0.077293
2707  0.000000  1.410490  0.000000  0.640774  0.636096  0.077290
2708  0.000000  1.410286  0.000000  0.640498  0.635817  0.077287
2709  0.000000  1.410081  0.000000  0.640221  0.635539  0.077285
2710  0.000000  1.409876  0.000000  0.639945  0.635261  0.077282
2711  0.000000  1.409671  0.000000  0.639668  0.634983  0.077279
2712  0.000000  1.409466  0.000000  0.639392  0.634705  0.077277
2713  0.000000  1.409260  0.000000  0.639116  0.634427  0.077274
2714  0.000000  1.409055  0.000000  0.638840  0.634149  0.077271
2715  0.000000  1.408849  0.000000  0.638563  0.633871  0.077269
2716  0.000000  1.408643  0.000000  0.638287  0.633593  0.077266
2717  0.000000  1.408438  0.000000  0.638011  0.633315  0.077263
2718  0.000000  1.408232  0.000000  0.637735  0.633037  0.077260
2719  0.000000  1.408025  0.000000  0.637458  0.632759  0.077258
2720  0.000000  1.407819  0.000000  0.637182  0.632482  0.077255
2721  0.000000  1.407613  0.000000  0.636906  0.632204  0.077252
2722  0.000000  1.407406  0.000000  0.636630  0.631926  0.077249
2723  0.000000  1.407200  0.000000  0.636354  0.631648  0.077247
2724  0.000000  1.406993  0.000000  0.636078  0.631370  0.077244
2725  0.000000  1.406786  0.000000  0.635802  0.631092  0.077241
2726  0.000000  1.406579  0.000000  0.635526  0.630815  0.077238
2727  0.000000  1.406372  0.000000  0.635250  0.630537  0.077235
2728  0.000000  1.406164  0.000000  0.634974  0.630259  0.077233
2729  0.000000  1.405957  0.000000  0.634698  0.629982  0.077230
2730  0.000000  1.405749  0.000000  0.634422  0.629704  0.077227
2731  0.000000  1.405542  0.000000  0.634146  0.629426  0.077224
2732  0.000000  1.405334  0.000000  0.633870  0.629149  0.077221
2733  0.000000  1.405126  0.000000  0.633594  0.628871  0.077218
2734  0.000000  1.404918  0.000000  0.633318  0.628593  0.077215
2735  0.000000  1.404710  0.000000  0.633042  0.628316  0.077212
2736  0.000000  1.404501  0.000000  0.632766  0.628038  0.077210
2737  0.000000  1.404293  0.000000  0.632491  0.627761  0.077207
2738  0.000000  1.404084  0.000000  0.632215  0.627483  0.077204
2739  0.000000  1.403875  0.000000  0.631939  0.627206  0.077201
2740  0.000000  1.403667  0.000000  0.631663  0.626928  0.077198
2741  0.000000  1.403458  0.000000  0.631387  0.626651  0.077195
2742  0.000000  1.403248  0.000000  0.631112  0.626373  0.077192
2743  0.000000  1.403039  0.000000  0.630836  0.626096  0.077189
2744  0.000000  1.402830  0.000000  0.630560  0.625818  0.077186
2745  0.000000  1.402620  0.000000  0.630285  0.625541  0.077183
2746  0.000000  1.402411  0.000000  0.630009  0.625264  0.077180
2747  0.000000  1.402201  0.000000  0.629734  0.624986  0.077177
2748  0.000000  1.401991  0.000000  0.629458  0.624709  0.077174
2749  0.000000  1.401781  0.000000  0.629182  0.624432  0.077171
2750  0.000000  1.401571  0.000000  0.628907  0.624155  0.077168
2751  0.000000  1.401360  0.000000  0.628631  0.623877  0.077165
2752  0.000000  1.401150  0.000000  0.628356  0.623600  0.077161
2753  0.000000  1.400939  0.000000  0.628080  0.623323  0.077158
2754  0.000000  1.400728  0.000000  0.627805  0.623046  0.077155
2755  0.000000  1.400518  0.000000  0.627529  0.622769  0.077152
2756  0.000000  1.400307  0.000000  0.627254  0.622492  0.077149
2757  0.000000  1.400095  0.000000  0.626979  0.622214  0.077146
2758  0.000000  1.399884  0.000000  0.626703  0.621937  0.077143
2759  0.000000  1.399673  0.000000  0.626428  0.621660  0.077140
2760  0.000000  1.399461  0.000000  0.626153  0.621383  0.077136
2761  0.000000  1.399250  0.000000  0.625877  0.621106  0.077133
2762  0.000000  1.399038  0.000000  0.625602  0.620829  0.077130
2763  0.000000  1.398826  0.000000  0.625327  0.620552  0.077127
2764  0.000000  1.398614  0.000000  0.625052  0.620275  0.077124
2765  0.000000  1.398402  0.000000  0.624776  0.619998  0.077120
2766  0.000000  1.398189  0.000000  0.624501  0.619722  0.077117
2767  0.000000  1.397977  0.000000  0.624226  0.619445  0.077114
2768  0.000000  1.397764  0.000000  0.623951  0.619168  0.077111
2769  0.000000  1.397552  0.000000  0.623676  0.618891  0.077108
2770  0.000000  1.397339  0.000000  0.623401  0.618614  0.077104
2771  0.000000  1.397126  0.000000  0.623126  0.618337  0.077101
2772  0.000000  1.396913  0.000000  0.622851  0.618061  0.077098
2773  0.000000  1.396699  0.000000  0.622576  0.617784  0.077094
2774  0.000000  1.396486  0.000000  0.622301  0.617507  0.077091
2775  0.000000  1.396273  0.000000  0.622026  0.617230  0.077088
2776  0.000000  1.396059  0.000000  0.621751  0.616954  0.077084
2777  0.000000  1.395845  0.000000  0.621476  0.616677  0.077081
2778  0.000000  1.395631  0.000000  0.621201  0.616401  0.077078
2779  0.000000  1.395417  0.000000  0.620926  0.616124  0.077074
2780  0.000000  1.395203  0.000000  0.620651  0.615847  0.077071
2781  0.000000  1.394989  0.000000  0.620376  0.615571  0.077068
2782  0.000000  1.394774  0.000000  0.620102  0.615294  0.077064
2783  0.000000  1.394560  0.000000  0.619827  0.615018  0.077061
2784  0.000000  1.394345  0.000000  0.619552  0.614741  0.077058
2785  0.000000  1.394130  0.000000  0.619277  0.614465  0.077054
2786  0.000000  1.393915  0.000000  0.619003  0.614188  0.077051
2787  0.000000  1.393700  0.000000  0.618728  0.613912  0.077047
2788  0.000000  1.393485  0.000000  0.618453  0.613636  0.077044
2789  0.000000  1.393269  0.000000  0.618179  0.613359  0.077040
2790  0.000000  1.393054  0.000000  0.617904  0.613083  0.077037
2791  0.000000  1.392838  0.000000  0.617630  0.612807  0.077033
2792  0.000000  1.392622  0.000000  0.617355  0.612530  0.077030
2793  0.000000  1.392406  0.000000  0.617080  0.612254  0.077027
2794  0.000000  1.392190  0.000000  0.616806  0.611978  0.077023
2795  0.000000  1.391974  0.000000  0.616531  0.611702  0.077019
2796  0.000000  1.391758  0.000000  0.616257  0.611426  0.077016
2797  0.000000  1.391541  0.000000  0.615983  0.611149  0.077012
2798  0.000000  1.391324  0.000000  0.615708  0.610873  0.077009
2799  0.000000  1.391108  0.000000  0.615434  0.610597  0.077005
2800  0.000000  1.390891  0.000000  0.615159  0.610321  0.077002
2801  0.000000  1.390674  0.000000  0.614885  0.610045  0.076998
2802  0.000000  1.390457  0.000000  0.614611  0.609769  0.076995
2803  0.000000  1.390239  0.000000  0.614337  0.609493  0.076991
2804  0.000000  1.390022  0.000000  0.614062  0.609217  0.076987
2805  0.000000  1.389804  0.000000  0.613788  0.608941  0.076984
2806  0.000000  1.389587  0.000000  0.613514  0.608665  0.076980
2807  0.000000  1.389369  0.000000  0.613240  0.608389  0.076977
2808  0.000000  1.389151  0.000000  0.612966  0.608113  0.076973
2809  0.000000  1.388933  0.000000  0.612691  0.607838  0.076969
2810  0.000000  1.388715  0.000000  0.612417  0.607562  0.076966
2811  0.000000  1.388496  0.000000  0.612143  0.607286  0.076962
2812  0.000000  1.388278  0.000000  0.611869  0.607010  0.076958
2813  0.000000  1.388059  0.000000  0.611595  0.606734  0.076955
2814  0.000000  1.387840  0.000000  0.611321  0.606459  0.076951
2815  0.000000  1.387621  0.000000  0.611047  0.606183  0.076947
2816  0.000000  1.387402  0.000000  0.610773  0.605907  0.076944
2817  0.000000  1.387183  0.000000  0.610499  0.605632  0.076940
2818  0.000000  1.386964  0.000000  0.610226  0.605356  0.076936
2819  0.000000  1.386744  0.000000  0.609952  0.605081  0.076932
2820  0.000000  1.386525  0.000000  0.609678  0.604805  0.076929
2821  0.000000  1.386305  0.000000  0.609404  0.604529  0.076925
2822  0.000000  1.386085  0.000000  0.609130  0.604254  0.076921
2823  0.000000  1.385865  0.000000  0.608857  0.603979  0.076917
2824  0.000000  1.385645  0.000000  0.608583  0.603703  0.076914
2825  0.000000  1.385425  0.000000  0.608309  0.603428  0.076910
2826  0.000000  1.385204  0.000000  0.608035  0.603152  0.076906
2827  0.000000  1.384984  0.000000  0.607762  0.602877  0.076902
2828  0.000000  1.384763  0.000000  0.607488  0.602602  0.076898
2829  0.000000  1.384542  0.000000  0.607215  0.602326  0.076894
2830  0.000000  1.384321  0.000000  0.606941  0.602051  0.076891
2831  0.000000  1.384100  0.000000  0.606668  0.601776  0.076887
2832  0.000000  1.383879  0.000000  0.606394  0.601500  0.076883
2833  0.000000  1.383657  0.000000  0.606121  0.601225  0.076879
2834  0.000000  1.383436  0.000000  0.605847  0.600950  0.076875
2835  0.000000  1.383214  0.000000  0.605574  0.600675  0.076871
2836  0.000000  1.382992  0.000000  0.605300  0.600400  0.076867
2837  0.000000  1.382771  0.000000  0.605027  0.600125  0.076863
2838  0.000000  1.382548  0.000000  0.604754  0.599850  0.076859
2839  0.000000  1.382326  0.000000  0.604480  0.599575  0.076856
2840  0.000000  1.382104  0.000000  0.604207  0.599300  0.076852
2841  0.000000  1.381881  0.000000  0.603934  0.599025  0.076848
2842  0.000000  1.381659  0.000000  0.603661  0.598750  0.076844
2843  0.000000  1.381436  0.000000  0.603387  0.598475  0.076840
2844  0.000000  1.381213  0.000000  0.603114  0.598200  0.076836
2845  0.000000  1.380990  0.000000  0.602841  0.597925  0.076832
2846  0.000000  1.380767  0.000000  0.602568  0.597650  0.076828
2847  0.000000  1.380544  0.000000  0.602295  0.597375  0.076824
2848  0.000000  1.380320  0.000000  0.602022  0.597100  0.076820
2849  0.000000  1.380097  0.000000  0.601749  0.596826  0.076816
2850  0.000000  1.379873  0.000000  0.601476  0.596551  0.076812
2851  0.000000  1.379649  0.000000  0.601203  0.596276  0.076808
2852  0.000000  1.379425  0.000000  0.600930  0.596002  0.076804
2853  0.000000  1.379201  0.000000  0.600657  0.595727  0.076800
2854  0.000000  1.378977  0.000000  0.600384  0.595452  0.076796
2855  0.000000  1.378752  0.000000  0.600111  0.595178  0.076791
2856  0.000000  1.378528  0.000000  0.599838  0.594903  0.076787
2857  0.000000  1.378303  0.000000  0.599566  0.594629  0.076783
2858  0.000000  1.378078  0.000000  0.599293  0.594354  0.076779
2859  0.000000  1.377853  0.000000  0.599020  0.594080  0.076775
2860  0.000000  1.377628  0.000000  0.598747  0.593805  0.076771
2861  0.000000  1.377403  0.000000  0.598475  0.593531  0.076767
2862  0.000000  1.377177  0.000000  0.598202  0.593256  0.076763
2863  0.000000  1.376952  0.000000  0.597929  0.592982  0.076758
2864  0.000000  1.376726  0.000000  0.597657  0.592708  0.076754
2865  0.000000  1.376500  0.000000  0.597384  0.592433  0.076750
2866  0.000000  1.376274  0.000000  0.597112  0.592159  0.076746
2867  0.000000  1.376048  0.000000  0.596839  0.591885  0.076742
2868  0.000000  1.375822  0.000000  0.596567  0.591611  0.076738
2869  0.000000  1.375596  0.000000  0.596294  0.591337  0.076733
2870  0.000000  1.375369  0.000000  0.596022  0.591062  0.076729
2871  0.000000  1.375143  0.000000  0.595750  0.590788  0.076725
2872  0.000000  1.374916  0.000000  0.595477  0.590514  0.076721
2873  0.000000  1.374689  0.000000  0.595205  0.590240  0.076716
2874  0.000000  1.374462  0.000000  0.594933  0.589966  0.076712
2875  0.000000  1.374235  0.000000  0.594660  0.589692  0.076708
2876  0.000000  1.374007  0.000000  0.594388  0.589418  0.076704
2877  0.000000  1.373780  0.000000  0.594116  0.589144  0.076699
2878  0.000000  1.373552  0.000000  0.593844  0.588870  0.076695
2879  0.000000  1.373324  0.000000  0.593572  0.588596  0.076691
2880  0.000000  1.373096  0.000000  0.593300  0.588323  0.076687
2881  0.000000  1.372868  0.000000  0.593027  0.588049  0.076682
2882  0.000000  1.372640  0.000000  0.592755  0.587775  0.076678
2883  0.000000  1.372412  0.000000  0.592483  0.587501  0.076674
2884  0.000000  1.372183  0.000000  0.592211  0.587228  0.076669
2885  0.000000  1.371955  0.000000  0.591939  0.586954  0.076665
2886  0.000000  1.371726  0.000000  0.591668  0.586680  0.076660
2887  0.000000  1.371497  0.000000  0.591396  0.586407  0.076656
2888  0.000000  1.371268  0.000000  0.591124  0.586133  0.076652
2889  0.000000  1.371039  0.000000  0.590852  0.585859  0.076647
2890  0.000000  1.370810  0.000000  0.590580  0.585586  0.076643
2891  0.000000  1.370580  0.000000  0.590308  0.585312  0.076639
2892  0.000000  1.370351  0.000000  0.590037  0.585039  0.076634
2893  0.000000  1.370121  0.000000  0.589765  0.584765  0.076630
2894  0.000000  1.369891  0.000000  0.589493  0.584492  0.076625
2895  0.000000  1.369661  0.000000  0.589222  0.584219  0.076621
2896  0.000000  1.369431  0.000000  0.588950  0.583945  0.076616
2897  0.000000  1.369201  0.000000  0.588678  0.583672  0.076612
2898  0.000000  1.368970  0.000000  0.588407  0.583399  0.076608
2899  0.000000  1.368740  0.000000  0.588135  0.583125  0.076603
2900  0.000000  1.368509  0.000000  0.587864  0.582852  0.076599
2901  0.000000  1.368278  0.000000  0.587592  0.582579  0.076594
2902  0.000000  1.368047  0.000000  0.587321  0.582306  0.076590
2903  0.000000  1.367816  0.000000  0.587050  0.582033  0.076585
2904  0.000000  1.367584  0.000000  0.586778  0.581760  0.076581
2905  0.000000  1.367353  0.000000  0.586507  0.581487  0.076576
2906  0.000000  1.367121  0.000000  0.586236  0.581213  0.076571
2907  0.000000  1.366890  0.000000  0.585964  0.580940  0.076567
2908  0.000000  1.366658  0.000000  0.585693  0.580668  0.076562
2909  0.000000  1.366426  0.000000  0.585422  0.580395  0.076558
2910  0.000000  1.366194  0.000000  0.585151  0.580122  0.076553
2911  0.000000  1.365961  0.000000  0.584880  0.579849  0.076549
2912  0.000000  1.365729  0.000000  0.584609  0.579576  0.076544
2913  0.000000  1.365496  0.000000  0.584338  0.579303  0.076539
2914  0.000000  1.365264  0.000000  0.584067  0.579030  0.076535
2915  0.000000  1.365031  0.000000  0.583796  0.578758  0.076530
2916  0.000000  1.364798  0.000000  0.583525  0.578485  0.076526
2917  0.000000  1.364565  0.000000  0.583254  0.578212  0.076521
2918  0.000000  1.364332  0.000000  0.582983  0.577940  0.076516
2919  0.000000  1.364098  0.000000  0.582712  0.577667  0.076512
2920  0.000000  1.363865  0.000000  0.582441  0.577394  0.076507
2921  0.000000  1.363631  0.000000  0.582170  0.577122  0.076502
2922  0.000000  1.363397  0.000000  0.581899  0.576849  0.076498
2923  0.000000  1.363163  0.000000  0.581629  0.576577  0.076493
2924  0.000000  1.362929  0.000000  0.581358  0.576304  0.076488
2925  0.000000  1.362695  0.000000  0.581087  0.576032  0.076484
2926  0.000000  1.362460  0.000000  0.580817  0.575760  0.076479
2927  0.000000  1.362226  0.000000  0.580546  0.575487  0.076474
2928  0.000000  1.361991  0.000000  0.580276  0.575215  0.076470
2929  0.000000  1.361756  0.000000  0.580005  0.574943  0.076465
2930  0.000000  1.361521  0.000000  0.579735  0.574670  0.076460
2931  0.000000  1.361286  0.000000  0.579464  0.574398  0.076455
2932  0.000000  1.361051  0.000000  0.579194  0.574126  0.076451
2933  0.000000  1.360815  0.000000  0.578923  0.573854  0.076446
2934  0.000000  1.360580  0.000000  0.578653  0.573582  0.076441
2935  0.000000  1.360344  0.000000  0.578383  0.573310  0.076436
2936  0.000000  1.360108  0.000000  0.578112  0.573038  0.076431
2937  0.000000  1.359872  0.000000  0.577842  0.572766  0.076427
2938  0.000000  1.359636  0.000000  0.577572  0.572494  0.076422
2939  0.000000  1.359400  0.000000  0.577302  0.572222  0.076417
2940  0.000000  1.359163  0.000000  0.577031  0.571950  0.076412
2941  0.000000  1.358927  0.000000  0.576761  0.571678  0.076407
2942  0.000000  1.358690  0.000000  0.576491  0.571406  0.076403
2943  0.000000  1.358453  0.000000  0.576221  0.571134  0.076398
2944  0.000000  1.358216  0.000000  0.575951  0.570862  0.076393
2945  0.000000  1.357979  0.000000  0.575681  0.570591  0.076388
2946  0.000000  1.357741  0.000000  0.575411  0.570319  0.076383
2947  0.000000  1.357504  0.000000  0.575141  0.570047  0.076378
2948  0.000000  1.357266  0.000000  0.574871  0.569776  0.076373
2949  0.000000  1.357029  0.000000  0.574602  0.569504  0.076368
2950  0.000000  1.356791  0.000000  0.574332  0.569232  0.076364
2951  0.000000  1.356553  0.000000  0.574062  0.568961  0.076359
2952  0.000000  1.356315  0.000000  0.573792  0.568689  0.076354
2953  0.000000  1.356076  0.000000  0.573522  0.568418  0.076349
2954  0.000000  1.355838  0.000000  0.573253  0.568146  0.076344
2955  0.000000  1.355599  0.000000  0.572983  0.567875  0.076339
2956  0.000000  1.355361  0.000000  0.572714  0.567604  0.076334
2957  0.000000  1.355122  0.000000  0.572444  0.567332  0.076329
2958  0.000000  1.354883  0.000000  0.572174  0.567061  0.076324
2959  0.000000  1.354643  0.000000  0.571905  0.566790  0.076319
2960  0.000000  1.354404  0.000000  0.571635  0.566519  0.076314
2961  0.000000  1.354165  0.000000  0.571366  0.566247  0.076309
2962  0.000000  1.353925  0.000000  0.571097  0.565976  0.076304
2963  0.000000  1.353685  0.000000  0.570827  0.565705  0.076299
2964  0.000000  1.353445  0.000000  0.570558  0.565434  0.076294
2965  0.000000  1.353205  0.000000  0.570289  0.565163  0.076289
2966  0.000000  1.352965  0.000000  0.570019  0.564892  0.076284
2967  0.000000  1.352725  0.000000  0.569750  0.564621  0.076279
2968  0.000000  1.352484  0.000000  0.569481  0.564350  0.076274
2969  0.000000  1.352244  0.000000  0.569212  0.564079  0.076269
2970  0.000000  1.352003  0.000000  0.568943  0.563808  0.076264
2971  0.000000  1.351762  0.000000  0.568674  0.563537  0.076259
2972  0.000000  1.351521  0.000000  0.568405  0.563267  0.076254
2973  0.000000  1.351280  0.000000  0.568136  0.562996  0.076249
2974  0.000000  1.351038  0.000000  0.567867  0.562725  0.076243
2975  0.000000  1.350797  0.000000  0.567598  0.562454  0.076238
2976  0.000000  1.350555  0.000000  0.567329  0.562184  0.076233
2977  0.000000  1.350313  0.000000  0.567060  0.561913  0.076228
2978  0.000000  1.350071  0.000000  0.566791  0.561642  0.076223
2979  0.000000  1.349829  0.000000  0.566522  0.561372  0.076218
2980  0.000000  1.349587  0.000000  0.566254  0.561101  0.076213
2981  0.000000  1.349345  0.000000  0.565985  0.560831  0.076208
2982  0.000000  1.349102  0.000000  0.565716  0.560560  0.076202
2983  0.000000  1.348859  0.000000  0.565448  0.560290  0.076197
2984  0.000000  1.348616  0.000000  0.565179  0.560020  0.076192
2985  0.000000  1.348373  0.000000  0.564910  0.559749  0.076187
2986  0.000000  1.348130  0.000000  0.564642  0.559479  0.076182
2987  0.000000  1.347887  0.000000  0.564373  0.559209  0.076176
2988  0.000000  1.347644  0.000000  0.564105  0.558939  0.076171
2989  0.000000  1.347400  0.000000  0.563837  0.558668  0.076166
2990  0.000000  1.347156  0.000000  0.563568  0.558398  0.076161
2991  0.000000  1.346912  0.000000  0.563300  0.558128  0.076156
2992  0.000000  1.346668  0.000000  0.563032  0.557858  0.076150
2993  0.000000  1.346424  0.000000  0.562763  0.557588  0.076145
2994  0.000000  1.346180  0.000000  0.562495  0.557318  0.076140
2995  0.000000  1.345936  0.000000  0.562227  0.557048  0.076135
2996  0.000000  1.345691  0.000000  0.561959  0.556778  0.076129
2997  0.000000  1.345446  0.000000  0.561691  0.556508  0.076124
2998  0.000000  1.345201  0.000000  0.561422  0.556238  0.076119
2999  0.000000  1.344956  0.000000  0.561154  0.555969  0.076113
3000  0.000000  1.344711  0.000000  0.560886  0.555699  0.076108
3001  0.000000  1.344466  0.000000  0.560618  0.555429  0.076103
3002  0.000000  1.344220  0.000000  0.560350  0.555159  0.076097
3003  0.000000  1.343975  0.000000  0.560083  0.554890  0.076092
3004  0.000000  1.343729  0.000000  0.559815  0.554620  0.076087
3005  0.000000  1.343483  0.000000  0.559547  0.554350  0.076081
3006  0.000000  1.343237  0.000000  0.559279  0.554081  0.076076
3007  0.000000  1.342991  0.000000  0.559011  0.553811  0.076071
3008  0.000000  1.342744  0.000000  0.558744  0.553542  0.076065
3009  0.000000  1.342498  0.000000  0.558476  0.553272  0.076060
3010  0.000000  1.342251  0.000000  0.558208  0.553003  0.076055
3011  0.000000  1.342004  0.000000  0.557941  0.552734  0.076049
3012  0.000000  1.341757  0.000000  0.557673  0.552464  0.076044
3013  0.000000  1.341510  0.000000  0.557406  0.552195  0.076039
3014  0.000000  1.341263  0.000000  0.557138  0.551926  0.076033
3015  0.000000  1.341015  0.000000  0.556871  0.551656  0.076028
3016  0.000000  1.340768  0.000000  0.556603  0.551387  0.076022
3017  0.000000  1.340520  0.000000  0.556336  0.551118  0.076017
3018  0.000000  1.340272  0.000000  0.556069  0.550849  0.076011
3019  0.000000  1.340024  0.000000  0.555801  0.550580  0.076006
3020  0.000000  1.339776  0.000000  0.555534  0.550311  0.076001
3021  0.000000  1.339528  0.000000  0.555267  0.550042  0.075995
3022  0.000000  1.339279  0.000000  0.555000  0.549773  0.075990
3023  0.000000  1.339031  0.000000  0.554733  0.549504  0.075984
3024  0.000000  1.338782  0.000000  0.554466  0.549235  0.075979
3025  0.000000  1.338533  0.000000  0.554199  0.548966  0.075973
3026  0.000000  1.338284  0.000000  0.553931  0.548698  0.075968
3027  0.000000  1.338035  0.000000  0.553665  0.548429  0.075962
3028  0.000000  1.337785  0.000000  0.553398  0.548160  0.075957
3029  0.000000  1.337536  0.000000  0.553131  0.547891  0.075951
3030  0.000000  1.337286  0.000000  0.552864  0.547623  0.075946
3031  0.000000  1.337036  0.000000  0.552597  0.547354  0.075940
3032  0.000000  1.336786  0.000000  0.552330  0.547086  0.075935
3033  0.000000  1.336536  0.000000  0.552063  0.546817  0.075929
3034  0.000000  1.336286  0.000000  0.551797  0.546549  0.075923
3035  0.000000  1.336036  0.000000  0.551530  0.546280  0.075918
3036  0.000000  1.335785  0.000000  0.551263  0.546012  0.075912
3037  0.000000  1.335534  0.000000  0.550997  0.545743  0.075907
3038  0.000000  1.335284  0.000000  0.550730  0.545475  0.075901
3039  0.000000  1.335033  0.000000  0.550464  0.545207  0.075896
3040  0.000000  1.334781  0.000000  0.550197  0.544938  0.075890
3041  0.000000  1.334530  0.000000  0.549931  0.544670  0.075884
3042  0.000000  1.334279  0.000000  0.549665  0.544402  0.075879
3043  0.000000  1.334027  0.000000  0.549398  0.544134  0.075873
3044  0.000000  1.333775  0.000000  0.549132  0.543866  0.075868
3045  0.000000  1.333523  0.000000  0.548866  0.543598  0.075862
3046  0.000000  1.333271  0.000000  0.548599  0.543330  0.075856
3047  0.000000  1.333019  0.000000  0.548333  0.543062  0.075851
3048  0.000000  1.332767  0.000000  0.548067  0.542794  0.075845
3049  0.000000  1.332514  0.000000  0.547801  0.542526  0.075839
3050  0.000000  1.332262  0.000000  0.547535  0.542258  0.075834
3051  0.000000  1.332009  0.000000  0.547269  0.541990  0.075828
3052  0.000000  1.331756  0.000000  0.547003  0.541722  0.075822
3053  0.000000  1.331503  0.000000  0.546737  0.541455  0.075817
3054  0.000000  1.331249  0.000000  0.546471  0.541187  0.075811
3055  0.000000  1.330996  0.000000  0.546205  0.540919  0.075805
3056  0.000000  1.330742  0.000000  0.545939  0.540652  0.075799
3057  0.000000  1.330489  0.000000  0.545674  0.540384  0.075794
3058  0.000000  1.330235  0.000000  0.545408  0.540117  0.075788
3059  0.000000  1.329981  0.000000  0.545142  0.539849  0.075782
3060  0.000000  1.329727  0.000000  0.544876  0.539582  0.075777
3061  0.000000  1.329472  0.000000  0.544611  0.539314  0.075771
3062  0.000000  1.329218  0.000000  0.544345  0.539047  0.075765
3063  0.000000  1.328963  0.000000  0.544080  0.538779  0.075759
3064  0.000000  1.328708  0.000000  0.543814  0.538512  0.075754
3065  0.000000  1.328453  0.000000  0.543549  0.538245  0.075748
3066  0.000000  1.328198  0.000000  0.543283  0.537978  0.075742
3067  0.000000  1.327943  0.000000  0.543018  0.537710  0.075736
3068  0.000000  1.327688  0.000000  0.542753  0.537443  0.075730
3069  0.000000  1.327432  0.000000  0.542487  0.537176  0.075725
3070  0.000000  1.327176  0.000000  0.542222  0.536909  0.075719
3071  0.000000  1.326921  0.000000  0.541957  0.536642  0.075713
3072  0.000000  1.326665  0.000000  0.541692  0.536375  0.075707
3073  0.000000  1.326408  0.000000  0.541427  0.536108  0.075701
3074  0.000000  1.326152  0.000000  0.541161  0.535841  0.075696
3075  0.000000  1.325896  0.000000  0.540896  0.535574  0.075690
3076  0.000000  1.325639  0.000000  0.540631  0.535308  0.075684
3077  0.000000  1.325382  0.000000  0.540366  0.535041  0.075678
3078  0.000000  1.325125  0.000000  0.540102  0.534774  0.075672
3079  0.000000  1.324868  0.000000  0.539837  0.534507  0.075666
3080  0.000000  1.324611  0.000000  0.539572  0.534241  0.075660
3081  0.000000  1.324354  0.000000  0.539307  0.533974  0.075655
3082  0.000000  1.324096  0.000000  0.539042  0.533708  0.075649
3083  0.000000  1.323838  0.000000  0.538778  0.533441  0.075643
3084  0.000000  1.323581  0.000000  0.538513  0.533175  0.075637
3085  0.000000  1.323323  0.000000  0.538248  0.532908  0.075631
3086  0.000000  1.323064  0.000000  0.537984  0.532642  0.075625
3087  0.000000  1.322806  0.000000  0.537719  0.532375  0.075619
3088  0.000000  1.322548  0.000000  0.537455  0.532109  0.075613
3089  0.000000  1.322289  0.000000  0.537190  0.531843  0.075607
3090  0.000000  1.322030  0.000000  0.536926  0.531577  0.075601
3091  0.000000  1.321771  0.000000  0.536661  0.531310  0.075595
3092  0.000000  1.321512  0.000000  0.536397  0.531044  0.075589
3093  0.000000  1.321253  0.000000  0.536133  0.530778  0.075583
3094  0.000000  1.320994  0.000000  0.535868  0.530512  0.075578
3095  0.000000  1.320734  0.000000  0.535604  0.530246  0.075572
3096  0.000000  1.320475  0.000000  0.535340  0.529980  0.075566
3097  0.000000  1.320215  0.000000  0.535076  0.529714  0.075560
3098  0.000000  1.319955  0.000000  0.534812  0.529448  0.075554
3099  0.000000  1.319695  0.000000  0.534548  0.529182  0.075548
3100  0.000000  1.319434  0.000000  0.534284  0.528916  0.075542
3101  0.000000  1.319174  0.000000  0.534020  0.528651  0.075536
3102  0.000000  1.318913  0.000000  0.533756  0.528385  0.075530
3103  0.000000  1.318652  0.000000  0.533492  0.528119  0.075524
3104  0.000000  1.318392  0.000000  0.533228  0.527854  0.075518
3105  0.000000  1.318131  0.000000  0.532964  0.527588  0.075512
3106  0.000000  1.317869  0.000000  0.532701  0.527322  0.075505
3107  0.000000  1.317608  0.000000  0.532437  0.527057  0.075499
3108  0.000000  1.317346  0.000000  0.532173  0.526791  0.075493
3109  0.000000  1.317085  0.000000  0.531910  0.526526  0.075487
3110  0.000000  1.316823  0.000000  0.531646  0.526261  0.075481
3111  0.000000  1.316561  0.000000  0.531383  0.525995  0.075475
3112  0.000000  1.316299  0.000000  0.531119  0.525730  0.075469
3113  0.000000  1.316036  0.000000  0.530856  0.525465  0.075463
3114  0.000000  1.315774  0.000000  0.530592  0.525199  0.075457
3115  0.000000  1.315511  0.000000  0.530329  0.524934  0.075451
3116  0.000000  1.315249  0.000000  0.530066  0.524669  0.075445
3117  0.000000  1.314986  0.000000  0.529802  0.524404  0.075439
3118  0.000000  1.314722  0.000000  0.529539  0.524139  0.075432
3119  0.000000  1.314459  0.000000  0.529276  0.523874  0.075426
3120  0.000000  1.314196  0.000000  0.529013  0.523609  0.075420
3121  0.000000  1.313932  0.000000  0.528750  0.523344  0.075414
3122  0.000000  1.313669  0.000000  0.528487  0.523079  0.075408
3123  0.000000  1.313405  0.000000  0.528224  0.522814  0.075402
3124  0.000000  1.313141  0.000000  0.527961  0.522550  0.075396
3125  0.000000  1.312877  0.000000  0.527698  0.522285  0.075390
3126  0.000000  1.312612  0.000000  0.527435  0.522020  0.075383
3127  0.000000  1.312348  0.000000  0.527172  0.521755  0.075377
3128  0.000000  1.312083  0.000000  0.526909  0.521491  0.075371
3129  0.000000  1.311818  0.000000  0.526647  0.521226  0.075365
3130  0.000000  1.311553  0.000000  0.526384  0.520962  0.075359
3131  0.000000  1.311288  0.000000  0.526121  0.520697  0.075352
3132  0.000000  1.311023  0.000000  0.525859  0.520433  0.075346
3133  0.000000  1.310758  0.000000  0.525596  0.520168  0.075340
3134  0.000000  1.310492  0.000000  0.525333  0.519904  0.075334
3135  0.000000  1.310226  0.000000  0.525071  0.519640  0.075328
3136  0.000000  1.309960  0.000000  0.524809  0.519375  0.075321
3137  0.000000  1.309694  0.000000  0.524546  0.519111  0.075315
3138  0.000000  1.309428  0.000000  0.524284  0.518847  0.075309
3139  0.000000  1.309162  0.000000  0.524021  0.518583  0.075303
3140  0.000000  1.308895  0.000000  0.523759  0.518319  0.075296
3141  0.000000  1.308628  0.000000  0.523497  0.518055  0.075290
3142  0.000000  1.308362  0.000000  0.523235  0.517791  0.075284
3143  0.000000  1.308095  0.000000  0.522973  0.517527  0.075278
3144  0.000000  1.307828  0.000000  0.522711  0.517263  0.075271
3145  0.000000  1.307560  0.000000  0.522449  0.516999  0.075265
3146  0.000000  1.307293  0.000000  0.522187  0.516735  0.075259
3147  0.000000  1.307025  0.000000  0.521925  0.516471  0.075253
3148  0.000000  1.306757  0.000000  0.521663  0.516207  0.075246
3149  0.000000  1.306489  0.000000  0.521401  0.515944  0.075240
3150  0.000000  1.306221  0.000000  0.521139  0.515680  0.075234
3151  0.000000  1.305953  0.000000  0.520877  0.515416  0.075227
3152  0.000000  1.305685  0.000000  0.520616  0.515153  0.075221
3153  0.000000  1.305416  0.000000  0.520354  0.514889  0.075215
3154  0.000000  1.305147  0.000000  0.520092  0.514626  0.075208
3155  0.000000  1.304878  0.000000  0.519831  0.514362  0.075202
3156  0.000000  1.304609  0.000000  0.519569  0.514099  0.075196
3157  0.000000  1.304340  0.000000  0.519308  0.513836  0.075189
3158  0.000000  1.304071  0.000000  0.519046  0.513572  0.075183
3159  0.000000  1.303801  0.000000  0.518785  0.513309  0.075177
3160  0.000000  1.303532  0.000000  0.518523  0.513046  0.075170
3161  0.000000  1.303262  0.000000  0.518262  0.512783  0.075164
3162  0.000000  1.302992  0.000000  0.518001  0.512519  0.075157
3163  0.000000  1.302722  0.000000  0.517740  0.512256  0.075151
3164  0.000000  1.302451  0.000000  0.517478  0.511993  0.075145
3165  0.000000  1.302181  0.000000  0.517217  0.511730  0.075138
3166  0.000000  1.301910  0.000000  0.516956  0.511467  0.075132
3167  0.000000  1.301640  0.000000  0.516695  0.511204  0.075126
3168  0.000000  1.301369  0.000000  0.516434  0.510942  0.075119
3169  0.000000  1.301098  0.000000  0.516173  0.510679  0.075113
3170  0.000000  1.300826  0.000000  0.515912  0.510416  0.075106
3171  0.000000  1.300555  0.000000  0.515651  0.510153  0.075100
3172  0.000000  1.300283  0.000000  0.515391  0.509891  0.075093
3173  0.000000  1.300012  0.000000  0.515130  0.509628  0.075087
3174  0.000000  1.299740  0.000000  0.514869  0.509365  0.075081
3175  0.000000  1.299468  0.000000  0.514608  0.509103  0.075074
3176  0.000000  1.299195  0.000000  0.514348  0.508840  0.075068
3177  0.000000  1.298923  0.000000  0.514087  0.508578  0.075061
3178  0.000000  1.298651  0.000000  0.513827  0.508315  0.075055
3179  0.000000  1.298378  0.000000  0.513566  0.508053  0.075048
3180  0.000000  1.298105  0.000000  0.513306  0.507791  0.075042
3181  0.000000  1.297832  0.000000  0.513045  0.507528  0.075035
3182  0.000000  1.297559  0.000000  0.512785  0.507266  0.075029
3183  0.000000  1.297286  0.000000  0.512525  0.507004  0.075022
3184  0.000000  1.297012  0.000000  0.512264  0.506742  0.075016
3185  0.000000  1.296738  0.000000  0.512004  0.506480  0.075009
3186  0.000000  1.296465  0.000000  0.511744  0.506218  0.075003
3187  0.000000  1.296191  0.000000  0.511484  0.505956  0.074996
3188  0.000000  1.295916  0.000000  0.511224  0.505694  0.074990
3189  0.000000  1.295642  0.000000  0.510964  0.505432  0.074983
3190  0.000000  1.295368  0.000000  0.510704  0.505170  0.074977
3191  0.000000  1.295093  0.000000  0.510444  0.504908  0.074970
3192  0.000000  1.294818  0.000000  0.510184  0.504646  0.074964
3193  0.000000  1.294543  0.000000  0.509924  0.504385  0.074957
3194  0.000000  1.294268  0.000000  0.509664  0.504123  0.074951
3195  0.000000  1.293993  0.000000  0.509404  0.503861  0.074944
3196  0.000000  1.293718  0.000000  0.509145  0.503600  0.074938
3197  0.000000  1.293442  0.000000  0.508885  0.503338  0.074931
3198  0.000000  1.293166  0.000000  0.508625  0.503077  0.074924
3199  0.000000  1.292891  0.000000  0.508366  0.502815  0.074918
3200  0.000000  1.292615  0.000000  0.508106  0.502554  0.074911
3201  0.000000  1.292338  0.000000  0.507847  0.502292  0.074905
3202  0.000000  1.292062  0.000000  0.507587  0.502031  0.074898
3203  0.000000  1.291785  0.000000  0.507328  0.501770  0.074891
3204  0.000000  1.291509  0.000000  0.507069  0.501509  0.074885
3205  0.000000  1.291232  0.000000  0.506809  0.501247  0.074878
3206  0.000000  1.290955  0.000000  0.506550  0.500986  0.074872
3207  0.000000  1.290678  0.000000  0.506291  0.500725  0.074865
3208  0.000000  1.290400  0.000000  0.506032  0.500464  0.074858
3209  0.000000  1.290123  0.000000  0.505773  0.500203  0.074852
3210  0.000000  1.289845  0.000000  0.505514  0.499942  0.074845
3211  0.000000  1.289567  0.000000  0.505255  0.499681  0.074839
3212  0.000000  1.289289  0.000000  0.504996  0.499420  0.074832
3213  0.000000  1.289011  0.000000  0.504737  0.499160  0.074825
3214  0.000000  1.288733  0.000000  0.504478  0.498899  0.074819
3215  0.000000  1.288454  0.000000  0.504219  0.498638  0.074812
3216  0.000000  1.288176  0.000000  0.503960  0.498378  0.074805
3217  0.000000  1.287897  0.000000  0.503702  0.498117  0.074799
3218  0.000000  1.287618  0.000000  0.503443  0.497856  0.074792
3219  0.000000  1.287339  0.000000  0.503184  0.497596  0.074785
3220  0.000000  1.287060  0.000000  0.502926  0.497335  0.074779
3221  0.000000  1.286780  0.000000  0.502667  0.497075  0.074772
3222  0.000000  1.286501  0.000000  0.502409  0.496815  0.074765
3223  0.000000  1.286221  0.000000  0.502150  0.496554  0.074759
3224  0.000000  1.285941  0.000000  0.501892  0.496294  0.074752
3225  0.000000  1.285661  0.000000  0.501634  0.496034  0.074745
3226  0.000000  1.285381  0.000000  0.501375  0.495773  0.074738
3227  0.000000  1.285100  0.000000  0.501117  0.495513  0.074732
3228  0.000000  1.284820  0.000000  0.500859  0.495253  0.074725
3229  0.000000  1.284539  0.000000  0.500601  0.494993  0.074718
3230  0.000000  1.284258  0.000000  0.500343  0.494733  0.074712
3231  0.000000  1.283977  0.000000  0.500085  0.494473  0.074705
3232  0.000000  1.283696  0.000000  0.499827  0.494213  0.074698
3233  0.000000  1.283414  0.000000  0.499569  0.493953  0.074691
3234  0.000000  1.283133  0.000000  0.499311  0.493694  0.074685
3235  0.000000  1.282851  0.000000  0.499053  0.493434  0.074678
3236  0.000000  1.282569  0.000000  0.498795  0.493174  0.074671
3237  0.000000  1.282287  0.000000  0.498537  0.492914  0.074664
3238  0.000000  1.282005  0.000000  0.498280  0.492655  0.074658
3239  0.000000  1.281723  0.000000  0.498022  0.492395  0.074651
3240  0.000000  1.281440  0.000000  0.497764  0.492136  0.074644
3241  0.000000  1.281157  0.000000  0.497507  0.491876  0.074637
3242  0.000000  1.280875  0.000000  0.497249  0.491617  0.074631
3243  0.000000  1.280592  0.000000  0.496992  0.491357  0.074624
3244  0.000000  1.280308  0.000000  0.496734  0.491098  0.074617
3245  0.000000  1.280025  0.000000  0.496477  0.490839  0.074610
3246  0.000000  1.279742  0.000000  0.496220  0.490579  0.074603
3247  0.000000  1.279458  0.000000  0.495962  0.490320  0.074597
3248  0.000000  1.279174  0.000000  0.495705  0.490061  0.074590
3249  0.000000  1.278890  0.000000  0.495448  0.489802  0.074583
3250  0.000000  1.278606  0.000000  0.495191  0.489543  0.074576
3251  0.000000  1.278322  0.000000  0.494934  0.489284  0.074569
3252  0.000000  1.278037  0.000000  0.494677  0.489025  0.074563
3253  0.000000  1.277752  0.000000  0.494420  0.488766  0.074556
3254  0.000000  1.277468  0.000000  0.494163  0.488507  0.074549
3255  0.000000  1.277183  0.000000  0.493906  0.488248  0.074542
3256  0.000000  1.276898  0.000000  0.493649  0.487990  0.074535
3257  0.000000  1.276612  0.000000  0.493392  0.487731  0.074528
3258  0.000000  1.276327  0.000000  0.493135  0.487472  0.074521
3259  0.000000  1.276041  0.000000  0.492879  0.487214  0.074515
3260  0.000000  1.275755  0.000000  0.492622  0.486955  0.074508
3261  0.000000  1.275469  0.000000  0.492366  0.486696  0.074501
3262  0.000000  1.275183  0.000000  0.492109  0.486438  0.074494
3263  0.000000  1.274897  0.000000  0.491853  0.486180  0.074487
3264  0.000000  1.274610  0.000000  0.491596  0.485921  0.074480
3265  0.000000  1.274324  0.000000  0.491340  0.485663  0.074473
3266  0.000000  1.274037  0.000000  0.491083  0.485405  0.074467
3267  0.000000  1.273750  0.000000  0.490827  0.485146  0.074460
3268  0.000000  1.273463  0.000000  0.490571  0.484888  0.074453
3269  0.000000  1.273176  0.000000  0.490315  0.484630  0.074446
3270  0.000000  1.272888  0.000000  0.490058  0.484372  0.074439
3271  0.000000  1.272601  0.000000  0.489802  0.484114  0.074432
3272  0.000000  1.272313  0.000000  0.489546  0.483856  0.074425
3273  0.000000  1.272025  0.000000  0.489290  0.483598  0.074418
3274  0.000000  1.271737  0.000000  0.489034  0.483340  0.074411
3275  0.000000  1.271448  0.000000  0.488778  0.483082  0.074404
3276  0.000000  1.271160  0.000000  0.488523  0.482824  0.074397
3277  0.000000  1.270871  0.000000  0.488267  0.482567  0.074391
3278  0.000000  1.270583  0.000000  0.488011  0.482309  0.074384
3279  0.000000  1.270294  0.000000  0.487755  0.482051  0.074377
3280  0.000000  1.270005  0.000000  0.487500  0.481794  0.074370
3281  0.000000  1.269715  0.000000  0.487244  0.481536  0.074363
3282  0.000000  1.269426  0.000000  0.486989  0.481279  0.074356
3283  0.000000  1.269136  0.000000  0.486733  0.481021  0.074349
3284  0.000000  1.268846  0.000000  0.486478  0.480764  0.074342
3285  0.000000  1.268557  0.000000  0.486222  0.480506  0.074335
3286  0.000000  1.268266  0.000000  0.485967  0.480249  0.074328
3287  0.000000  1.267976  0.000000  0.485712  0.479992  0.074321
3288  0.000000  1.267686  0.000000  0.485456  0.479735  0.074314
3289  0.000000  1.267395  0.000000  0.485201  0.479477  0.074307
3290  0.000000  1.267104  0.000000  0.484946  0.479220  0.074300
3291  0.000000  1.266813  0.000000  0.484691  0.478963  0.074293
3292  0.000000  1.266522  0.000000  0.484436  0.478706  0.074286
3293  0.000000  1.266231  0.000000  0.484181  0.478449  0.074279
3294  0.000000  1.265940  0.000000  0.483926  0.478192  0.074272
3295  0.000000  1.265648  0.000000  0.483671  0.477935  0.074265
3296  0.000000  1.265356  0.000000  0.483416  0.477679  0.074258
3297  0.000000  1.265064  0.000000  0.483161  0.477422  0.074251
3298  0.000000  1.264772  0.000000  0.482907  0.477165  0.074244
3299  0.000000  1.264480  0.000000  0.482652  0.476908  0.074237
3300  0.000000  1.264188  0.000000  0.482397  0.476652  0.074230
3301  0.000000  1.263895  0.000000  0.482143  0.476395  0.074223
3302  0.000000  1.263602  0.000000  0.481888  0.476139  0.074216
3303  0.000000  1.263309  0.000000  0.481634  0.475882  0.074209
3304  0.000000  1.263016  0.000000  0.481379  0.475626  0.074202
3305  0.000000  1.262723  0.000000  0.481125  0.475369  0.074195
3306  0.000000  1.262429  0.000000  0.480870  0.475113  0.074188
3307  0.000000  1.262136  0.000000  0.480616  0.474857  0.074181
3308  0.000000  1.261842  0.000000  0.480362  0.474601  0.074174
3309  0.000000  1.261548  0.000000  0.480108  0.474344  0.074167
3310  0.000000  1.261254  0.000000  0.479854  0.474088  0.074160
3311  0.000000  1.260960  0.000000  0.479599  0.473832  0.074153
3312  0.000000  1.260665  0.000000  0.479345  0.473576  0.074146
3313  0.000000  1.260371  0.000000  0.479091  0.473320  0.074138
3314  0.000000  1.260076  0.000000  0.478838  0.473064  0.074131
3315  0.000000  1.259781  0.000000  0.478584  0.472808  0.074124
3316  0.000000  1.259486  0.000000  0.478330  0.472553  0.074117
3317  0.000000  1.259190  0.000000  0.478076  0.472297  0.074110
3318  0.000000  1.258895  0.000000  0.477822  0.472041  0.074103
3319  0.000000  1.258599  0.000000  0.477569  0.471785  0.074096
3320  0.000000  1.258304  0.000000  0.477315  0.471530  0.074089
3321  0.000000  1.258008  0.000000  0.477061  0.471274  0.074082
3322  0.000000  1.257712  0.000000  0.476808  0.471019  0.074075
3323  0.000000  1.257415  0.000000  0.476554  0.470763  0.074068
3324  0.000000  1.257119  0.000000  0.476301  0.470508  0.074061
3325  0.000000  1.256822  0.000000  0.476048  0.470252  0.074053
3326  0.000000  1.256525  0.000000  0.475794  0.469997  0.074046
3327  0.000000  1.256228  0.000000  0.475541  0.469742  0.074039
3328  0.000000  1.255931  0.000000  0.475288  0.469487  0.074032
3329  0.000000  1.255634  0.000000  0.475035  0.469232  0.074025
3330  0.000000  1.255336  0.000000  0.474782  0.468976  0.074018
3331  0.000000  1.255039  0.000000  0.474528  0.468721  0.074011
3332  0.000000  1.254741  0.000000  0.474275  0.468466  0.074004
3333  0.000000  1.254443  0.000000  0.474022  0.468211  0.073996
3334  0.000000  1.254145  0.000000  0.473770  0.467956  0.073989
3335  0.000000  1.253847  0.000000  0.473517  0.467702  0.073982
3336  0.000000  1.253548  0.000000  0.473264  0.467447  0.073975
3337  0.000000  1.253249  0.000000  0.473011  0.467192  0.073968
3338  0.000000  1.252951  0.000000  0.472758  0.466937  0.073961
3339  0.000000  1.252652  0.000000  0.472506  0.466683  0.073954
3340  0.000000  1.252352  0.000000  0.472253  0.466428  0.073946
3341  0.000000  1.252053  0.000000  0.472001  0.466173  0.073939
3342  0.000000  1.251754  0.000000  0.471748  0.465919  0.073932
3343  0.000000  1.251454  0.000000  0.471496  0.465664  0.073925
3344  0.000000  1.251154  0.000000  0.471243  0.465410  0.073918
3345  0.000000  1.250854  0.000000  0.470991  0.465156  0.073911
3346  0.000000  1.250554  0.000000  0.470739  0.464901  0.073903
3347  0.000000  1.250253  0.000000  0.470486  0.464647  0.073896
3348  0.000000  1.249953  0.000000  0.470234  0.464393  0.073889
3349  0.000000  1.249652  0.000000  0.469982  0.464139  0.073882
3350  0.000000  1.249351  0.000000  0.469730  0.463885  0.073875
3351  0.000000  1.249050  0.000000  0.469478  0.463631  0.073868
3352  0.000000  1.248749  0.000000  0.469226  0.463376  0.073860
3353  0.000000  1.248448  0.000000  0.468974  0.463123  0.073853
3354  0.000000  1.248146  0.000000  0.468722  0.462869  0.073846
3355  0.000000  1.247844  0.000000  0.468470  0.462615  0.073839
3356  0.000000  1.247543  0.000000  0.468219  0.462361  0.073832
3357  0.000000  1.247240  0.000000  0.467967  0.462107  0.073824
3358  0.000000  1.246938  0.000000  0.467715  0.461854  0.073817
3359  0.000000  1.246636  0.000000  0.467464  0.461600  0.073810
3360  0.000000  1.246333  0.000000  0.467212  0.461346  0.073803
3361  0.000000  1.246031  0.000000  0.466961  0.461093  0.073795
3362  0.000000  1.245728  0.000000  0.466709  0.460839  0.073788
3363  0.000000  1.245424  0.000000  0.466458  0.460586  0.073781
3364  0.000000  1.245121  0.000000  0.466206  0.460332  0.073774
3365  0.000000  1.244818  0.000000  0.465955  0.460079  0.073767
3366  0.000000  1.244514  0.000000  0.465704  0.459826  0.073759
3367  0.000000  1.244210  0.000000  0.465453  0.459573  0.073752
3368  0.000000  1.243906  0.000000  0.465202  0.459319  0.073745
3369  0.000000  1.243602  0.000000  0.464951  0.459066  0.073738
3370  0.000000  1.243298  0.000000  0.464700  0.458813  0.073730
3371  0.000000  1.242994  0.000000  0.464449  0.458560  0.073723
3372  0.000000  1.242689  0.000000  0.464198  0.458307  0.073716
3373  0.000000  1.242384  0.000000  0.463947  0.458054  0.073709
3374  0.000000  1.242079  0.000000  0.463696  0.457801  0.073701
3375  0.000000  1.241774  0.000000  0.463445  0.457548  0.073694
3376  0.000000  1.241469  0.000000  0.463194  0.457296  0.073687
3377  0.000000  1.241163  0.000000  0.462944  0.457043  0.073680
3378  0.000000  1.240858  0.000000  0.462693  0.456790  0.073672
3379  0.000000  1.240552  0.000000  0.462443  0.456538  0.073665
3380  0.000000  1.240246  0.000000  0.462192  0.456285  0.073658
3381  0.000000  1.239940  0.000000  0.461942  0.456033  0.073651
3382  0.000000  1.239633  0.000000  0.461691  0.455780  0.073643
3383  0.000000  1.239327  0.000000  0.461441  0.455528  0.073636
3384  0.000000  1.239020  0.000000  0.461191  0.455275  0.073629
3385  0.000000  1.238713  0.000000  0.460940  0.455023  0.073621
3386  0.000000  1.238406  0.000000  0.460690  0.454771  0.073614
3387  0.000000  1.238099  0.000000  0.460440  0.454519  0.073607
3388  0.000000  1.237792  0.000000  0.460190  0.454266  0.073600
3389  0.000000  1.237484  0.000000  0.459940  0.454014  0.073592
3390  0.000000  1.237176  0.000000  0.459690  0.453762  0.073585
3391  0.000000  1.236868  0.000000  0.459440  0.453510  0.073578
3392  0.000000  1.236560  0.000000  0.459190  0.453258  0.073570
3393  0.000000  1.236252  0.000000  0.458940  0.453006  0.073563
3394  0.000000  1.235944  0.000000  0.458691  0.452755  0.073556
3395  0.000000  1.235635  0.000000  0.458441  0.452503  0.073548
3396  0.000000  1.235326  0.000000  0.458191  0.452251  0.073541
3397  0.000000  1.235017  0.000000  0.457942  0.451999  0.073534
3398  0.000000  1.234708  0.000000  0.457692  0.451748  0.073526
3399  0.000000  1.234399  0.000000  0.457443  0.451496  0.073519
3400  0.000000  1.234089  0.000000  0.457193  0.451245  0.073512
3401  0.000000  1.233780  0.000000  0.456944  0.450993  0.073505
3402  0.000000  1.233470  0.000000  0.456695  0.450742  0.073497
3403  0.000000  1.233160  0.000000  0.456445  0.450490  0.073490
3404  0.000000  1.232850  0.000000  0.456196  0.450239  0.073483
3405  0.000000  1.232540  0.000000  0.455947  0.449988  0.073475
3406  0.000000  1.232229  0.000000  0.455698  0.449737  0.073468
3407  0.000000  1.231918  0.000000  0.455449  0.449485  0.073461
3408  0.000000  1.231607  0.000000  0.455200  0.449234  0.073453
3409  0.000000  1.231296  0.000000  0.454951  0.448983  0.073446
3410  0.000000  1.230985  0.000000  0.454702  0.448732  0.073439
3411  0.000000  1.230674  0.000000  0.454453  0.448481  0.073431
3412  0.000000  1.230362  0.000000  0.454204  0.448230  0.073424
3413  0.000000  1.230051  0.000000  0.453956  0.447980  0.073417
3414  0.000000  1.229739  0.000000  0.453707  0.447729  0.073409
3415  0.000000  1.229427  0.000000  0.453458  0.447478  0.073402
3416  0.000000  1.229114  0.000000  0.453210  0.447227  0.073394
3417  0.000000  1.228802  0.000000  0.452961  0.446977  0.073387
3418  0.000000  1.228489  0.000000  0.452713  0.446726  0.073380
3419  0.000000  1.228177  0.000000  0.452464  0.446476  0.073372
3420  0.000000  1.227864  0.000000  0.452216  0.446225  0.073365
3421  0.000000  1.227551  0.000000  0.451968  0.445975  0.073358
3422  0.000000  1.227237  0.000000  0.451719  0.445724  0.073350
3423  0.000000  1.226924  0.000000  0.451471  0.445474  0.073343
3424  0.000000  1.226610  0.000000  0.451223  0.445224  0.073336
3425  0.000000  1.226296  0.000000  0.450975  0.444974  0.073328
3426  0.000000  1.225982  0.000000  0.450727  0.444723  0.073321
3427  0.000000  1.225668  0.000000  0.450479  0.444473  0.073313
3428  0.000000  1.225354  0.000000  0.450231  0.444223  0.073306
3429  0.000000  1.225039  0.000000  0.449983  0.443973  0.073299
3430  0.000000  1.224725  0.000000  0.449735  0.443723  0.073291
3431  0.000000  1.224410  0.000000  0.449488  0.443473  0.073284
3432  0.000000  1.224095  0.000000  0.449240  0.443223  0.073277
3433  0.000000  1.223780  0.000000  0.448992  0.442974  0.073269
3434  0.000000  1.223464  0.000000  0.448745  0.442724  0.073262
3435  0.000000  1.223149  0.000000  0.448497  0.442474  0.073254
3436  0.000000  1.222833  0.000000  0.448250  0.442225  0.073247
3437  0.000000  1.222517  0.000000  0.448002  0.441975  0.073240
3438  0.000000  1.222201  0.000000  0.447755  0.441726  0.073232
3439  0.000000  1.221885  0.000000  0.447508  0.441476  0.073225
3440  0.000000  1.221568  0.000000  0.447260  0.441227  0.073217
3441  0.000000  1.221252  0.000000  0.447013  0.440977  0.073210
3442  0.000000  1.220935  0.000000  0.446766  0.440728  0.073203
3443  0.000000  1.220618  0.000000  0.446519  0.440479  0.073195
3444  0.000000  1.220301  0.000000  0.446272  0.440229  0.073188
3445  0.000000  1.219983  0.000000  0.446025  0.439980  0.073180
3446  0.000000  1.219666  0.000000  0.445778  0.439731  0.073173
3447  0.000000  1.219348  0.000000  0.445531  0.439482  0.073166
3448  0.000000  1.219030  0.000000  0.445284  0.439233  0.073158
3449  0.000000  1.218712  0.000000  0.445037  0.438984  0.073151
3450  0.000000  1.218394  0.000000  0.444791  0.438735  0.073143
3451  0.000000  1.218076  0.000000  0.444544  0.438487  0.073136
3452  0.000000  1.217757  0.000000  0.444297  0.438238  0.073128
3453  0.000000  1.217438  0.000000  0.444051  0.437989  0.073121
3454  0.000000  1.217119  0.000000  0.443804  0.437740  0.073114
3455  0.000000  1.216800  0.000000  0.443558  0.437492  0.073106
3456  0.000000  1.216481  0.000000  0.443311  0.437243  0.073099
3457  0.000000  1.216162  0.000000  0.443065  0.436995  0.073091
3458  0.000000  1.215842  0.000000  0.442819  0.436746  0.073084
3459  0.000000  1.215522  0.000000  0.442573  0.436498  0.073077
3460  0.000000  1.215202  0.000000  0.442326  0.436249  0.073069
3461  0.000000  1.214882  0.000000  0.442080  0.436001  0.073062
3462  0.000000  1.214562  0.000000  0.441834  0.435753  0.073054
3463  0.000000  1.214241  0.000000  0.441588  0.435505  0.073047
3464  0.000000  1.213921  0.000000  0.441342  0.435257  0.073039
3465  0.000000  1.213600  0.000000  0.441096  0.435008  0.073032
3466  0.000000  1.213279  0.000000  0.440851  0.434760  0.073024
3467  0.000000  1.212957  0.000000  0.440605  0.434512  0.073017
3468  0.000000  1.212636  0.000000  0.440359  0.434264  0.073010
3469  0.000000  1.212314  0.000000  0.440113  0.434017  0.073002
3470  0.000000  1.211993  0.000000  0.439868  0.433769  0.072995
3471  0.000000  1.211671  0.000000  0.439622  0.433521  0.072987
3472  0.000000  1.211349  0.000000  0.439377  0.433273  0.072980
3473  0.000000  1.211026  0.000000  0.439131  0.433026  0.072972
3474  0.000000  1.210704  0.000000  0.438886  0.432778  0.072965
3475  0.000000  1.210381  0.000000  0.438640  0.432531  0.072957
3476  0.000000  1.210058  0.000000  0.438395  0.432283  0.072950
3477  0.000000  1.209735  0.000000  0.438150  0.432036  0.072943
3478  0.000000  1.209412  0.000000  0.437905  0.431788  0.072935
3479  0.000000  1.209089  0.000000  0.437660  0.431541  0.072928
3480  0.000000  1.208765  0.000000  0.437415  0.431294  0.072920
3481  0.000000  1.208442  0.000000  0.437170  0.431046  0.072913
3482  0.000000  1.208118  0.000000  0.436925  0.430799  0.072905
3483  0.000000  1.207794  0.000000  0.436680  0.430552  0.072898
3484  0.000000  1.207469  0.000000  0.436435  0.430305  0.072890
3485  0.000000  1.207145  0.000000  0.436190  0.430058  0.072883
3486  0.000000  1.206820  0.000000  0.435945  0.429811  0.072875
3487  0.000000  1.206496  0.000000  0.435701  0.429564  0.072868
3488  0.000000  1.206171  0.000000  0.435456  0.429317  0.072861
3489  0.000000  1.205846  0.000000  0.435211  0.429070  0.072853
3490  0.000000  1.205520  0.000000  0.434967  0.428824  0.072846
3491  0.000000  1.205195  0.000000  0.434723  0.428577  0.072838
3492  0.000000  1.204869  0.000000  0.434478  0.428330  0.072831
3493  0.000000  1.204543  0.000000  0.434234  0.428084  0.072823
3494  0.000000  1.204217  0.000000  0.433990  0.427837  0.072816
3495  0.000000  1.203891  0.000000  0.433745  0.427591  0.072808
3496  0.000000  1.203565  0.000000  0.433501  0.427344  0.072801
3497  0.000000  1.203238  0.000000  0.433257  0.427098  0.072793
3498  0.000000  1.202911  0.000000  0.433013  0.426852  0.072786
3499  0.000000  1.202584  0.000000  0.432769  0.426606  0.072778
3500  0.000000  1.202257  0.000000  0.432525  0.426359  0.072771
3501  0.000000  1.201930  0.000000  0.432281  0.426113  0.072763
3502  0.000000  1.201602  0.000000  0.432037  0.425867  0.072756
3503  0.000000  1.201275  0.000000  0.431793  0.425621  0.072748
3504  0.000000  1.200947  0.000000  0.431550  0.425375  0.072741
3505  0.000000  1.200619  0.000000  0.431306  0.425129  0.072734
3506  0.000000  1.200291  0.000000  0.431062  0.424883  0.072726
3507  0.000000  1.199962  0.000000  0.430819  0.424637  0.072719
3508  0.000000  1.199634  0.000000  0.430575  0.424392  0.072711
3509  0.000000  1.199305  0.000000  0.430332  0.424146  0.072704
3510  0.000000  1.198976  0.000000  0.430089  0.423900  0.072696
3511  0.000000  1.198647  0.000000  0.429845  0.423655  0.072689
3512  0.000000  1.198318  0.000000  0.429602  0.423409  0.072681
3513  0.000000  1.197988  0.000000  0.429359  0.423164  0.072674
3514  0.000000  1.197659  0.000000  0.429116  0.422918  0.072666
3515  0.000000  1.197329  0.000000  0.428873  0.422673  0.072659
3516  0.000000  1.196999  0.000000  0.428629  0.422428  0.072651
3517  0.000000  1.196669  0.000000  0.428386  0.422182  0.072644
3518  0.000000  1.196339  0.000000  0.428144  0.421937  0.072636
3519  0.000000  1.196008  0.000000  0.427901  0.421692  0.072629
3520  0.000000  1.195677  0.000000  0.427658  0.421447  0.072621
3521  0.000000  1.195346  0.000000  0.427415  0.421202  0.072614
3522  0.000000  1.195015  0.000000  0.427172  0.420957  0.072606
3523  0.000000  1.194684  0.000000  0.426930  0.420712  0.072599
3524  0.000000  1.194353  0.000000  0.426687  0.420467  0.072591
3525  0.000000  1.194021  0.000000  0.426445  0.420222  0.072584
3526  0.000000  1.193689  0.000000  0.426202  0.419977  0.072576
3527  0.000000  1.193357  0.000000  0.425960  0.419733  0.072569
3528  0.000000  1.193025  0.000000  0.425717  0.419488  0.072561
3529  0.000000  1.192693  0.000000  0.425475  0.419243  0.072554
3530  0.000000  1.192360  0.000000  0.425233  0.418999  0.072546
3531  0.000000  1.192027  0.000000  0.424991  0.418754  0.072539
3532  0.000000  1.191695  0.000000  0.424748  0.418510  0.072531
3533  0.000000  1.191362  0.000000  0.424506  0.418265  0.072524
3534  0.000000  1.191028  0.000000  0.424264  0.418021  0.072516
3535  0.000000  1.190695  0.000000  0.424022  0.417777  0.072509
3536  0.000000  1.190361  0.000000  0.423780  0.417532  0.072501
3537  0.000000  1.190027  0.000000  0.423539  0.417288  0.072494
3538  0.000000  1.189693  0.000000  0.423297  0.417044  0.072486
3539  0.000000  1.189359  0.000000  0.423055  0.416800  0.072479
3540  0.000000  1.189025  0.000000  0.422813  0.416556  0.072471
3541  0.000000  1.188690  0.000000  0.422572  0.416312  0.072464
3542  0.000000  1.188356  0.000000  0.422330  0.416068  0.072456
3543  0.000000  1.188021  0.000000  0.422089  0.415824  0.072449
3544  0.000000  1.187686  0.000000  0.421847  0.415581  0.072441
3545  0.000000  1.187351  0.000000  0.421606  0.415337  0.072434
3546  0.000000  1.187015  0.000000  0.421364  0.415093  0.072426
3547  0.000000  1.186680  0.000000  0.421123  0.414849  0.072419
3548  0.000000  1.186344  0.000000  0.420882  0.414606  0.072411
3549  0.000000  1.186008  0.000000  0.420641  0.414362  0.072404
3550  0.000000  1.185672  0.000000  0.420399  0.414119  0.072396
3551  0.000000  1.185335  0.000000  0.420158  0.413876  0.072389
3552  0.000000  1.184999  0.000000  0.419917  0.413632  0.072381
3553  0.000000  1.184662  0.000000  0.419676  0.413389  0.072374
3554  0.000000  1.184325  0.000000  0.419436  0.413146  0.072366
3555  0.000000  1.183988  0.000000  0.419195  0.412902  0.072359
3556  0.000000  1.183651  0.000000  0.418954  0.412659  0.072352
3557  0.000000  1.183313  0.000000  0.418713  0.412416  0.072344
3558  0.000000  1.182976  0.000000  0.418473  0.412173  0.072337
3559  0.000000  1.182638  0.000000  0.418232  0.411930  0.072329
3560  0.000000  1.182300  0.000000  0.417991  0.411687  0.072322
3561  0.000000  1.181962  0.000000  0.417751  0.411444  0.072314
3562  0.000000  1.181623  0.000000  0.417511  0.411202  0.072307
3563  0.000000  1.181285  0.000000  0.417270  0.410959  0.072299
3564  0.000000  1.180946  0.000000  0.417030  0.410716  0.072292
3565  0.000000  1.180607  0.000000  0.416790  0.410474  0.072284
3566  0.000000  1.180268  0.000000  0.416549  0.410231  0.072277
3567  0.000000  1.179929  0.000000  0.416309  0.409988  0.072269
3568  0.000000  1.179589  0.000000  0.416069  0.409746  0.072262
3569  0.000000  1.179250  0.000000  0.415829  0.409504  0.072254
3570  0.000000  1.178910  0.000000  0.415589  0.409261  0.072247
3571  0.000000  1.178570  0.000000  0.415349  0.409019  0.072239
3572  0.000000  1.178230  0.000000  0.415109  0.408777  0.072232
3573  0.000000  1.177889  0.000000  0.414870  0.408534  0.072224
3574  0.000000  1.177549  0.000000  0.414630  0.408292  0.072217
3575  0.000000  1.177208  0.000000  0.414390  0.408050  0.072209
3576  0.000000  1.176867  0.000000  0.414150  0.407808  0.072202
3577  0.000000  1.176526  0.000000  0.413911  0.407566  0.072194
3578  0.000000  1.176185  0.000000  0.413671  0.407324  0.072187
3579  0.000000  1.175843  0.000000  0.413432  0.407082  0.072179
3580  0.000000  1.175502  0.000000  0.413192  0.406841  0.072172
3581  0.000000  1.175160  0.000000  0.412953  0.406599  0.072164
3582  0.000000  1.174818  0.000000  0.412714  0.406357  0.072157
3583  0.000000  1.174475  0.000000  0.412475  0.406116  0.072149
3584  0.000000  1.174133  0.000000  0.412235  0.405874  0.072142
3585  0.000000  1.173790  0.000000  0.411996  0.405632  0.072134
3586  0.000000  1.173448  0.000000  0.411757  0.405391  0.072127
3587  0.000000  1.173105  0.000000  0.411518  0.405150  0.072119
3588  0.000000  1.172762  0.000000  0.411279  0.404908  0.072112
3589  0.000000  1.172418  0.000000  0.411040  0.404667  0.072104
3590  0.000000  1.172075  0.000000  0.410802  0.404426  0.072097
3591  0.000000  1.171731  0.000000  0.410563  0.404184  0.072089
3592  0.000000  1.171387  0.000000  0.410324  0.403943  0.072082
3593  0.000000  1.171043  0.000000  0.410086  0.403702  0.072074
3594  0.000000  1.170699  0.000000  0.409847  0.403461  0.072067
3595  0.000000  1.170354  0.000000  0.409608  0.403220  0.072059
3596  0.000000  1.170010  0.000000  0.409370  0.402979  0.072052
3597  0.000000  1.169665  0.000000  0.409131  0.402738  0.072044
3598  0.000000  1.169320  0.000000  0.408893  0.402498  0.072037
3599  0.000000  1.168975  0.000000  0.408655  0.402257  0.072029
3600  0.000000  1.168629  0.000000  0.408417  0.402016  0.072022
3601  0.000000  1.168284  0.000000  0.408178  0.401775  0.072014
3602  0.000000  1.167938  0.000000  0.407940  0.401535  0.072007
3603  0.000000  1.167592  0.000000  0.407702  0.401294  0.071999
3604  0.000000  1.167246  0.000000  0.407464  0.401054  0.071992
3605  0.000000  1.166900  0.000000  0.407226  0.400813  0.071985
3606  0.000000  1.166553  0.000000  0.406988  0.400573  0.071977
3607  0.000000  1.166207  0.000000  0.406750  0.400333  0.071970
3608  0.000000  1.165860  0.000000  0.406513  0.400093  0.071962
3609  0.000000  1.165513  0.000000  0.406275  0.399852  0.071955
3610  0.000000  1.165166  0.000000  0.406037  0.399612  0.071947
3611  0.000000  1.164818  0.000000  0.405800  0.399372  0.071940
3612  0.000000  1.164471  0.000000  0.405562  0.399132  0.071932
3613  0.000000  1.164123  0.000000  0.405325  0.398892  0.071925
3614  0.000000  1.163775  0.000000  0.405087  0.398652  0.071917
3615  0.000000  1.163427  0.000000  0.404850  0.398412  0.071910
3616  0.000000  1.163078  0.000000  0.404613  0.398173  0.071902
3617  0.000000  1.162730  0.000000  0.404375  0.397933  0.071895
3618  0.000000  1.162381  0.000000  0.404138  0.397693  0.071887
3619  0.000000  1.162032  0.000000  0.403901  0.397453  0.071880
3620  0.000000  1.161683  0.000000  0.403664  0.397214  0.071872
3621  0.000000  1.161334  0.000000  0.403427  0.396974  0.071865
3622  0.000000  1.160984  0.000000  0.403190  0.396735  0.071858
3623  0.000000  1.160635  0.000000  0.402953  0.396495  0.071850
3624  0.000000  1.160285  0.000000  0.402716  0.396256  0.071843
3625  0.000000  1.159935  0.000000  0.402479  0.396017  0.071835
3626  0.000000  1.159585  0.000000  0.402243  0.395778  0.071828
3627  0.000000  1.159234  0.000000  0.402006  0.395538  0.071820
3628  0.000000  1.158884  0.000000  0.401769  0.395299  0.071813
3629  0.000000  1.158533  0.000000  0.401533  0.395060  0.071805
3630  0.000000  1.158182  0.000000  0.401296  0.394821  0.071798
3631  0.000000  1.157831  0.000000  0.401060  0.394582  0.071790
3632  0.000000  1.157479  0.000000  0.400823  0.394343  0.071783
3633  0.000000  1.157128  0.000000  0.400587  0.394104  0.071776
3634  0.000000  1.156776  0.000000  0.400351  0.393866  0.071768
3635  0.000000  1.156424  0.000000  0.400115  0.393627  0.071761
3636  0.000000  1.156072  0.000000  0.399878  0.393388  0.071753
3637  0.000000  1.155720  0.000000  0.399642  0.393150  0.071746
3638  0.000000  1.155368  0.000000  0.399406  0.392911  0.071738
3639  0.000000  1.155015  0.000000  0.399170  0.392672  0.071731
3640  0.000000  1.154662  0.000000  0.398934  0.392434  0.071723
3641  0.000000  1.154309  0.000000  0.398699  0.392196  0.071716
3642  0.000000  1.153956  0.000000  0.398463  0.391957  0.071709
3643  0.000000  1.153602  0.000000  0.398227  0.391719  0.071701
3644  0.000000  1.153249  0.000000  0.397991  0.391481  0.071694
3645  0.000000  1.152895  0.000000  0.397756  0.391242  0.071686
3646  0.000000  1.152541  0.000000  0.397520  0.391004  0.071679
3647  0.000000  1.152187  0.000000  0.397285  0.390766  0.071671
3648  0.000000  1.151833  0.000000  0.397049  0.390528  0.071664
3649  0.000000  1.151478  0.000000  0.396814  0.390290  0.071656
3650  0.000000  1.151123  0.000000  0.396578  0.390052  0.071649
3651  0.000000  1.150768  0.000000  0.396343  0.389815  0.071642
3652  0.000000  1.150413  0.000000  0.396108  0.389577  0.071634
3653  0.000000  1.150058  0.000000  0.395873  0.389339  0.071627
3654  0.000000  1.149703  0.000000  0.395638  0.389101  0.071619
3655  0.000000  1.149347  0.000000  0.395403  0.388864  0.071612
3656  0.000000  1.148991  0.000000  0.395168  0.388626  0.071605
3657  0.000000  1.148635  0.000000  0.394933  0.388389  0.071597
3658  0.000000  1.148279  0.000000  0.394698  0.388151  0.071590
3659  0.000000  1.147922  0.000000  0.394463  0.387914  0.071582
3660  0.000000  1.147566  0.000000  0.394228  0.387676  0.071575
3661  0.000000  1.147209  0.000000  0.393994  0.387439  0.071567
3662  0.000000  1.146852  0.000000  0.393759  0.387202  0.071560
3663  0.000000  1.146495  0.000000  0.393524  0.386965  0.071553
3664  0.000000  1.146138  0.000000  0.393290  0.386728  0.071545
3665  0.000000  1.145780  0.000000  0.393056  0.386491  0.071538
3666  0.000000  1.145422  0.000000  0.392821  0.386254  0.071530
3667  0.000000  1.145064  0.000000  0.392587  0.386017  0.071523
3668  0.000000  1.144706  0.000000  0.392353  0.385780  0.071516
3669  0.000000  1.144348  0.000000  0.392118  0.385543  0.071508
3670  0.000000  1.143989  0.000000  0.391884  0.385306  0.071501
3671  0.000000  1.143631  0.000000  0.391650  0.385069  0.071493
3672  0.000000  1.143272  0.000000  0.391416  0.384833  0.071486
3673  0.000000  1.142913  0.000000  0.391182  0.384596  0.071479
3674  0.000000  1.142554  0.000000  0.390948  0.384360  0.071471
3675  0.000000  1.142194  0.000000  0.390714  0.384123  0.071464
3676  0.000000  1.141835  0.000000  0.390480  0.383887  0.071456
3677  0.000000  1.141475  0.000000  0.390247  0.383650  0.071449
3678  0.000000  1.141115  0.000000  0.390013  0.383414  0.071442
3679  0.000000  1.140755  0.000000  0.389779  0.383178  0.071434
3680  0.000000  1.140394  0.000000  0.389546  0.382941  0.071427
3681  0.000000  1.140034  0.000000  0.389312  0.382705  0.071420
3682  0.000000  1.139673  0.000000  0.389079  0.382469  0.071412
3683  0.000000  1.139312  0.000000  0.388845  0.382233  0.071405
3684  0.000000  1.138951  0.000000  0.388612  0.381997  0.071397
3685  0.000000  1.138589  0.000000  0.388379  0.381761  0.071390
3686  0.000000  1.138228  0.000000  0.388146  0.381525  0.071383
3687  0.000000  1.137866  0.000000  0.387913  0.381290  0.071375
3688  0.000000  1.137504  0.000000  0.387679  0.381054  0.071368
3689  0.000000  1.137142  0.000000  0.387446  0.380818  0.071361
3690  0.000000  1.136780  0.000000  0.387213  0.380582  0.071353
3691  0.000000  1.136417  0.000000  0.386981  0.380347  0.071346
3692  0.000000  1.136055  0.000000  0.386748  0.380111  0.071339
3693  0.000000  1.135692  0.000000  0.386515  0.379876  0.071331
3694  0.000000  1.135329  0.000000  0.386282  0.379640  0.071324
3695  0.000000  1.134965  0.000000  0.386049  0.379405  0.071317
3696  0.000000  1.134602  0.000000  0.385817  0.379170  0.071309
3697  0.000000  1.134238  0.000000  0.385584  0.378934  0.071302
3698  0.000000  1.133875  0.000000  0.385352  0.378699  0.071294
3699  0.000000  1.133511  0.000000  0.385119  0.378464  0.071287
3700  0.000000  1.133146  0.000000  0.384887  0.378229  0.071280
3701  0.000000  1.132782  0.000000  0.384655  0.377994  0.071272
3702  0.000000  1.132417  0.000000  0.384422  0.377759  0.071265
3703  0.000000  1.132053  0.000000  0.384190  0.377524  0.071258
3704  0.000000  1.131688  0.000000  0.383958  0.377289  0.071250
3705  0.000000  1.131322  0.000000  0.383726  0.377054  0.071243
3706  0.000000  1.130957  0.000000  0.383494  0.376820  0.071236
3707  0.000000  1.130592  0.000000  0.383262  0.376585  0.071229
3708  0.000000  1.130226  0.000000  0.383030  0.376350  0.071221
3709  0.000000  1.129860  0.000000  0.382798  0.376116  0.071214
3710  0.000000  1.129494  0.000000  0.382566  0.375881  0.071207
3711  0.000000  1.129127  0.000000  0.382335  0.375647  0.071199
3712  0.000000  1.128761  0.000000  0.382103  0.375412  0.071192
3713  0.000000  1.128394  0.000000  0.381871  0.375178  0.071185
3714  0.000000  1.128027  0.000000  0.381640  0.374944  0.071177
3715  0.000000  1.127660  0.000000  0.381408  0.374709  0.071170
3716  0.000000  1.127293  0.000000  0.381177  0.374475  0.071163
3717  0.000000  1.126926  0.000000  0.380946  0.374241  0.071155
3718  0.000000  1.126558  0.000000  0.380714  0.374007  0.071148
3719  0.000000  1.126190  0.000000  0.380483  0.373773  0.071141
3720  0.000000  1.125822  0.000000  0.380252  0.373539  0.071134
3721  0.000000  1.125454  0.000000  0.380021  0.373305  0.071126
3722  0.000000  1.125085  0.000000  0.379790  0.373071  0.071119
3723  0.000000  1.124717  0.000000  0.379559  0.372838  0.071112
3724  0.000000  1.124348  0.000000  0.379328  0.372604  0.071104
3725  0.000000  1.123979  0.000000  0.379097  0.372370  0.071097
3726  0.000000  1.123610  0.000000  0.378866  0.372136  0.071090
3727  0.000000  1.123240  0.000000  0.378635  0.371903  0.071083
3728  0.000000  1.122871  0.000000  0.378404  0.371669  0.071075
3729  0.000000  1.122501  0.000000  0.378174  0.371436  0.071068
3730  0.000000  1.122131  0.000000  0.377943  0.371203  0.071061
3731  0.000000  1.121761  0.000000  0.377713  0.370969  0.071054
3732  0.000000  1.121390  0.000000  0.377482  0.370736  0.071046
3733  0.000000  1.121020  0.000000  0.377252  0.370503  0.071039
3734  0.000000  1.120649  0.000000  0.377021  0.370270  0.071032
3735  0.000000  1.120278  0.000000  0.376791  0.370036  0.071025
3736  0.000000  1.119907  0.000000  0.376561  0.369803  0.071017
3737  0.000000  1.119536  0.000000  0.376331  0.369570  0.071010
3738  0.000000  1.119164  0.000000  0.376100  0.369337  0.071003
3739  0.000000  1.118793  0.000000  0.375870  0.369105  0.070996
3740  0.000000  1.118421  0.000000  0.375640  0.368872  0.070988
3741  0.000000  1.118049  0.000000  0.375410  0.368639  0.070981
3742  0.000000  1.117676  0.000000  0.375181  0.368406  0.070974
3743  0.000000  1.117304  0.000000  0.374951  0.368174  0.070967
3744  0.000000  1.116931  0.000000  0.374721  0.367941  0.070959
3745  0.000000  1.116558  0.000000  0.374491  0.367708  0.070952
3746  0.000000  1.116185  0.000000  0.374262  0.367476  0.070945
3747  0.000000  1.115812  0.000000  0.374032  0.367244  0.070938
3748  0.000000  1.115439  0.000000  0.373803  0.367011  0.070931
3749  0.000000  1.115065  0.000000  0.373573  0.366779  0.070923
3750  0.000000  1.114691  0.000000  0.373344  0.366547  0.070916
3751  0.000000  1.114317  0.000000  0.373114  0.366314  0.070909
3752  0.000000  1.113943  0.000000  0.372885  0.366082  0.070902
3753  0.000000  1.113568  0.000000  0.372656  0.365850  0.070894
3754  0.000000  1.113194  0.000000  0.372427  0.365618  0.070887
3755  0.000000  1.112819  0.000000  0.372198  0.365386  0.070880
3756  0.000000  1.112444  0.000000  0.371969  0.365154  0.070873
3757  0.000000  1.112069  0.000000  0.371740  0.364922  0.070866
3758  0.000000  1.111693  0.000000  0.371511  0.364691  0.070859
3759  0.000000  1.111318  0.000000  0.371282  0.364459  0.070851
3760  0.000000  1.110942  0.000000  0.371053  0.364227  0.070844
3761  0.000000  1.110566  0.000000  0.370824  0.363995  0.070837
3762  0.000000  1.110190  0.000000  0.370595  0.363764  0.070830
3763  0.000000  1.109814  0.000000  0.370367  0.363532  0.070823
3764  0.000000  1.109437  0.000000  0.370138  0.363301  0.070815
3765  0.000000  1.109060  0.000000  0.369910  0.363069  0.070808
3766  0.000000  1.108683  0.000000  0.369681  0.362838  0.070801
3767  0.000000  1.108306  0.000000  0.369453  0.362607  0.070794
3768  0.000000  1.107929  0.000000  0.369225  0.362376  0.070787
3769  0.000000  1.107551  0.000000  0.368996  0.362144  0.070780
3770  0.000000  1.107174  0.000000  0.368768  0.361913  0.070773
3771  0.000000  1.106796  0.000000  0.368540  0.361682  0.070765
3772  0.000000  1.106418  0.000000  0.368312  0.361451  0.070758
3773  0.000000  1.106039  0.000000  0.368084  0.361220  0.070751
3774  0.000000  1.105661  0.000000  0.367856  0.360989  0.070744
3775  0.000000  1.105282  0.000000  0.367628  0.360758  0.070737
3776  0.000000  1.104903  0.000000  0.367400  0.360528  0.070730
3777  0.000000  1.104524  0.000000  0.367172  0.360297  0.070723
3778  0.000000  1.104145  0.000000  0.366945  0.360066  0.070716
3779  0.000000  1.103765  0.000000  0.366717  0.359836  0.070708
3780  0.000000  1.103386  0.000000  0.366489  0.359605  0.070701
3781  0.000000  1.103006  0.000000  0.366262  0.359375  0.070694
3782  0.000000  1.102626  0.000000  0.366034  0.359144  0.070687
3783  0.000000  1.102245  0.000000  0.365807  0.358914  0.070680
3784  0.000000  1.101865  0.000000  0.365580  0.358683  0.070673
3785  0.000000  1.101484  0.000000  0.365352  0.358453  0.070666
3786  0.000000  1.101103  0.000000  0.365125  0.358223  0.070659
3787  0.000000  1.100722  0.000000  0.364898  0.357993  0.070652
3788  0.000000  1.100341  0.000000  0.364671  0.357763  0.070644
3789  0.000000  1.099960  0.000000  0.364444  0.357533  0.070637
3790  0.000000  1.099578  0.000000  0.364217  0.357303  0.070630
3791  0.000000  1.099196  0.000000  0.363990  0.357073  0.070623
3792  0.000000  1.098814  0.000000  0.363763  0.356843  0.070616
3793  0.000000  1.098432  0.000000  0.363536  0.356613  0.070609
3794  0.000000  1.098050  0.000000  0.363309  0.356383  0.070602
3795  0.000000  1.097667  0.000000  0.363083  0.356153  0.070595
3796  0.000000  1.097284  0.000000  0.362856  0.355924  0.070588
3797  0.000000  1.096901  0.000000  0.362629  0.355694  0.070581
3798  0.000000  1.096518  0.000000  0.362403  0.355465  0.070574
3799  0.000000  1.096135  0.000000  0.362176  0.355235  0.070567
3800  0.000000  1.095751  0.000000  0.361950  0.355006  0.070560
3801  0.000000  1.095367  0.000000  0.361724  0.354776  0.070553
3802  0.000000  1.094983  0.000000  0.361497  0.354547  0.070546
3803  0.000000  1.094599  0.000000  0.361271  0.354318  0.070539
3804  0.000000  1.094215  0.000000  0.361045  0.354089  0.070532
3805  0.000000  1.093830  0.000000  0.360819  0.353859  0.070525
3806  0.000000  1.093445  0.000000  0.360593  0.353630  0.070518
3807  0.000000  1.093060  0.000000  0.360367  0.353401  0.070511
3808  0.000000  1.092675  0.000000  0.360141  0.353172  0.070504
3809  0.000000  1.092290  0.000000  0.359915  0.352943  0.070497
3810  0.000000  1.091904  0.000000  0.359689  0.352715  0.070490
3811  0.000000  1.091518  0.000000  0.359463  0.352486  0.070483
3812  0.000000  1.091132  0.000000  0.359238  0.352257  0.070476
3813  0.000000  1.090746  0.000000  0.359012  0.352028  0.070469
3814  0.000000  1.090360  0.000000  0.358787  0.351800  0.070462
3815  0.000000  1.089973  0.000000  0.358561  0.351571  0.070455
3816  0.000000  1.089587  0.000000  0.358336  0.351343  0.070448
3817  0.000000  1.089200  0.000000  0.358110  0.351114  0.070441
3818  0.000000  1.088813  0.000000  0.357885  0.350886  0.070434
3819  0.000000  1.088425  0.000000  0.357660  0.350657  0.070427
3820  0.000000  1.088038  0.000000  0.357435  0.350429  0.070420
3821  0.000000  1.087650  0.000000  0.357209  0.350201  0.070413
3822  0.000000  1.087262  0.000000  0.356984  0.349973  0.070406
3823  0.000000  1.086874  0.000000  0.356759  0.349745  0.070399
3824  0.000000  1.086485  0.000000  0.356534  0.349516  0.070392
3825  0.000000  1.086097  0.000000  0.356309  0.349288  0.070385
3826  0.000000  1.085708  0.000000  0.356085  0.349060  0.070378
3827  0.000000  1.085319  0.000000  0.355860  0.348833  0.070371
3828  0.000000  1.084930  0.000000  0.355635  0.348605  0.070364
3829  0.000000  1.084541  0.000000  0.355411  0.348377  0.070357
3830  0.000000  1.084151  0.000000  0.355186  0.348149  0.070350
3831  0.000000  1.083762  0.000000  0.354961  0.347922  0.070343
3832  0.000000  1.083372  0.000000  0.354737  0.347694  0.070336
3833  0.000000  1.082982  0.000000  0.354513  0.347466  0.070330
3834  0.000000  1.082591  0.000000  0.354288  0.347239  0.070323
3835  0.000000  1.082201  0.000000  0.354064  0.347011  0.070316
3836  0.000000  1.081810  0.000000  0.353840  0.346784  0.070309
3837  0.000000  1.081419  0.000000  0.353615  0.346557  0.070302
3838  0.000000  1.081028  0.000000  0.353391  0.346329  0.070295
3839  0.000000  1.080637  0.000000  0.353167  0.346102  0.070288
3840  0.000000  1.080245  0.000000  0.352943  0.345875  0.070281
3841  0.000000  1.079853  0.000000  0.352719  0.345648  0.070274
3842  0.000000  1.079462  0.000000  0.352496  0.345421  0.070268
3843  0.000000  1.079069  0.000000  0.352272  0.345194  0.070261
3844  0.000000  1.078677  0.000000  0.352048  0.344967  0.070254
3845  0.000000  1.078285  0.000000  0.351824  0.344740  0.070247
3846  0.000000  1.077892  0.000000  0.351601  0.344513  0.070240
3847  0.000000  1.077499  0.000000  0.351377  0.344286  0.070233
3848  0.000000  1.077106  0.000000  0.351154  0.344060  0.070226
3849  0.000000  1.076713  0.000000  0.350930  0.343833  0.070220
3850  0.000000  1.076319  0.000000  0.350707  0.343607  0.070213
3851  0.000000  1.075926  0.000000  0.350483  0.343380  0.070206
3852  0.000000  1.075532  0.000000  0.350260  0.343153  0.070199
3853  0.000000  1.075138  0.000000  0.350037  0.342927  0.070192
3854  0.000000  1.074743  0.000000  0.349814  0.342701  0.070185
3855  0.000000  1.074349  0.000000  0.349591  0.342474  0.070179
3856  0.000000  1.073954  0.000000  0.349368  0.342248  0.070172
3857  0.000000  1.073559  0.000000  0.349145  0.342022  0.070165
3858  0.000000  1.073164  0.000000  0.348922  0.341796  0.070158
3859  0.000000  1.072769  0.000000  0.348699  0.341570  0.070151
3860  0.000000  1.072373  0.000000  0.348476  0.341344  0.070145
3861  0.000000  1.071978  0.000000  0.348254  0.341118  0.070138
3862  0.000000  1.071582  0.000000  0.348031  0.340892  0.070131
3863  0.000000  1.071186  0.000000  0.347808  0.340666  0.070124
3864  0.000000  1.070789  0.000000  0.347586  0.340440  0.070118
3865  0.000000  1.070393  0.000000  0.347363  0.340214  0.070111
3866  0.000000  1.069996  0.000000  0.347141  0.339989  0.070104
3867  0.000000  1.069599  0.000000  0.346919  0.339763  0.070097
3868  0.000000  1.069202  0.000000  0.346696  0.339537  0.070090
3869  0.000000  1.068805  0.000000  0.346474  0.339312  0.070084
3870  0.000000  1.068407  0.000000  0.346252  0.339086  0.070077
3871  0.000000  1.068010  0.000000  0.346030  0.338861  0.070070
3872  0.000000  1.067612  0.000000  0.345808  0.338636  0.070064
3873  0.000000  1.067214  0.000000  0.345586  0.338410  0.070057
3874  0.000000  1.066815  0.000000  0.345364  0.338185  0.070050
3875  0.000000  1.066417  0.000000  0.345142  0.337960  0.070043
3876  0.000000  1.066018  0.000000  0.344920  0.337735  0.070037
3877  0.000000  1.065619  0.000000  0.344698  0.337510  0.070030
3878  0.000000  1.065220  0.000000  0.344477  0.337285  0.070023
3879  0.000000  1.064821  0.000000  0.344255  0.337060  0.070017
3880  0.000000  1.064421  0.000000  0.344034  0.336835  0.070010
3881  0.000000  1.064022  0.000000  0.343812  0.336610  0.070003
3882  0.000000  1.063622  0.000000  0.343591  0.336385  0.069996
3883  0.000000  1.063222  0.000000  0.343369  0.336160  0.069990
3884  0.000000  1.062821  0.000000  0.343148  0.335936  0.069983
3885  0.000000  1.062421  0.000000  0.342927  0.335711  0.069976
3886  0.000000  1.062020  0.000000  0.342705  0.335487  0.069970
3887  0.000000  1.061619  0.000000  0.342484  0.335262  0.069963
3888  0.000000  1.061218  0.000000  0.342263  0.335038  0.069956
3889  0.000000  1.060817  0.000000  0.342042  0.334813  0.069950
3890  0.000000  1.060415  0.000000  0.341821  0.334589  0.069943
3891  0.000000  1.060014  0.000000  0.341600  0.334365  0.069936
3892  0.000000  1.059612  0.000000  0.341380  0.334140  0.069930
3893  0.000000  1.059210  0.000000  0.341159  0.333916  0.069923
3894  0.000000  1.058807  0.000000  0.340938  0.333692  0.069917
3895  0.000000  1.058405  0.000000  0.340717  0.333468  0.069910
3896  0.000000  1.058002  0.000000  0.340497  0.333244  0.069903
3897  0.000000  1.057599  0.000000  0.340276  0.333020  0.069897
3898  0.000000  1.057196  0.000000  0.340056  0.332796  0.069890
3899  0.000000  1.056793  0.000000  0.339835  0.332572  0.069884
3900  0.000000  1.056389  0.000000  0.339615  0.332349  0.069877
3901  0.000000  1.055986  0.000000  0.339395  0.332125  0.069870
3902  0.000000  1.055582  0.000000  0.339175  0.331901  0.069864
3903  0.000000  1.055178  0.000000  0.338954  0.331678  0.069857
3904  0.000000  1.054773  0.000000  0.338734  0.331454  0.069851
3905  0.000000  1.054369  0.000000  0.338514  0.331231  0.069844
3906  0.000000  1.053964  0.000000  0.338294  0.331007  0.069838
3907  0.000000  1.053559  0.000000  0.338074  0.330784  0.069831
3908  0.000000  1.053154  0.000000  0.337855  0.330561  0.069824
3909  0.000000  1.052749  0.000000  0.337635  0.330337  0.069818
3910  0.000000  1.052343  0.000000  0.337415  0.330114  0.069811
3911  0.000000  1.051937  0.000000  0.337195  0.329891  0.069805
3912  0.000000  1.051531  0.000000  0.336976  0.329668  0.069798
3913  0.000000  1.051125  0.000000  0.336756  0.329445  0.069792
3914  0.000000  1.050719  0.000000  0.336537  0.329222  0.069785
3915  0.000000  1.050312  0.000000  0.336317  0.328999  0.069779
3916  0.000000  1.049906  0.000000  0.336098  0.328776  0.069772
3917  0.000000  1.049499  0.000000  0.335879  0.328553  0.069766
3918  0.000000  1.049091  0.000000  0.335659  0.328330  0.069759
3919  0.000000  1.048684  0.000000  0.335440  0.328108  0.069753
3920  0.000000  1.048277  0.000000  0.335221  0.327885  0.069746
3921  0.000000  1.047869  0.000000  0.335002  0.327662  0.069740
3922  0.000000  1.047461  0.000000  0.334783  0.327440  0.069733
3923  0.000000  1.047053  0.000000  0.334564  0.327217  0.069727
3924  0.000000  1.046644  0.000000  0.334345  0.326995  0.069720
3925  0.000000  1.046236  0.000000  0.334126  0.326773  0.069714
3926  0.000000  1.045827  0.000000  0.333908  0.326550  0.069707
3927  0.000000  1.045418  0.000000  0.333689  0.326328  0.069701
3928  0.000000  1.045009  0.000000  0.333470  0.326106  0.069695
3929  0.000000  1.044599  0.000000  0.333252  0.325884  0.069688
3930  0.000000  1.044190  0.000000  0.333033  0.325662  0.069682
3931  0.000000  1.043780  0.000000  0.332815  0.325440  0.069675
3932  0.000000  1.043370  0.000000  0.332596  0.325218  0.069669
3933  0.000000  1.042960  0.000000  0.332378  0.324996  0.069662
3934  0.000000  1.042549  0.000000  0.332160  0.324774  0.069656
3935  0.000000  1.042139  0.000000  0.331941  0.324552  0.069650
3936  0.000000  1.041728  0.000000  0.331723  0.324330  0.069643
3937  0.000000  1.041317  0.000000  0.331505  0.324109  0.069637
3938  0.000000  1.040906  0.000000  0.331287  0.323887  0.069630
3939  0.000000  1.040494  0.000000  0.331069  0.323665  0.069624
3940  0.000000  1.040083  0.000000  0.330851  0.323444  0.069618
3941  0.000000  1.039671  0.000000  0.330633  0.323222  0.069611
3942  0.000000  1.039259  0.000000  0.330416  0.323001  0.069605
3943  0.000000  1.038847  0.000000  0.330198  0.322780  0.069599
3944  0.000000  1.038434  0.000000  0.329980  0.322558  0.069592
3945  0.000000  1.038021  0.000000  0.329763  0.322337  0.069586
3946  0.000000  1.037609  0.000000  0.329545  0.322116  0.069580
3947  0.000000  1.037196  0.000000  0.329328  0.321895  0.069573
3948  0.000000  1.036782  0.000000  0.329110  0.321674  0.069567
3949  0.000000  1.036369  0.000000  0.328893  0.321453  0.069561
3950  0.000000  1.035955  0.000000  0.328676  0.321232  0.069554
3951  0.000000  1.035541  0.000000  0.328458  0.321011  0.069548
3952  0.000000  1.035127  0.000000  0.328241  0.320790  0.069542
3953  0.000000  1.034713  0.000000  0.328024  0.320569  0.069535
3954  0.000000  1.034298  0.000000  0.327807  0.320348  0.069529
3955  0.000000  1.033884  0.000000  0.327590  0.320128  0.069523
3956  0.000000  1.033469  0.000000  0.327373  0.319907  0.069517
3957  0.000000  1.033054  0.000000  0.327156  0.319687  0.069510
3958  0.000000  1.032638  0.000000  0.326939  0.319466  0.069504
3959  0.000000  1.032223  0.000000  0.326723  0.319246  0.069498
3960  0.000000  1.031807  0.000000  0.326506  0.319025  0.069492
3961  0.000000  1.031391  0.000000  0.326289  0.318805  0.069485
3962  0.000000  1.030975  0.000000  0.326073  0.318584  0.069479
3963  0.000000  1.030559  0.000000  0.325856  0.318364  0.069473
3964  0.000000  1.030142  0.000000  0.325640  0.318144  0.069467
3965  0.000000  1.029726  0.000000  0.325423  0.317924  0.069460
3966  0.000000  1.029309  0.000000  0.325207  0.317704  0.069454
3967  0.000000  1.028892  0.000000  0.324991  0.317484  0.069448
3968  0.000000  1.028474  0.000000  0.324775  0.317264  0.069442
3969  0.000000  1.028057  0.000000  0.324558  0.317044  0.069436
3970  0.000000  1.027639  0.000000  0.324342  0.316824  0.069429
3971  0.000000  1.027221  0.000000  0.324126  0.316604  0.069423
3972  0.000000  1.026803  0.000000  0.323910  0.316385  0.069417
3973  0.000000  1.026384  0.000000  0.323695  0.316165  0.069411
3974  0.000000  1.025966  0.000000  0.323479  0.315945  0.069405
3975  0.000000  1.025547  0.000000  0.323263  0.315726  0.069399
3976  0.000000  1.025128  0.000000  0.323047  0.315506  0.069392
3977  0.000000  1.024709  0.000000  0.322832  0.315287  0.069386
3978  0.000000  1.024289  0.000000  0.322616  0.315067  0.069380
3979  0.000000  1.023870  0.000000  0.322400  0.314848  0.069374
3980  0.000000  1.023450  0.000000  0.322185  0.314629  0.069368
3981  0.000000  1.023030  0.000000  0.321970  0.314410  0.069362
3982  0.000000  1.022610  0.000000  0.321754  0.314190  0.069356
3983  0.000000  1.022189  0.000000  0.321539  0.313971  0.069350
3984  0.000000  1.021769  0.000000  0.321324  0.313752  0.069343
3985  0.000000  1.021348  0.000000  0.321109  0.313533  0.069337
3986  0.000000  1.020927  0.000000  0.320893  0.313314  0.069331
3987  0.000000  1.020506  0.000000  0.320678  0.313095  0.069325
3988  0.000000  1.020084  0.000000  0.320463  0.312876  0.069319
3989  0.000000  1.019662  0.000000  0.320249  0.312658  0.069313
3990  0.000000  1.019241  0.000000  0.320034  0.312439  0.069307
3991  0.000000  1.018818  0.000000  0.319819  0.312220  0.069301
3992  0.000000  1.018396  0.000000  0.319604  0.312002  0.069295
3993  0.000000  1.017974  0.000000  0.319390  0.311783  0.069289
3994  0.000000  1.017551  0.000000  0.319175  0.311565  0.069283
3995  0.000000  1.017128  0.000000  0.318960  0.311346  0.069277
3996  0.000000  1.016705  0.000000  0.318746  0.311128  0.069271
3997  0.000000  1.016282  0.000000  0.318531  0.310909  0.069265
3998  0.000000  1.015858  0.000000  0.318317  0.310691  0.069259
3999  0.000000  1.015434  0.000000  0.318103  0.310473  0.069253
4000  0.000000  1.015010  0.000000  0.317889  0.310255  0.069247
4001  0.000000  1.014586  0.000000  0.317674  0.310037  0.069241
4002  0.000000  1.014162  0.000000  0.317460  0.309819  0.069235
4003  0.000000  1.013737  0.000000  0.317246  0.309601  0.069229
4004  0.000000  1.013313  0.000000  0.317032  0.309383  0.069223
4005  0.000000  1.012888  0.000000  0.316818  0.309165  0.069217
4006  0.000000  1.012463  0.000000  0.316604  0.308947  0.069211
4007  0.000000  1.012037  0.000000  0.316391  0.308729  0.069205
4008  0.000000  1.011612  0.000000  0.316177  0.308511  0.069199
4009  0.000000  1.011186  0.000000  0.315963  0.308294  0.069193
4010  0.000000  1.010760  0.000000  0.315749  0.308076  0.069187
4011  0.000000  1.010334  0.000000  0.315536  0.307859  0.069181
4012  0.000000  1.009907  0.000000  0.315322  0.307641  0.069175
4013  0.000000  1.009481  0.000000  0.315109  0.307424  0.069170
4014  0.000000  1.009054  0.000000  0.314896  0.307206  0.069164
4015  0.000000  1.008627  0.000000  0.314682  0.306989  0.069158
4016  0.000000  1.008199  0.000000  0.314469  0.306772  0.069152
4017  0.000000  1.007772  0.000000  0.314256  0.306554  0.069146
4018  0.000000  1.007344  0.000000  0.314043  0.306337  0.069140
4019  0.000000  1.006916  0.000000  0.313830  0.306120  0.069134
4020  0.000000  1.006488  0.000000  0.313617  0.305903  0.069128
4021  0.000000  1.006060  0.000000  0.313404  0.305686  0.069123
4022  0.000000  1.005632  0.000000  0.313191  0.305469  0.069117
4023  0.000000  1.005203  0.000000  0.312978  0.305252  0.069111
4024  0.000000  1.004774  0.000000  0.312765  0.305035  0.069105
4025  0.000000  1.004345  0.000000  0.312552  0.304818  0.069099
4026  0.000000  1.003916  0.000000  0.312340  0.304602  0.069093
4027  0.000000  1.003486  0.000000  0.312127  0.304385  0.069088
4028  0.000000  1.003056  0.000000  0.311915  0.304168  0.069082
4029  0.000000  1.002626  0.000000  0.311702  0.303952  0.069076
4030  0.000000  1.002196  0.000000  0.311490  0.303735  0.069070
4031  0.000000  1.001766  0.000000  0.311277  0.303519  0.069065
4032  0.000000  1.001335  0.000000  0.311065  0.303302  0.069059
4033  0.000000  1.000904  0.000000  0.310853  0.303086  0.069053
4034  0.000000  1.000473  0.000000  0.310641  0.302870  0.069047
4035  0.000000  1.000042  0.000000  0.310429  0.302654  0.069041
4036  0.000000  0.999611  0.000000  0.310217  0.302437  0.069036
4037  0.000000  0.999179  0.000000  0.310005  0.302221  0.069030
4038  0.000000  0.998747  0.000000  0.309793  0.302005  0.069024
4039  0.000000  0.998315  0.000000  0.309581  0.301789  0.069019
4040  0.000000  0.997883  0.000000  0.309369  0.301573  0.069013
4041  0.000000  0.997451  0.000000  0.309157  0.301357  0.069007
4042  0.000000  0.997018  0.000000  0.308946  0.301142  0.069001
4043  0.000000  0.996585  0.000000  0.308734  0.300926  0.068996
4044  0.000000  0.996152  0.000000  0.308523  0.300710  0.068990
4045  0.000000  0.995719  0.000000  0.308311  0.300494  0.068984
4046  0.000000  0.995285  0.000000  0.308100  0.300279  0.068979
4047  0.000000  0.994852  0.000000  0.307888  0.300063  0.068973
4048  0.000000  0.994418  0.000000  0.307677  0.299848  0.068968
4049  0.000000  0.993984  0.000000  0.307466  0.299632  0.068962
4050  0.000000  0.993549  0.000000  0.307255  0.299417  0.068956
4051  0.000000  0.993115  0.000000  0.307043  0.299201  0.068951
4052  0.000000  0.992680  0.000000  0.306832  0.298986  0.068945
4053  0.000000  0.992245  0.000000  0.306621  0.298771  0.068939
4054  0.000000  0.991810  0.000000  0.306410  0.298556  0.068934
4055  0.000000  0.991375  0.000000  0.306200  0.298341  0.068928
4056  0.000000  0.990939  0.000000  0.305989  0.298125  0.068923
4057  0.000000  0.990503  0.000000  0.305778  0.297910  0.068917
4058  0.000000  0.990067  0.000000  0.305567  0.297695  0.068911
4059  0.000000  0.989631  0.000000  0.305357  0.297481  0.068906
4060  0.000000  0.989195  0.000000  0.305146  0.297266  0.068900
4061  0.000000  0.988758  0.000000  0.304936  0.297051  0.068895
4062  0.000000  0.988321  0.000000  0.304725  0.296836  0.068889
4063  0.000000  0.987884  0.000000  0.304515  0.296621  0.068884
4064  0.000000  0.987447  0.000000  0.304304  0.296407  0.068878
4065  0.000000  0.987009  0.000000  0.304094  0.296192  0.068873
4066  0.000000  0.986572  0.000000  0.303884  0.295978  0.068867
4067  0.000000  0.986134  0.000000  0.303674  0.295763  0.068862
4068  0.000000  0.985696  0.000000  0.303464  0.295549  0.068856
4069  0.000000  0.985258  0.000000  0.303254  0.295334  0.068851
4070  0.000000  0.984819  0.000000  0.303044  0.295120  0.068845
4071  0.000000  0.984380  0.000000  0.302834  0.294906  0.068840
4072  0.000000  0.983941  0.000000  0.302624  0.294692  0.068834
4073  0.000000  0.983502  0.000000  0.302414  0.294478  0.068829
4074  0.000000  0.983063  0.000000  0.302205  0.294263  0.068823
4075  0.000000  0.982623  0.000000  0.301995  0.294049  0.068818
4076  0.000000  0.982184  0.000000  0.301785  0.293835  0.068813
4077  0.000000  0.981744  0.000000  0.301576  0.293621  0.068807
4078  0.000000  0.981303  0.000000  0.301366  0.293408  0.068802
4079  0.000000  0.980863  0.000000  0.301157  0.293194  0.068796
4080  0.000000  0.980422  0.000000  0.300948  0.292980  0.068791
4081  0.000000  0.979982  0.000000  0.300738  0.292766  0.068785
4082  0.000000  0.979540  0.000000  0.300529  0.292553  0.068780
4083  0.000000  0.979099  0.000000  0.300320  0.292339  0.068775
4084  0.000000  0.978658  0.000000  0.300111  0.292126  0.068769
4085  0.000000  0.978216  0.000000  0.299902  0.291912  0.068764
4086  0.000000  0.977774  0.000000  0.299693  0.291699  0.068759
4087  0.000000  0.977332  0.000000  0.299484  0.291485  0.068753
4088  0.000000  0.976890  0.000000  0.299275  0.291272  0.068748
4089  0.000000  0.976447  0.000000  0.299066  0.291059  0.068743
4090  0.000000  0.976005  0.000000  0.298858  0.290845  0.068737
4091  0.000000  0.975562  0.000000  0.298649  0.290632  0.068732
4092  0.000000  0.975119  0.000000  0.298440  0.290419  0.068727
4093  0.000000  0.974675  0.000000  0.298232  0.290206  0.068721
4094  0.000000  0.974232  0.000000  0.298023  0.289993  0.068716
4095  0.000000  0.973788  0.000000  0.297815  0.289780  0.068711
4096  0.000000  0.973344  0.000000  0.297607  0.289567  0.068706
4097  0.000000  0.972900  0.000000  0.297398  0.289354  0.068700
4098  0.000000  0.972455  0.000000  0.297190  0.289142  0.068695
4099  0.000000  0.972011  0.000000  0.296982  0.288929  0.068690
4100  0.000000  0.971566  0.000000  0.296774  0.288716  0.068685
4101  0.000000  0.971121  0.000000  0.296566  0.288504  0.068679
4102  0.000000  0.970676  0.000000  0.296358  0.288291  0.068674
4103  0.000000  0.970230  0.000000  0.296150  0.288079  0.068669
4104  0.000000  0.969784  0.000000  0.295942  0.287866  0.068664
4105  0.000000  0.969339  0.000000  0.295734  0.287654  0.068659
4106  0.000000  0.968893  0.000000  0.295526  0.287441  0.068653
4107  0.000000  0.968446  0.000000  0.295319  0.287229  0.068648
4108  0.000000  0.968000  0.000000  0.295111  0.287017  0.068643
4109  0.000000  0.967553  0.000000  0.294903  0.286805  0.068638
4110  0.000000  0.967106  0.000000  0.294696  0.286593  0.068633
4111  0.000000  0.966659  0.000000  0.294489  0.286380  0.068628
4112  0.000000  0.966212  0.000000  0.294281  0.286168  0.068622
4113  0.000000  0.965764  0.000000  0.294074  0.285956  0.068617
4114  0.000000  0.965316  0.000000  0.293867  0.285745  0.068612
4115  0.000000  0.964868  0.000000  0.293659  0.285533  0.068607
4116  0.000000  0.964420  0.000000  0.293452  0.285321  0.068602
4117  0.000000  0.963971  0.000000  0.293245  0.285109  0.068597
4118  0.000000  0.963523  0.000000  0.293038  0.284897  0.068592
4119  0.000000  0.963074  0.000000  0.292831  0.284686  0.068587
4120  0.000000  0.962625  0.000000  0.292624  0.284474  0.068582
4121  0.000000  0.962176  0.000000  0.292418  0.284263  0.068577
4122  0.000000  0.961726  0.000000  0.292211  0.284051  0.068572
4123  0.000000  0.961276  0.000000  0.292004  0.283840  0.068567
4124  0.000000  0.960827  0.000000  0.291797  0.283628  0.068562
4125  0.000000  0.960376  0.000000  0.291591  0.283417  0.068557
4126  0.000000  0.959926  0.000000  0.291384  0.283206  0.068551
4127  0.000000  0.959476  0.000000  0.291178  0.282995  0.068546
4128  0.000000  0.959025  0.000000  0.290972  0.282783  0.068542
4129  0.000000  0.958574  0.000000  0.290765  0.282572  0.068537
4130  0.000000  0.958123  0.000000  0.290559  0.282361  0.068532
4131  0.000000  0.957671  0.000000  0.290353  0.282150  0.068527
4132  0.000000  0.957220  0.000000  0.290147  0.281939  0.068522
4133  0.000000  0.956768  0.000000  0.289940  0.281729  0.068517
4134  0.000000  0.956316  0.000000  0.289734  0.281518  0.068512
4135  0.000000  0.955864  0.000000  0.289528  0.281307  0.068507
4136  0.000000  0.955411  0.000000  0.289323  0.281096  0.068502
4137  0.000000  0.954958  0.000000  0.289117  0.280886  0.068497
4138  0.000000  0.954506  0.000000  0.288911  0.280675  0.068492
4139  0.000000  0.954052  0.000000  0.288705  0.280464  0.068487
4140  0.000000  0.953599  0.000000  0.288500  0.280254  0.068482
4141  0.000000  0.953146  0.000000  0.288294  0.280043  0.068477
4142  0.000000  0.952692  0.000000  0.288088  0.279833  0.068473
4143  0.000000  0.952238  0.000000  0.287883  0.279623  0.068468
4144  0.000000  0.951784  0.000000  0.287678  0.279412  0.068463
4145  0.000000  0.951329  0.000000  0.287472  0.279202  0.068458
4146  0.000000  0.950875  0.000000  0.287267  0.278992  0.068453
4147  0.000000  0.950420  0.000000  0.287062  0.278782  0.068448
4148  0.000000  0.949965  0.000000  0.286857  0.278572  0.068443
4149  0.000000  0.949510  0.000000  0.286651  0.278362  0.068439
4150  0.000000  0.949054  0.000000  0.286446  0.278152  0.068434
4151  0.000000  0.948599  0.000000  0.286241  0.277942  0.068429
4152  0.000000  0.948143  0.000000  0.286037  0.277732  0.068424
4153  0.000000  0.947687  0.000000  0.285832  0.277522  0.068420
4154  0.000000  0.947230  0.000000  0.285627  0.277312  0.068415
4155  0.000000  0.946774  0.000000  0.285422  0.277103  0.068410
4156  0.000000  0.946317  0.000000  0.285217  0.276893  0.068405
4157  0.000000  0.945860  0.000000  0.285013  0.276683  0.068401
4158  0.000000  0.945403  0.000000  0.284808  0.276474  0.068396
4159  0.000000  0.944946  0.000000  0.284604  0.276264  0.068391
4160  0.000000  0.944488  0.000000  0.284399  0.276055  0.068386
4161  0.000000  0.944030  0.000000  0.284195  0.275846  0.068382
4162  0.000000  0.943572  0.000000  0.283991  0.275636  0.068377
4163  0.000000  0.943114  0.000000  0.283787  0.275427  0.068372
4164  0.000000  0.942655  0.000000  0.283582  0.275218  0.068368
4165  0.000000  0.942197  0.000000  0.283378  0.275009  0.068363
4166  0.000000  0.941738  0.000000  0.283174  0.274799  0.068358
4167  0.000000  0.941279  0.000000  0.282970  0.274590  0.068354
4168  0.000000  0.940820  0.000000  0.282766  0.274381  0.068349
4169  0.000000  0.940360  0.000000  0.282562  0.274172  0.068344
4170  0.000000  0.939900  0.000000  0.282359  0.273964  0.068340
4171  0.000000  0.939440  0.000000  0.282155  0.273755  0.068335
4172  0.000000  0.938980  0.000000  0.281951  0.273546  0.068331
4173  0.000000  0.938520  0.000000  0.281747  0.273337  0.068326
4174  0.000000  0.938059  0.000000  0.281544  0.273128  0.068322
4175  0.000000  0.937598  0.000000  0.281340  0.272920  0.068317
4176  0.000000  0.937137  0.000000  0.281137  0.272711  0.068312
4177  0.000000  0.936676  0.000000  0.280934  0.272503  0.068308
4178  0.000000  0.936215  0.000000  0.280730  0.272294  0.068303
4179  0.000000  0.935753  0.000000  0.280527  0.272086  0.068299
4180  0.000000  0.935291  0.000000  0.280324  0.271877  0.068294
4181  0.000000  0.934829  0.000000  0.280121  0.271669  0.068290
4182  0.000000  0.934367  0.000000  0.279918  0.271461  0.068285
4183  0.000000  0.933904  0.000000  0.279715  0.271253  0.068281
4184  0.000000  0.933442  0.000000  0.279512  0.271044  0.068276
4185  0.000000  0.932979  0.000000  0.279309  0.270836  0.068272
4186  0.000000  0.932515  0.000000  0.279106  0.270628  0.068267
4187  0.000000  0.932052  0.000000  0.278903  0.270420  0.068263
4188  0.000000  0.931588  0.000000  0.278700  0.270212  0.068258
4189  0.000000  0.931125  0.000000  0.278498  0.270005  0.068254
4190  0.000000  0.930661  0.000000  0.278295  0.269797  0.068250
4191  0.000000  0.930196  0.000000  0.278093  0.269589  0.068245
4192  0.000000  0.929732  0.000000  0.277890  0.269381  0.068241
4193  0.000000  0.929267  0.000000  0.277688  0.269173  0.068236
4194  0.000000  0.928802  0.000000  0.277486  0.268966  0.068232
4195  0.000000  0.928337  0.000000  0.277283  0.268758  0.068228
4196  0.000000  0.927872  0.000000  0.277081  0.268551  0.068223
4197  0.000000  0.927406  0.000000  0.276879  0.268343  0.068219
4198  0.000000  0.926941  0.000000  0.276677  0.268136  0.068215
4199  0.000000  0.926475  0.000000  0.276475  0.267929  0.068210
4200  0.000000  0.926008  0.000000  0.276273  0.267721  0.068206
4201  0.000000  0.925542  0.000000  0.276071  0.267514  0.068202
4202  0.000000  0.925075  0.000000  0.275869  0.267307  0.068197
4203  0.000000  0.924609  0.000000  0.275667  0.267100  0.068193
4204  0.000000  0.924141  0.000000  0.275466  0.266892  0.068189
4205  0.000000  0.923674  0.000000  0.275264  0.266685  0.068185
4206  0.000000  0.923207  0.000000  0.275062  0.266478  0.068180
4207  0.000000  0.922739  0.000000  0.274861  0.266272  0.068176
4208  0.000000  0.922271  0.000000  0.274659  0.266065  0.068172
4209  0.000000  0.921803  0.000000  0.274458  0.265858  0.068168
4210  0.000000  0.921335  0.000000  0.274257  0.265651  0.068163
4211  0.000000  0.920866  0.000000  0.274055  0.265444  0.068159
4212  0.000000  0.920397  0.000000  0.273854  0.265238  0.068155
4213  0.000000  0.919928  0.000000  0.273653  0.265031  0.068151
4214  0.000000  0.919459  0.000000  0.273452  0.264824  0.068147
4215  0.000000  0.918990  0.000000  0.273251  0.264618  0.068142
4216  0.000000  0.918520  0.000000  0.273050  0.264411  0.068138
4217  0.000000  0.918050  0.000000  0.272849  0.264205  0.068134
4218  0.000000  0.917580  0.000000  0.272648  0.263999  0.068130
4219  0.000000  0.917110  0.000000  0.272447  0.263792  0.068126
4220  0.000000  0.916639  0.000000  0.272247  0.263586  0.068122
4221  0.000000  0.916168  0.000000  0.272046  0.263380  0.068118
4222  0.000000  0.915697  0.000000  0.271845  0.263174  0.068113
4223  0.000000  0.915226  0.000000  0.271645  0.262968  0.068109
4224  0.000000  0.914755  0.000000  0.271444  0.262762  0.068105
4225  0.000000  0.914283  0.000000  0.271244  0.262556  0.068101
4226  0.000000  0.913811  0.000000  0.271043  0.262350  0.068097
4227  0.000000  0.913339  0.000000  0.270843  0.262144  0.068093
4228  0.000000  0.912867  0.000000  0.270643  0.261938  0.068089
4229  0.000000  0.912395  0.000000  0.270443  0.261732  0.068085
4230  0.000000  0.911922  0.000000  0.270243  0.261526  0.068081
4231  0.000000  0.911449  0.000000  0.270043  0.261321  0.068077
4232  0.000000  0.910976  0.000000  0.269843  0.261115  0.068073
4233  0.000000  0.910503  0.000000  0.269643  0.260910  0.068069
4234  0.000000  0.910029  0.000000  0.269443  0.260704  0.068065
4235  0.000000  0.909555  0.000000  0.269243  0.260499  0.068061
4236  0.000000  0.909081  0.000000  0.269043  0.260293  0.068057
4237  0.000000  0.908607  0.000000  0.268844  0.260088  0.068053
4238  0.000000  0.908133  0.000000  0.268644  0.259882  0.068049
4239  0.000000  0.907658  0.000000  0.268444  0.259677  0.068045
4240  0.000000  0.907183  0.000000  0.268245  0.259472  0.068041
4241  0.000000  0.906708  0.000000  0.268045  0.259267  0.068038
4242  0.000000  0.906233  0.000000  0.267846  0.259062  0.068034
4243  0.000000  0.905757  0.000000  0.267647  0.258857  0.068030
4244  0.000000  0.905281  0.000000  0.267448  0.258652  0.068026
4245  0.000000  0.904805  0.000000  0.267248  0.258447  0.068022
4246  0.000000  0.904329  0.000000  0.267049  0.258242  0.068018
4247  0.000000  0.903853  0.000000  0.266850  0.258037  0.068014
4248  0.000000  0.903376  0.000000  0.266651  0.257832  0.068010
4249  0.000000  0.902899  0.000000  0.266452  0.257627  0.068007
4250  0.000000  0.902422  0.000000  0.266253  0.257423  0.068003
4251  0.000000  0.901945  0.000000  0.266055  0.257218  0.067999
4252  0.000000  0.901467  0.000000  0.265856  0.257013  0.067995
4253  0.000000  0.900990  0.000000  0.265657  0.256809  0.067992
4254  0.000000  0.900512  0.000000  0.265458  0.256604  0.067988
4255  0.000000  0.900034  0.000000  0.265260  0.256400  0.067984
4256  0.000000  0.899555  0.000000  0.265061  0.256196  0.067980
4257  0.000000  0.899077  0.000000  0.264863  0.255991  0.067977
4258  0.000000  0.898598  0.000000  0.264665  0.255787  0.067973
4259  0.000000  0.898119  0.000000  0.264466  0.255583  0.067969
4260  0.000000  0.897640  0.000000  0.264268  0.255379  0.067965
4261  0.000000  0.897160  0.000000  0.264070  0.255175  0.067962
4262  0.000000  0.896680  0.000000  0.263872  0.254970  0.067958
4263  0.000000  0.896201  0.000000  0.263674  0.254766  0.067954
4264  0.000000  0.895720  0.000000  0.263476  0.254562  0.067951
4265  0.000000  0.895240  0.000000  0.263278  0.254359  0.067947
4266  0.000000  0.894760  0.000000  0.263080  0.254155  0.067943
4267  0.000000  0.894279  0.000000  0.262882  0.253951  0.067940
4268  0.000000  0.893798  0.000000  0.262684  0.253747  0.067936
4269  0.000000  0.893317  0.000000  0.262486  0.253543  0.067933
4270  0.000000  0.892835  0.000000  0.262289  0.253340  0.067929
4271  0.000000  0.892353  0.000000  0.262091  0.253136  0.067925
4272  0.000000  0.891872  0.000000  0.261894  0.252933  0.067922
4273  0.000000  0.891389  0.000000  0.261696  0.252729  0.067918
4274  0.000000  0.890907  0.000000  0.261499  0.252526  0.067915
4275  0.000000  0.890425  0.000000  0.261301  0.252322  0.067911
4276  0.000000  0.889942  0.000000  0.261104  0.252119  0.067908
4277  0.000000  0.889459  0.000000  0.260907  0.251916  0.067904
4278  0.000000  0.888976  0.000000  0.260710  0.251712  0.067901
4279  0.000000  0.888492  0.000000  0.260513  0.251509  0.067897
4280  0.000000  0.888009  0.000000  0.260316  0.251306  0.067894
4281  0.000000  0.887525  0.000000  0.260119  0.251103  0.067890
4282  0.000000  0.887041  0.000000  0.259922  0.250900  0.067887
4283  0.000000  0.886556  0.000000  0.259725  0.250697  0.067883
4284  0.000000  0.886072  0.000000  0.259528  0.250494  0.067880
4285  0.000000  0.885587  0.000000  0.259332  0.250291  0.067877
4286  0.000000  0.885102  0.000000  0.259135  0.250088  0.067873
4287  0.000000  0.884617  0.000000  0.258938  0.249885  0.067870
4288  0.000000  0.884131  0.000000  0.258742  0.249683  0.067866
4289  0.000000  0.883646  0.000000  0.258545  0.249480  0.067863
4290  0.000000  0.883160  0.000000  0.258349  0.249277  0.067860
4291  0.000000  0.882674  0.000000  0.258153  0.249075  0.067856
4292  0.000000  0.882188  0.000000  0.257956  0.248872  0.067853
4293  0.000000  0.881701  0.000000  0.257760  0.248670  0.067850
4294  0.000000  0.881214  0.000000  0.257564  0.248467  0.067846
4295  0.000000  0.880727  0.000000  0.257368  0.248265  0.067843
4296  0.000000  0.880240  0.000000  0.257172  0.248063  0.067840
4297  0.000000  0.879753  0.000000  0.256976  0.247860  0.067836
4298  0.000000  0.879265  0.000000  0.256780  0.247658  0.067833
4299  0.000000  0.878777  0.000000  0.256584  0.247456  0.067830
4300  0.000000  0.878289  0.000000  0.256388  0.247254  0.067827
4301  0.000000  0.877801  0.000000  0.256193  0.247052  0.067823
4302  0.000000  0.877313  0.000000  0.255997  0.246850  0.067820
4303  0.000000  0.876824  0.000000  0.255801  0.246648  0.067817
4304  0.000000  0.876335  0.000000  0.255606  0.246446  0.067814
4305  0.000000  0.875846  0.000000  0.255410  0.246244  0.067810
4306  0.000000  0.875356  0.000000  0.255215  0.246042  0.067807
4307  0.000000  0.874867  0.000000  0.255019  0.245840  0.067804
4308  0.000000  0.874377  0.000000  0.254824  0.245639  0.067801
4309  0.000000  0.873887  0.000000  0.254629  0.245437  0.067798
4310  0.000000  0.873397  0.000000  0.254434  0.245235  0.067795
4311  0.000000  0.872906  0.000000  0.254239  0.245034  0.067792
4312  0.000000  0.872415  0.000000  0.254044  0.244832  0.067788
4313  0.000000  0.871924  0.000000  0.253849  0.244631  0.067785
4314  0.000000  0.871433  0.000000  0.253654  0.244430  0.067782
4315  0.000000  0.870942  0.000000  0.253459  0.244228  0.067779
4316  0.000000  0.870450  0.000000  0.253264  0.244027  0.067776
4317  0.000000  0.869958  0.000000  0.253069  0.243826  0.067773
4318  0.000000  0.869466  0.000000  0.252875  0.243624  0.067770
4319  0.000000  0.868974  0.000000  0.252680  0.243423  0.067767
4320  0.000000  0.868482  0.000000  0.252486  0.243222  0.067764
4321  0.000000  0.867989  0.000000  0.252291  0.243021  0.067761
4322  0.000000  0.867496  0.000000  0.252097  0.242820  0.067758
4323  0.000000  0.867003  0.000000  0.251902  0.242619  0.067755
4324  0.000000  0.866509  0.000000  0.251708  0.242418  0.067752
4325  0.000000  0.866016  0.000000  0.251514  0.242217  0.067749
4326  0.000000  0.865522  0.000000  0.251320  0.242017  0.067746
4327  0.000000  0.865028  0.000000  0.251126  0.241816  0.067743
4328  0.000000  0.864534  0.000000  0.250931  0.241615  0.067740
4329  0.000000  0.864039  0.000000  0.250737  0.241414  0.067737
4330  0.000000  0.863544  0.000000  0.250544  0.241214  0.067734
4331  0.000000  0.863049  0.000000  0.250350  0.241013  0.067732
4332  0.000000  0.862554  0.000000  0.250156  0.240813  0.067729
4333  0.000000  0.862059  0.000000  0.249962  0.240612  0.067726
4334  0.000000  0.861563  0.000000  0.249768  0.240412  0.067723
4335  0.000000  0.861067  0.000000  0.249575  0.240212  0.067720
4336  0.000000  0.860571  0.000000  0.249381  0.240011  0.067717
4337  0.000000  0.860075  0.000000  0.249188  0.239811  0.067715
4338  0.000000  0.859578  0.000000  0.248994  0.239611  0.067712
4339  0.000000  0.859082  0.000000  0.248801  0.239411  0.067709
4340  0.000000  0.858585  0.000000  0.248608  0.239211  0.067706
4341  0.000000  0.858087  0.000000  0.248415  0.239011  0.067703
4342  0.000000  0.857590  0.000000  0.248221  0.238811  0.067701
4343  0.000000  0.857092  0.000000  0.248028  0.238611  0.067698
4344  0.000000  0.856595  0.000000  0.247835  0.238411  0.067695
4345  0.000000  0.856096  0.000000  0.247642  0.238211  0.067692
4346  0.000000  0.855598  0.000000  0.247449  0.238011  0.067690
4347  0.000000  0.855100  0.000000  0.247256  0.237811  0.067687
4348  0.000000  0.854601  0.000000  0.247064  0.237612  0.067684
4349  0.000000  0.854102  0.000000  0.246871  0.237412  0.067682
4350  0.000000  0.853603  0.000000  0.246678  0.237212  0.067679
4351  0.000000  0.853103  0.000000  0.246486  0.237013  0.067676
4352  0.000000  0.852604  0.000000  0.246293  0.236813  0.067674
4353  0.000000  0.852104  0.000000  0.246101  0.236614  0.067671
4354  0.000000  0.851604  0.000000  0.245908  0.236414  0.067669
4355  0.000000  0.851103  0.000000  0.245716  0.236215  0.067666
4356  0.000000  0.850603  0.000000  0.245523  0.236016  0.067663
4357  0.000000  0.850102  0.000000  0.245331  0.235816  0.067661
4358  0.000000  0.849601  0.000000  0.245139  0.235617  0.067658
4359  0.000000  0.849100  0.000000  0.244947  0.235418  0.067656
4360  0.000000  0.848598  0.000000  0.244755  0.235219  0.067653
4361  0.000000  0.848097  0.000000  0.244563  0.235020  0.067651
4362  0.000000  0.847595  0.000000  0.244371  0.234821  0.067648
4363  0.000000  0.847092  0.000000  0.244179  0.234622  0.067646
4364  0.000000  0.846590  0.000000  0.243987  0.234423  0.067643
4365  0.000000  0.846088  0.000000  0.243796  0.234224  0.067641
4366  0.000000  0.845585  0.000000  0.243604  0.234025  0.067638
4367  0.000000  0.845082  0.000000  0.243412  0.233827  0.067636
4368  0.000000  0.844578  0.000000  0.243221  0.233628  0.067633
4369  0.000000  0.844075  0.000000  0.243029  0.233429  0.067631
4370  0.000000  0.843571  0.000000  0.242838  0.233231  0.067629
4371  0.000000  0.843067  0.000000  0.242646  0.233032  0.067626
4372  0.000000  0.842563  0.000000  0.242455  0.232834  0.067624
4373  0.000000  0.842059  0.000000  0.242264  0.232635  0.067621
4374  0.000000  0.841554  0.000000  0.242073  0.232437  0.067619
4375  0.000000  0.841049  0.000000  0.241882  0.232238  0.067617
4376  0.000000  0.840544  0.000000  0.241691  0.232040  0.067614
4377  0.000000  0.840039  0.000000  0.241500  0.231842  0.067612
4378  0.000000  0.839533  0.000000  0.241309  0.231644  0.067610
4379  0.000000  0.839028  0.000000  0.241118  0.231445  0.067608
4380  0.000000  0.838522  0.000000  0.240927  0.231247  0.067605
4381  0.000000  0.838015  0.000000  0.240736  0.231049  0.067603
4382  0.000000  0.837509  0.000000  0.240546  0.230851  0.067601
4383  0.000000  0.837002  0.000000  0.240355  0.230653  0.067599
4384  0.000000  0.836495  0.000000  0.240164  0.230455  0.067596
4385  0.000000  0.835988  0.000000  0.239974  0.230258  0.067594
4386  0.000000  0.835481  0.000000  0.239783  0.230060  0.067592
4387  0.000000  0.834973  0.000000  0.239593  0.229862  0.067590
4388  0.000000  0.834466  0.000000  0.239403  0.229664  0.067588
4389  0.000000  0.833958  0.000000  0.239213  0.229467  0.067585
4390  0.000000  0.833449  0.000000  0.239022  0.229269  0.067583
4391  0.000000  0.832941  0.000000  0.238832  0.229071  0.067581
4392  0.000000  0.832432  0.000000  0.238642  0.228874  0.067579
4393  0.000000  0.831923  0.000000  0.238452  0.228676  0.067577
4394  0.000000  0.831414  0.000000  0.238262  0.228479  0.067575
4395  0.000000  0.830905  0.000000  0.238072  0.228282  0.067573
4396  0.000000  0.830395  0.000000  0.237883  0.228084  0.067571
4397  0.000000  0.829885  0.000000  0.237693  0.227887  0.067569
4398  0.000000  0.829375  0.000000  0.237503  0.227690  0.067566
4399  0.000000  0.828865  0.000000  0.237314  0.227492  0.067564
4400  0.000000  0.828354  0.000000  0.237124  0.227295  0.067562
4401  0.000000  0.827844  0.000000  0.236935  0.227098  0.067560
4402  0.000000  0.827333  0.000000  0.236745  0.226901  0.067558
4403  0.000000  0.826821  0.000000  0.236556  0.226704  0.067556
4404  0.000000  0.826310  0.000000  0.236367  0.226507  0.067554
4405  0.000000  0.825798  0.000000  0.236177  0.226310  0.067553
4406  0.000000  0.825286  0.000000  0.235988  0.226114  0.067551
4407  0.000000  0.824774  0.000000  0.235799  0.225917  0.067549
4408  0.000000  0.824262  0.000000  0.235610  0.225720  0.067547
4409  0.000000  0.823749  0.000000  0.235421  0.225523  0.067545
4410  0.000000  0.823237  0.000000  0.235232  0.225327  0.067543
4411  0.000000  0.822724  0.000000  0.235043  0.225130  0.067541
4412  0.000000  0.822210  0.000000  0.234854  0.224933  0.067539
4413  0.000000  0.821697  0.000000  0.234666  0.224737  0.067537
4414  0.000000  0.821183  0.000000  0.234477  0.224541  0.067536
4415  0.000000  0.820669  0.000000  0.234288  0.224344  0.067534
4416  0.000000  0.820155  0.000000  0.234100  0.224148  0.067532
4417  0.000000  0.819640  0.000000  0.233911  0.223951  0.067530
4418  0.000000  0.819126  0.000000  0.233723  0.223755  0.067528
4419  0.000000  0.818611  0.000000  0.233535  0.223559  0.067527
4420  0.000000  0.818096  0.000000  0.233346  0.223363  0.067525
4421  0.000000  0.817581  0.000000  0.233158  0.223167  0.067523
4422  0.000000  0.817065  0.000000  0.232970  0.222971  0.067521
4423  0.000000  0.816549  0.000000  0.232782  0.222775  0.067520
4424  0.000000  0.816033  0.000000  0.232594  0.222579  0.067518
4425  0.000000  0.815517  0.000000  0.232406  0.222383  0.067516
4426  0.000000  0.815000  0.000000  0.232218  0.222187  0.067515
4427  0.000000  0.814484  0.000000  0.232030  0.221991  0.067513
4428  0.000000  0.813967  0.000000  0.231842  0.221795  0.067511
4429  0.000000  0.813450  0.000000  0.231655  0.221599  0.067510
4430  0.000000  0.812932  0.000000  0.231467  0.221404  0.067508
4431  0.000000  0.812415  0.000000  0.231279  0.221208  0.067506
4432  0.000000  0.811897  0.000000  0.231092  0.221013  0.067505
4433  0.000000  0.811379  0.000000  0.230904  0.220817  0.067503
4434  0.000000  0.810860  0.000000  0.230717  0.220622  0.067502
4435  0.000000  0.810342  0.000000  0.230530  0.220426  0.067500
4436  0.000000  0.809823  0.000000  0.230342  0.220231  0.067499
4437  0.000000  0.809304  0.000000  0.230155  0.220035  0.067497
4438  0.000000  0.808785  0.000000  0.229968  0.219840  0.067496
4439  0.000000  0.808265  0.000000  0.229781  0.219645  0.067494
4440  0.000000  0.807745  0.000000  0.229594  0.219450  0.067493
4441  0.000000  0.807225  0.000000  0.229407  0.219254  0.067491
4442  0.000000  0.806705  0.000000  0.229220  0.219059  0.067490
4443  0.000000  0.806185  0.000000  0.229033  0.218864  0.067488
4444  0.000000  0.805664  0.000000  0.228847  0.218669  0.067487
4445  0.000000  0.805143  0.000000  0.228660  0.218474  0.067486
4446  0.000000  0.804622  0.000000  0.228473  0.218279  0.067484
4447  0.000000  0.804101  0.000000  0.228287  0.218084  0.067483
4448  0.000000  0.803579  0.000000  0.228100  0.217890  0.067481
4449  0.000000  0.803057  0.000000  0.227914  0.217695  0.067480
4450  0.000000  0.802535  0.000000  0.227727  0.217500  0.067479
4451  0.000000  0.802013  0.000000  0.227541  0.217305  0.067477
4452  0.000000  0.801491  0.000000  0.227355  0.217111  0.067476
4453  0.000000  0.800968  0.000000  0.227168  0.216916  0.067475
4454  0.000000  0.800445  0.000000  0.226982  0.216722  0.067473
4455  0.000000  0.799922  0.000000  0.226796  0.216527  0.067472
4456  0.000000  0.799398  0.000000  0.226610  0.216333  0.067471
4457  0.000000  0.798875  0.000000  0.226424  0.216138  0.067470
4458  0.000000  0.798351  0.000000  0.226238  0.215944  0.067468
4459  0.000000  0.797827  0.000000  0.226053  0.215750  0.067467
4460  0.000000  0.797302  0.000000  0.225867  0.215556  0.067466
4461  0.000000  0.796778  0.000000  0.225681  0.215361  0.067465
4462  0.000000  0.796253  0.000000  0.225496  0.215167  0.067464
4463  0.000000  0.795728  0.000000  0.225310  0.214973  0.067463
4464  0.000000  0.795202  0.000000  0.225125  0.214779  0.067461
4465  0.000000  0.794677  0.000000  0.224939  0.214585  0.067460
4466  0.000000  0.794151  0.000000  0.224754  0.214391  0.067459
4467  0.000000  0.793625  0.000000  0.224568  0.214197  0.067458
4468  0.000000  0.793099  0.000000  0.224383  0.214003  0.067457
4469  0.000000  0.792572  0.000000  0.224198  0.213809  0.067456
4470  0.000000  0.792046  0.000000  0.224013  0.213616  0.067455
4471  0.000000  0.791519  0.000000  0.223828  0.213422  0.067454
4472  0.000000  0.790992  0.000000  0.223643  0.213228  0.067453
4473  0.000000  0.790464  0.000000  0.223458  0.213035  0.067452
4474  0.000000  0.789937  0.000000  0.223273  0.212841  0.067451
4475  0.000000  0.789409  0.000000  0.223088  0.212647  0.067450
4476  0.000000  0.788881  0.000000  0.222904  0.212454  0.067449
4477  0.000000  0.788352  0.000000  0.222719  0.212260  0.067448
4478  0.000000  0.787824  0.000000  0.222534  0.212067  0.067447
4479  0.000000  0.787295  0.000000  0.222350  0.211874  0.067446
4480  0.000000  0.786766  0.000000  0.222165  0.211680  0.067445
4481  0.000000  0.786236  0.000000  0.221981  0.211487  0.067444
4482  0.000000  0.785707  0.000000  0.221797  0.211294  0.067443
4483  0.000000  0.785177  0.000000  0.221612  0.211101  0.067442
4484  0.000000  0.784647  0.000000  0.221428  0.210908  0.067442
4485  0.000000  0.784117  0.000000  0.221244  0.210714  0.067441
4486  0.000000  0.783587  0.000000  0.221060  0.210521  0.067440
4487  0.000000  0.783056  0.000000  0.220876  0.210328  0.067439
4488  0.000000  0.782525  0.000000  0.220692  0.210136  0.067438
4489  0.000000  0.781994  0.000000  0.220508  0.209943  0.067438
4490  0.000000  0.781462  0.000000  0.220324  0.209750  0.067437
4491  0.000000  0.780931  0.000000  0.220140  0.209557  0.067436
4492  0.000000  0.780399  0.000000  0.219957  0.209364  0.067435
4493  0.000000  0.779867  0.000000  0.219773  0.209172  0.067435
4494  0.000000  0.779334  0.000000  0.219589  0.208979  0.067434
4495  0.000000  0.778802  0.000000  0.219406  0.208786  0.067433
4496  0.000000  0.778269  0.000000  0.219222  0.208594  0.067433
4497  0.000000  0.777736  0.000000  0.219039  0.208401  0.067432
4498  0.000000  0.777202  0.000000  0.218856  0.208209  0.067431
4499  0.000000  0.776669  0.000000  0.218672  0.208016  0.067431
4500  0.000000  0.776135  0.000000  0.218489  0.207824  0.067430
4501  0.000000  0.775601  0.000000  0.218306  0.207632  0.067429
4502  0.000000  0.775067  0.000000  0.218123  0.207439  0.067429
4503  0.000000  0.774532  0.000000  0.217940  0.207247  0.067428
4504  0.000000  0.773998  0.000000  0.217757  0.207055  0.067428
4505  0.000000  0.773463  0.000000  0.217574  0.206863  0.067427
4506  0.000000  0.772927  0.000000  0.217392  0.206671  0.067427
4507  0.000000  0.772392  0.000000  0.217209  0.206479  0.067426
4508  0.000000  0.771856  0.000000  0.217026  0.206287  0.067426
4509  0.000000  0.771320  0.000000  0.216844  0.206095  0.067425
4510  0.000000  0.770784  0.000000  0.216661  0.205903  0.067425
4511  0.000000  0.770248  0.000000  0.216478  0.205711  0.067424
4512  0.000000  0.769711  0.000000  0.216296  0.205519  0.067424
4513  0.000000  0.769174  0.000000  0.216114  0.205327  0.067423
4514  0.000000  0.768637  0.000000  0.215931  0.205135  0.067423
4515  0.000000  0.768100  0.000000  0.215749  0.204944  0.067422
4516  0.000000  0.767562  0.000000  0.215567  0.204752  0.067422
4517  0.000000  0.767024  0.000000  0.215385  0.204561  0.067422
4518  0.000000  0.766486  0.000000  0.215203  0.204369  0.067421
4519  0.000000  0.765948  0.000000  0.215021  0.204177  0.067421
4520  0.000000  0.765409  0.000000  0.214839  0.203986  0.067421
4521  0.000000  0.764870  0.000000  0.214657  0.203795  0.067420
4522  0.000000  0.764331  0.000000  0.214476  0.203603  0.067420
4523  0.000000  0.763792  0.000000  0.214294  0.203412  0.067420
4524  0.000000  0.763253  0.000000  0.214112  0.203221  0.067420
4525  0.000000  0.762713  0.000000  0.213931  0.203029  0.067419
4526  0.000000  0.762173  0.000000  0.213749  0.202838  0.067419
4527  0.000000  0.761633  0.000000  0.213568  0.202647  0.067419
4528  0.000000  0.761092  0.000000  0.213386  0.202456  0.067419
4529  0.000000  0.760551  0.000000  0.213205  0.202265  0.067419
4530  0.000000  0.760010  0.000000  0.213024  0.202074  0.067418
4531  0.000000  0.759469  0.000000  0.212843  0.201883  0.067418
4532  0.000000  0.758928  0.000000  0.212661  0.201692  0.067418
4533  0.000000  0.758386  0.000000  0.212480  0.201501  0.067418
4534  0.000000  0.757844  0.000000  0.212299  0.201310  0.067418
4535  0.000000  0.757302  0.000000  0.212119  0.201120  0.067418
4536  0.000000  0.756759  0.000000  0.211938  0.200929  0.067418
4537  0.000000  0.756217  0.000000  0.211757  0.200738  0.067418
4538  0.000000  0.755674  0.000000  0.211576  0.200548  0.067418
4539  0.000000  0.755131  0.000000  0.211396  0.200357  0.067418
4540  0.000000  0.754587  0.000000  0.211215  0.200166  0.067418
4541  0.000000  0.754044  0.000000  0.211034  0.199976  0.067418
4542  0.000000  0.753500  0.000000  0.210854  0.199785  0.067418
4543  0.000000  0.752956  0.000000  0.210674  0.199595  0.067418
4544  0.000000  0.752411  0.000000  0.210493  0.199405  0.067418
4545  0.000000  0.751867  0.000000  0.210313  0.199214  0.067418
4546  0.000000  0.751322  0.000000  0.210133  0.199024  0.067418
4547  0.000000  0.750777  0.000000  0.209953  0.198834  0.067418
4548  0.000000  0.750231  0.000000  0.209773  0.198644  0.067418
4549  0.000000  0.749686  0.000000  0.209593  0.198454  0.067418
4550  0.000000  0.749140  0.000000  0.209413  0.198263  0.067418
4551  0.000000  0.748594  0.000000  0.209233  0.198073  0.067419
4552  0.000000  0.748048  0.000000  0.209053  0.197883  0.067419
4553  0.000000  0.747501  0.000000  0.208873  0.197693  0.067419
4554  0.000000  0.746954  0.000000  0.208694  0.197504  0.067419
4555  0.000000  0.746407  0.000000  0.208514  0.197314  0.067419
4556  0.000000  0.745860  0.000000  0.208334  0.197124  0.067420
4557  0.000000  0.745312  0.000000  0.208155  0.196934  0.067420
4558  0.000000  0.744765  0.000000  0.207976  0.196744  0.067420
4559  0.000000  0.744217  0.000000  0.207796  0.196555  0.067420
4560  0.000000  0.743668  0.000000  0.207617  0.196365  0.067421
4561  0.000000  0.743120  0.000000  0.207438  0.196175  0.067421
4562  0.000000  0.742571  0.000000  0.207259  0.195986  0.067421
4563  0.000000  0.742022  0.000000  0.207079  0.195796  0.067422
4564  0.000000  0.741473  0.000000  0.206900  0.195607  0.067422
4565  0.000000  0.740923  0.000000  0.206722  0.195417  0.067422
4566  0.000000  0.740373  0.000000  0.206543  0.195228  0.067423
4567  0.000000  0.739823  0.000000  0.206364  0.195039  0.067423
4568  0.000000  0.739273  0.000000  0.206185  0.194850  0.067424
4569  0.000000  0.738723  0.000000  0.206006  0.194660  0.067424
4570  0.000000  0.738172  0.000000  0.205828  0.194471  0.067425
4571  0.000000  0.737621  0.000000  0.205649  0.194282  0.067425
4572  0.000000  0.737070  0.000000  0.205471  0.194093  0.067426
4573  0.000000  0.736518  0.000000  0.205292  0.193904  0.067426
4574  0.000000  0.735967  0.000000  0.205114  0.193715  0.067427
4575  0.000000  0.735415  0.000000  0.204936  0.193526  0.067427
4576  0.000000  0.734862  0.000000  0.204757  0.193337  0.067428
4577  0.000000  0.734310  0.000000  0.204579  0.193148  0.067428
4578  0.000000  0.733757  0.000000  0.204401  0.192959  0.067429
4579  0.000000  0.733204  0.000000  0.204223  0.192770  0.067430
4580  0.000000  0.732651  0.000000  0.204045  0.192582  0.067430
4581  0.000000  0.732097  0.000000  0.203867  0.192393  0.067431
4582  0.000000  0.731544  0.000000  0.203690  0.192204  0.067431
4583  0.000000  0.730990  0.000000  0.203512  0.192016  0.067432
4584  0.000000  0.730435  0.000000  0.203334  0.191827  0.067433
4585  0.000000  0.729881  0.000000  0.203157  0.191638  0.067434
4586  0.000000  0.729326  0.000000  0.202979  0.191450  0.067434
4587  0.000000  0.728771  0.000000  0.202802  0.191262  0.067435
4588  0.000000  0.728216  0.000000  0.202624  0.191073  0.067436
4589  0.000000  0.727661  0.000000  0.202447  0.190885  0.067437
4590  0.000000  0.727105  0.000000  0.202269  0.190696  0.067437
4591  0.000000  0.726549  0.000000  0.202092  0.190508  0.067438
4592  0.000000  0.725993  0.000000  0.201915  0.190320  0.067439
4593  0.000000  0.725436  0.000000  0.201738  0.190132  0.067440
4594  0.000000  0.724879  0.000000  0.201561  0.189944  0.067441
4595  0.000000  0.724323  0.000000  0.201384  0.189756  0.067441
4596  0.000000  0.723765  0.000000  0.201207  0.189568  0.067442
4597  0.000000  0.723208  0.000000  0.201030  0.189380  0.067443
4598  0.000000  0.722650  0.000000  0.200854  0.189192  0.067444
4599  0.000000  0.722092  0.000000  0.200677  0.189004  0.067445
4600  0.000000  0.721534  0.000000  0.200500  0.188816  0.067446
4601  0.000000  0.720975  0.000000  0.200324  0.188628  0.067447
4602  0.000000  0.720417  0.000000  0.200147  0.188440  0.067448
4603  0.000000  0.719858  0.000000  0.199971  0.188252  0.067449
4604  0.000000  0.719298  0.000000  0.199795  0.188065  0.067450
4605  0.000000  0.718739  0.000000  0.199618  0.187877  0.067451
4606  0.000000  0.718179  0.000000  0.199442  0.187690  0.067452
4607  0.000000  0.717619  0.000000  0.199266  0.187502  0.067453
4608  0.000000  0.717059  0.000000  0.199090  0.187314  0.067454
4609  0.000000  0.716498  0.000000  0.198914  0.187127  0.067455
4610  0.000000  0.715937  0.000000  0.198738  0.186940  0.067457
4611  0.000000  0.715376  0.000000  0.198562  0.186752  0.067458
4612  0.000000  0.714815  0.000000  0.198386  0.186565  0.067459
4613  0.000000  0.714254  0.000000  0.198211  0.186377  0.067460
4614  0.000000  0.713692  0.000000  0.198035  0.186190  0.067461
4615  0.000000  0.713130  0.000000  0.197859  0.186003  0.067462
4616  0.000000  0.712567  0.000000  0.197684  0.185816  0.067464
4617  0.000000  0.712005  0.000000  0.197508  0.185629  0.067465
4618  0.000000  0.711442  0.000000  0.197333  0.185442  0.067466
4619  0.000000  0.710879  0.000000  0.197158  0.185255  0.067467
4620  0.000000  0.710316  0.000000  0.196982  0.185068  0.067469
4621  0.000000  0.709752  0.000000  0.196807  0.184881  0.067470
4622  0.000000  0.709188  0.000000  0.196632  0.184694  0.067471
4623  0.000000  0.708624  0.000000  0.196457  0.184507  0.067473
4624  0.000000  0.708060  0.000000  0.196282  0.184320  0.067474
4625  0.000000  0.707495  0.000000  0.196107  0.184133  0.067475
4626  0.000000  0.706930  0.000000  0.195932  0.183946  0.067477
4627  0.000000  0.706365  0.000000  0.195757  0.183760  0.067478
4628  0.000000  0.705800  0.000000  0.195583  0.183573  0.067480
4629  0.000000  0.705234  0.000000  0.195408  0.183387  0.067481
4630  0.000000  0.704668  0.000000  0.195234  0.183200  0.067483
4631  0.000000  0.704102  0.000000  0.195059  0.183013  0.067484
4632  0.000000  0.703536  0.000000  0.194885  0.182827  0.067486
4633  0.000000  0.702969  0.000000  0.194710  0.182641  0.067487
4634  0.000000  0.702402  0.000000  0.194536  0.182454  0.067489
4635  0.000000  0.701835  0.000000  0.194362  0.182268  0.067490
4636  0.000000  0.701267  0.000000  0.194188  0.182081  0.067492
4637  0.000000  0.700700  0.000000  0.194013  0.181895  0.067493
4638  0.000000  0.700132  0.000000  0.193839  0.181709  0.067495
4639  0.000000  0.699563  0.000000  0.193665  0.181523  0.067497
4640  0.000000  0.698995  0.000000  0.193492  0.181337  0.067498
4641  0.000000  0.698426  0.000000  0.193318  0.181151  0.067500
4642  0.000000  0.697857  0.000000  0.193144  0.180965  0.067501
4643  0.000000  0.697288  0.000000  0.192970  0.180779  0.067503
4644  0.000000  0.696718  0.000000  0.192797  0.180593  0.067505
4645  0.000000  0.696148  0.000000  0.192623  0.180407  0.067507
4646  0.000000  0.695578  0.000000  0.192450  0.180221  0.067508
4647  0.000000  0.695008  0.000000  0.192276  0.180035  0.067510
4648  0.000000  0.694437  0.000000  0.192103  0.179849  0.067512
4649  0.000000  0.693867  0.000000  0.191930  0.179663  0.067514
4650  0.000000  0.693295  0.000000  0.191757  0.179478  0.067515
4651  0.000000  0.692724  0.000000  0.191583  0.179292  0.067517
4652  0.000000  0.692152  0.000000  0.191410  0.179106  0.067519
4653  0.000000  0.691580  0.000000  0.191237  0.178921  0.067521
4654  0.000000  0.691008  0.000000  0.191064  0.178735  0.067523
4655  0.000000  0.690436  0.000000  0.190892  0.178550  0.067525
4656  0.000000  0.689863  0.000000  0.190719  0.178364  0.067527
4657  0.000000  0.689290  0.000000  0.190546  0.178179  0.067529
4658  0.000000  0.688717  0.000000  0.190373  0.177993  0.067531
4659  0.000000  0.688143  0.000000  0.190201  0.177808  0.067533
4660  0.000000  0.687570  0.000000  0.190028  0.177623  0.067535
4661  0.000000  0.686996  0.000000  0.189856  0.177438  0.067537
4662  0.000000  0.686421  0.000000  0.189684  0.177252  0.067539
4663  0.000000  0.685847  0.000000  0.189511  0.177067  0.067541
4664  0.000000  0.685272  0.000000  0.189339  0.176882  0.067543
4665  0.000000  0.684697  0.000000  0.189167  0.176697  0.067545
4666  0.000000  0.684121  0.000000  0.188995  0.176512  0.067547
4667  0.000000  0.683546  0.000000  0.188823  0.176327  0.067549
4668  0.000000  0.682970  0.000000  0.188651  0.176142  0.067551
4669  0.000000  0.682394  0.000000  0.188479  0.175957  0.067553
4670  0.000000  0.681817  0.000000  0.188307  0.175772  0.067555
4671  0.000000  0.681240  0.000000  0.188136  0.175587  0.067558
4672  0.000000  0.680663  0.000000  0.187964  0.175403  0.067560
4673  0.000000  0.680086  0.000000  0.187792  0.175218  0.067562
4674  0.000000  0.679509  0.000000  0.187621  0.175033  0.067564
4675  0.000000  0.678931  0.000000  0.187449  0.174849  0.067566
4676  0.000000  0.678353  0.000000  0.187278  0.174664  0.067569
4677  0.000000  0.677775  0.000000  0.187107  0.174479  0.067571
4678  0.000000  0.677196  0.000000  0.186935  0.174295  0.067573
4679  0.000000  0.676617  0.000000  0.186764  0.174110  0.067576
4680  0.000000  0.676038  0.000000  0.186593  0.173926  0.067578
4681  0.000000  0.675459  0.000000  0.186422  0.173742  0.067580
4682  0.000000  0.674879  0.000000  0.186251  0.173557  0.067583
4683  0.000000  0.674299  0.000000  0.186080  0.173373  0.067585
4684  0.000000  0.673719  0.000000  0.185910  0.173189  0.067588
4685  0.000000  0.673138  0.000000  0.185739  0.173004  0.067590
4686  0.000000  0.672557  0.000000  0.185568  0.172820  0.067592
4687  0.000000  0.671976  0.000000  0.185398  0.172636  0.067595
4688  0.000000  0.671395  0.000000  0.185227  0.172452  0.067597
4689  0.000000  0.670813  0.000000  0.185057  0.172268  0.067600
4690  0.000000  0.670232  0.000000  0.184886  0.172084  0.067602
4691  0.000000  0.669649  0.000000  0.184716  0.171900  0.067605
4692  0.000000  0.669067  0.000000  0.184546  0.171716  0.067608
4693  0.000000  0.668484  0.000000  0.184375  0.171532  0.067610
4694  0.000000  0.667901  0.000000  0.184205  0.171348  0.067613
4695  0.000000  0.667318  0.000000  0.184035  0.171164  0.067615
4696  0.000000  0.666735  0.000000  0.183865  0.170980  0.067618
4697  0.000000  0.666151  0.000000  0.183696  0.170797  0.067621
4698  0.000000  0.665567  0.000000  0.183526  0.170613  0.067623
4699  0.000000  0.664982  0.000000  0.183356  0.170429  0.067626
4700  0.000000  0.664398  0.000000  0.183186  0.170246  0.067629
4701  0.000000  0.663813  0.000000  0.183017  0.170062  0.067631
4702  0.000000  0.663228  0.000000  0.182847  0.169879  0.067634
4703  0.000000  0.662642  0.000000  0.182678  0.169695  0.067637
4704  0.000000  0.662056  0.000000  0.182508  0.169512  0.067640
4705  0.000000  0.661470  0.000000  0.182339  0.169328  0.067643
4706  0.000000  0.660884  0.000000  0.182170  0.169145  0.067645
4707  0.000000  0.660298  0.000000  0.182001  0.168962  0.067648
4708  0.000000  0.659711  0.000000  0.181832  0.168778  0.067651
4709  0.000000  0.659124  0.000000  0.181663  0.168595  0.067654
4710  0.000000  0.658536  0.000000  0.181494  0.168412  0.067657
4711  0.000000  0.657948  0.000000  0.181325  0.168229  0.067660
4712  0.000000  0.657360  0.000000  0.181156  0.168045  0.067663
4713  0.000000  0.656772  0.000000  0.180987  0.167862  0.067666
4714  0.000000  0.656184  0.000000  0.180819  0.167679  0.067669
4715  0.000000  0.655595  0.000000  0.180650  0.167496  0.067672
4716  0.000000  0.655006  0.000000  0.180482  0.167313  0.067675
4717  0.000000  0.654416  0.000000  0.180313  0.167130  0.067678
4718  0.000000  0.653827  0.000000  0.180145  0.166948  0.067681
4719  0.000000  0.653237  0.000000  0.179977  0.166765  0.067684
4720  0.000000  0.652647  0.000000  0.179808  0.166582  0.067687
4721  0.000000  0.652056  0.000000  0.179640  0.166399  0.067690
4722  0.000000  0.651465  0.000000  0.179472  0.166216  0.067693
4723  0.000000  0.650874  0.000000  0.179304  0.166034  0.067696
4724  0.000000  0.650283  0.000000  0.179136  0.165851  0.067699
4725  0.000000  0.649691  0.000000  0.178968  0.165669  0.067703
4726  0.000000  0.649099  0.000000  0.178801  0.165486  0.067706
4727  0.000000  0.648507  0.000000  0.178633  0.165303  0.067709
4728  0.000000  0.647914  0.000000  0.178465  0.165121  0.067712
4729  0.000000  0.647322  0.000000  0.178298  0.164939  0.067715
4730  0.000000  0.646728  0.000000  0.178130  0.164756  0.067719
4731  0.000000  0.646135  0.000000  0.177963  0.164574  0.067722
4732  0.000000  0.645541  0.000000  0.177796  0.164392  0.067725
4733  0.000000  0.644947  0.000000  0.177628  0.164209  0.067729
4734  0.000000  0.644353  0.000000  0.177461  0.164027  0.067732
4735  0.000000  0.643759  0.000000  0.177294  0.163845  0.067735
4736  0.000000  0.643164  0.000000  0.177127  0.163663  0.067739
4737  0.000000  0.642569  0.000000  0.176960  0.163481  0.067742
4738  0.000000  0.641973  0.000000  0.176793  0.163298  0.067746
4739  0.000000  0.641378  0.000000  0.176626  0.163116  0.067749
4740  0.000000  0.640782  0.000000  0.176460  0.162934  0.067753
4741  0.000000  0.640185  0.000000  0.176293  0.162753  0.067756
4742  0.000000  0.639589  0.000000  0.176127  0.162571  0.067759
4743  0.000000  0.638992  0.000000  0.175960  0.162389  0.067763
4744  0.000000  0.638395  0.000000  0.175794  0.162207  0.067767
4745  0.000000  0.637797  0.000000  0.175627  0.162025  0.067770
4746  0.000000  0.637200  0.000000  0.175461  0.161843  0.067774
4747  0.000000  0.636602  0.000000  0.175295  0.161662  0.067777
4748  0.000000  0.636003  0.000000  0.175129  0.161480  0.067781
4749  0.000000  0.635405  0.000000  0.174963  0.161298  0.067785
4750  0.000000  0.634806  0.000000  0.174797  0.161117  0.067788
4751  0.000000  0.634207  0.000000  0.174631  0.160935  0.067792
4752  0.000000  0.633607  0.000000  0.174465  0.160754  0.067796
4753  0.000000  0.633007  0.000000  0.174299  0.160572  0.067799
4754  0.000000  0.632407  0.000000  0.174133  0.160391  0.067803
4755  0.000000  0.631807  0.000000  0.173968  0.160209  0.067807
4756  0.000000  0.631206  0.000000  0.173802  0.160028  0.067811
4757  0.000000  0.630605  0.000000  0.173637  0.159847  0.067814
4758  0.000000  0.630004  0.000000  0.173472  0.159665  0.067818
4759  0.000000  0.629402  0.000000  0.173306  0.159484  0.067822
4760  0.000000  0.628800  0.000000  0.173141  0.159303  0.067826
4761  0.000000  0.628198  0.000000  0.172976  0.159122  0.067830
4762  0.000000  0.627596  0.000000  0.172811  0.158941  0.067834
4763  0.000000  0.626993  0.000000  0.172646  0.158760  0.067838
4764  0.000000  0.626390  0.000000  0.172481  0.158579  0.067842
4765  0.000000  0.625786  0.000000  0.172316  0.158398  0.067845
4766  0.000000  0.625183  0.000000  0.172151  0.158217  0.067849
4767  0.000000  0.624579  0.000000  0.171987  0.158036  0.067853
4768  0.000000  0.623974  0.000000  0.171822  0.157855  0.067857
4769  0.000000  0.623370  0.000000  0.171657  0.157674  0.067861
4770  0.000000  0.622765  0.000000  0.171493  0.157493  0.067866
4771  0.000000  0.622160  0.000000  0.171329  0.157312  0.067870
4772  0.000000  0.621554  0.000000  0.171164  0.157132  0.067874
4773  0.000000  0.620948  0.000000  0.171000  0.156951  0.067878
4774  0.000000  0.620342  0.000000  0.170836  0.156770  0.067882
4775  0.000000  0.619736  0.000000  0.170672  0.156590  0.067886
4776  0.000000  0.619129  0.000000  0.170508  0.156409  0.067890
4777  0.000000  0.618522  0.000000  0.170344  0.156229  0.067894
4778  0.000000  0.617915  0.000000  0.170180  0.156048  0.067899
4779  0.000000  0.617307  0.000000  0.170016  0.155868  0.067903
4780  0.000000  0.616699  0.000000  0.169853  0.155687  0.067907
4781  0.000000  0.616091  0.000000  0.169689  0.155507  0.067911
4782  0.000000  0.615482  0.000000  0.169526  0.155327  0.067916
4783  0.000000  0.614873  0.000000  0.169362  0.155146  0.067920
4784  0.000000  0.614264  0.000000  0.169199  0.154966  0.067924
4785  0.000000  0.613654  0.000000  0.169036  0.154786  0.067929
4786  0.000000  0.613045  0.000000  0.168872  0.154606  0.067933
4787  0.000000  0.612434  0.000000  0.168709  0.154426  0.067938
4788  0.000000  0.611824  0.000000  0.168546  0.154246  0.067942
4789  0.000000  0.611213  0.000000  0.168383  0.154065  0.067946
4790  0.000000  0.610602  0.000000  0.168220  0.153885  0.067951
4791  0.000000  0.609991  0.000000  0.168057  0.153705  0.067955
4792  0.000000  0.609379  0.000000  0.167895  0.153526  0.067960
4793  0.000000  0.608767  0.000000  0.167732  0.153346  0.067964
4794  0.000000  0.608155  0.000000  0.167569  0.153166  0.067969
4795  0.000000  0.607542  0.000000  0.167407  0.152986  0.067973
4796  0.000000  0.606929  0.000000  0.167245  0.152806  0.067978
4797  0.000000  0.606316  0.000000  0.167082  0.152626  0.067983
4798  0.000000  0.605702  0.000000  0.166920  0.152447  0.067987
4799  0.000000  0.605088  0.000000  0.166758  0.152267  0.067992
4800  0.000000  0.604474  0.000000  0.166596  0.152087  0.067996
4801  0.000000  0.603859  0.000000  0.166434  0.151908  0.068001
4802  0.000000  0.603244  0.000000  0.166272  0.151728  0.068006
4803  0.000000  0.602629  0.000000  0.166110  0.151549  0.068011
4804  0.000000  0.602014  0.000000  0.165948  0.151369  0.068015
4805  0.000000  0.601398  0.000000  0.165786  0.151190  0.068020
4806  0.000000  0.600782  0.000000  0.165625  0.151010  0.068025
4807  0.000000  0.600165  0.000000  0.165463  0.150831  0.068030
4808  0.000000  0.599548  0.000000  0.165302  0.150652  0.068035
4809  0.000000  0.598931  0.000000  0.165140  0.150472  0.068039
4810  0.000000  0.598314  0.000000  0.164979  0.150293  0.068044
4811  0.000000  0.597696  0.000000  0.164818  0.150114  0.068049
4812  0.000000  0.597078  0.000000  0.164657  0.149935  0.068054
4813  0.000000  0.596459  0.000000  0.164496  0.149756  0.068059
4814  0.000000  0.595841  0.000000  0.164335  0.149577  0.068064
4815  0.000000  0.595221  0.000000  0.164174  0.149398  0.068069
4816  0.000000  0.594602  0.000000  0.164013  0.149219  0.068074
4817  0.000000  0.593982  0.000000  0.163852  0.149040  0.068079
4818  0.000000  0.593362  0.000000  0.163691  0.148861  0.068084
4819  0.000000  0.592742  0.000000  0.163531  0.148682  0.068089
4820  0.000000  0.592121  0.000000  0.163370  0.148503  0.068094
4821  0.000000  0.591500  0.000000  0.163210  0.148324  0.068099
4822  0.000000  0.590879  0.000000  0.163050  0.148145  0.068104
4823  0.000000  0.590257  0.000000  0.162889  0.147966  0.068109
4824  0.000000  0.589635  0.000000  0.162729  0.147788  0.068115
4825  0.000000  0.589012  0.000000  0.162569  0.147609  0.068120
4826  0.000000  0.588390  0.000000  0.162409  0.147430  0.068125
4827  0.000000  0.587767  0.000000  0.162249  0.147252  0.068130
4828  0.000000  0.587143  0.000000  0.162089  0.147073  0.068135
4829  0.000000  0.586519  0.000000  0.161930  0.146895  0.068141
4830  0.000000  0.585895  0.000000  0.161770  0.146716  0.068146
4831  0.000000  0.585271  0.000000  0.161610  0.146538  0.068151
4832  0.000000  0.584646  0.000000  0.161451  0.146359  0.068157
4833  0.000000  0.584021  0.000000  0.161291  0.146181  0.068162
4834  0.000000  0.583396  0.000000  0.161132  0.146003  0.068167
4835  0.000000  0.582770  0.000000  0.160973  0.145824  0.068173
4836  0.000000  0.582144  0.000000  0.160814  0.145646  0.068178
4837  0.000000  0.581517  0.000000  0.160655  0.145468  0.068183
4838  0.000000  0.580890  0.000000  0.160496  0.145290  0.068189
4839  0.000000  0.580263  0.000000  0.160337  0.145112  0.068194
4840  0.000000  0.579636  0.000000  0.160178  0.144934  0.068200
4841  0.000000  0.579008  0.000000  0.160019  0.144755  0.068205
4842  0.000000  0.578380  0.000000  0.159860  0.144577  0.068211
4843  0.000000  0.577751  0.000000  0.159702  0.144399  0.068217
4844  0.000000  0.577122  0.000000  0.159543  0.144221  0.068222
4845  0.000000  0.576493  0.000000  0.159385  0.144044  0.068228
4846  0.000000  0.575864  0.000000  0.159227  0.143866  0.068233
4847  0.000000  0.575234  0.000000  0.159068  0.143688  0.068239
4848  0.000000  0.574603  0.000000  0.158910  0.143510  0.068245
4849  0.000000  0.573973  0.000000  0.158752  0.143332  0.068250
4850  0.000000  0.573342  0.000000  0.158594  0.143154  0.068256
4851  0.000000  0.572711  0.000000  0.158436  0.142977  0.068262
4852  0.000000  0.572079  0.000000  0.158278  0.142799  0.068268
4853  0.000000  0.571447  0.000000  0.158121  0.142621  0.068273
4854  0.000000  0.570815  0.000000  0.157963  0.142444  0.068279
4855  0.000000  0.570182  0.000000  0.157805  0.142266  0.068285
4856  0.000000  0.569549  0.000000  0.157648  0.142089  0.068291
4857  0.000000  0.568915  0.000000  0.157491  0.141911  0.068297
4858  0.000000  0.568282  0.000000  0.157333  0.141734  0.068302
4859  0.000000  0.567647  0.000000  0.157176  0.141557  0.068308
4860  0.000000  0.567013  0.000000  0.157019  0.141379  0.068314
4861  0.000000  0.566378  0.000000  0.156862  0.141202  0.068320
4862  0.000000  0.565743  0.000000  0.156705  0.141025  0.068326
4863  0.000000  0.565107  0.000000  0.156548  0.140847  0.068332
4864  0.000000  0.564471  0.000000  0.156391  0.140670  0.068338
4865  0.000000  0.563835  0.000000  0.156234  0.140493  0.068344
4866  0.000000  0.563198  0.000000  0.156078  0.140316  0.068350
4867  0.000000  0.562561  0.000000  0.155921  0.140139  0.068356
4868  0.000000  0.561924  0.000000  0.155765  0.139962  0.068363
4869  0.000000  0.561286  0.000000  0.155608  0.139785  0.068369
4870  0.000000  0.560648  0.000000  0.155452  0.139608  0.068375
4871  0.000000  0.560010  0.000000  0.155296  0.139431  0.068381
4872  0.000000  0.559371  0.000000  0.155140  0.139254  0.068387
4873  0.000000  0.558732  0.000000  0.154984  0.139077  0.068393
4874  0.000000  0.558092  0.000000  0.154828  0.138900  0.068400
4875  0.000000  0.557452  0.000000  0.154672  0.138723  0.068406
4876  0.000000  0.556812  0.000000  0.154516  0.138546  0.068412
4877  0.000000  0.556171  0.000000  0.154361  0.138370  0.068418
4878  0.000000  0.555530  0.000000  0.154205  0.138193  0.068425
4879  0.000000  0.554888  0.000000  0.154050  0.138016  0.068431
4880  0.000000  0.554247  0.000000  0.153894  0.137840  0.068437
4881  0.000000  0.553604  0.000000  0.153739  0.137663  0.068444
4882  0.000000  0.552962  0.000000  0.153584  0.137486  0.068450
4883  0.000000  0.552319  0.000000  0.153429  0.137310  0.068457
4884  0.000000  0.551676  0.000000  0.153274  0.137133  0.068463
4885  0.000000  0.551032  0.000000  0.153119  0.136957  0.068470
4886  0.000000  0.550388  0.000000  0.152964  0.136781  0.068476
4887  0.000000  0.549743  0.000000  0.152809  0.136604  0.068483
4888  0.000000  0.549099  0.000000  0.152654  0.136428  0.068489
4889  0.000000  0.548453  0.000000  0.152500  0.136252  0.068496
4890  0.000000  0.547808  0.000000  0.152345  0.136075  0.068502
4891  0.000000  0.547162  0.000000  0.152191  0.135899  0.068509
4892  0.000000  0.546515  0.000000  0.152036  0.135723  0.068516
4893  0.000000  0.545869  0.000000  0.151882  0.135547  0.068522
4894  0.000000  0.545221  0.000000  0.151728  0.135371  0.068529
4895  0.000000  0.544574  0.000000  0.151574  0.135195  0.068536
4896  0.000000  0.543926  0.000000  0.151420  0.135019  0.068542
4897  0.000000  0.543278  0.000000  0.151266  0.134842  0.068549
4898  0.000000  0.542629  0.000000  0.151112  0.134667  0.068556
4899  0.000000  0.541980  0.000000  0.150959  0.134491  0.068563
4900  0.000000  0.541330  0.000000  0.150805  0.134315  0.068569
4901  0.000000  0.540681  0.000000  0.150652  0.134139  0.068576
4902  0.000000  0.540030  0.000000  0.150498  0.133963  0.068583
4903  0.000000  0.539380  0.000000  0.150345  0.133787  0.068590
4904  0.000000  0.538729  0.000000  0.150192  0.133611  0.068597
4905  0.000000  0.538077  0.000000  0.150039  0.133436  0.068604
4906  0.000000  0.537425  0.000000  0.149886  0.133260  0.068611
4907  0.000000  0.536773  0.000000  0.149733  0.133084  0.068618
4908  0.000000  0.536120  0.000000  0.149580  0.132909  0.068625
4909  0.000000  0.535467  0.000000  0.149427  0.132733  0.068632
4910  0.000000  0.534814  0.000000  0.149274  0.132558  0.068639
4911  0.000000  0.534160  0.000000  0.149122  0.132382  0.068646
4912  0.000000  0.533506  0.000000  0.148969  0.132207  0.068653
4913  0.000000  0.532851  0.000000  0.148817  0.132031  0.068660
4914  0.000000  0.532196  0.000000  0.148665  0.131856  0.068667
4915  0.000000  0.531541  0.000000  0.148512  0.131680  0.068674
4916  0.000000  0.530885  0.000000  0.148360  0.131505  0.068682
4917  0.000000  0.530228  0.000000  0.148208  0.131330  0.068689
4918  0.000000  0.529572  0.000000  0.148056  0.131155  0.068696
4919  0.000000  0.528915  0.000000  0.147904  0.130979  0.068703
4920  0.000000  0.528257  0.000000  0.147753  0.130804  0.068711
4921  0.000000  0.527599  0.000000  0.147601  0.130629  0.068718
4922  0.000000  0.526941  0.000000  0.147450  0.130454  0.068725
4923  0.000000  0.526282  0.000000  0.147298  0.130279  0.068733
4924  0.000000  0.525623  0.000000  0.147147  0.130104  0.068740
4925  0.000000  0.524963  0.000000  0.146995  0.129929  0.068747
4926  0.000000  0.524303  0.000000  0.146844  0.129754  0.068755
4927  0.000000  0.523643  0.000000  0.146693  0.129579  0.068762
4928  0.000000  0.522982  0.000000  0.146542  0.129404  0.068770
4929  0.000000  0.522321  0.000000  0.146391  0.129229  0.068777
4930  0.000000  0.521659  0.000000  0.146241  0.129054  0.068785
4931  0.000000  0.520997  0.000000  0.146090  0.128879  0.068792
4932  0.000000  0.520334  0.000000  0.145939  0.128705  0.068800
4933  0.000000  0.519671  0.000000  0.145789  0.128530  0.068807
4934  0.000000  0.519008  0.000000  0.145638  0.128355  0.068815
4935  0.000000  0.518344  0.000000  0.145488  0.128181  0.068822
4936  0.000000  0.517680  0.000000  0.145338  0.128006  0.068830
4937  0.000000  0.517015  0.000000  0.145188  0.127831  0.068838
4938  0.000000  0.516350  0.000000  0.145038  0.127657  0.068845
4939  0.000000  0.515684  0.000000  0.144888  0.127482  0.068853
4940  0.000000  0.515019  0.000000  0.144738  0.127308  0.068861
4941  0.000000  0.514352  0.000000  0.144588  0.127133  0.068869
4942  0.000000  0.513685  0.000000  0.144439  0.126959  0.068876
4943  0.000000  0.513018  0.000000  0.144289  0.126785  0.068884
4944  0.000000  0.512350  0.000000  0.144140  0.126610  0.068892
4945  0.000000  0.511682  0.000000  0.143990  0.126436  0.068900
4946  0.000000  0.511013  0.000000  0.143841  0.126262  0.068908
4947  0.000000  0.510344  0.000000  0.143692  0.126087  0.068916
4948  0.000000  0.509675  0.000000  0.143543  0.125913  0.068924
4949  0.000000  0.509005  0.000000  0.143394  0.125739  0.068932
4950  0.000000  0.508335  0.000000  0.143245  0.125565  0.068940
4951  0.000000  0.507664  0.000000  0.143097  0.125391  0.068948
4952  0.000000  0.506992  0.000000  0.142948  0.125217  0.068956
4953  0.000000  0.506321  0.000000  0.142799  0.125043  0.068964
4954  0.000000  0.505649  0.000000  0.142651  0.124869  0.068972
4955  0.000000  0.504976  0.000000  0.142503  0.124695  0.068980
4956  0.000000  0.504303  0.000000  0.142354  0.124521  0.068988
4957  0.000000  0.503629  0.000000  0.142206  0.124347  0.068996
4958  0.000000  0.502955  0.000000  0.142058  0.124173  0.069004
4959  0.000000  0.502281  0.000000  0.141910  0.123999  0.069012
4960  0.000000  0.501606  0.000000  0.141762  0.123825  0.069021
4961  0.000000  0.500931  0.000000  0.141615  0.123652  0.069029
4962  0.000000  0.500255  0.000000  0.141467  0.123478  0.069037
4963  0.000000  0.499578  0.000000  0.141320  0.123304  0.069045
4964  0.000000  0.498902  0.000000  0.141172  0.123131  0.069054
4965  0.000000  0.498225  0.000000  0.141025  0.122957  0.069062
4966  0.000000  0.497547  0.000000  0.140878  0.122783  0.069070
4967  0.000000  0.496869  0.000000  0.140731  0.122610  0.069079
4968  0.000000  0.496190  0.000000  0.140584  0.122436  0.069087
4969  0.000000  0.495511  0.000000  0.140437  0.122263  0.069096
4970  0.000000  0.494831  0.000000  0.140290  0.122089  0.069104
4971  0.000000  0.494151  0.000000  0.140143  0.121916  0.069113
4972  0.000000  0.493471  0.000000  0.139996  0.121743  0.069121
4973  0.000000  0.492790  0.000000  0.139850  0.121569  0.069130
4974  0.000000  0.492109  0.000000  0.139704  0.121396  0.069138
4975  0.000000  0.491427  0.000000  0.139557  0.121223  0.069147
4976  0.000000  0.490744  0.000000  0.139411  0.121050  0.069155
4977  0.000000  0.490061  0.000000  0.139265  0.120876  0.069164
4978  0.000000  0.489378  0.000000  0.139119  0.120703  0.069173
4979  0.000000  0.488694  0.000000  0.138973  0.120530  0.069181
4980  0.000000  0.488010  0.000000  0.138827  0.120357  0.069190
4981  0.000000  0.487325  0.000000  0.138682  0.120184  0.069199
4982  0.000000  0.486640  0.000000  0.138536  0.120011  0.069208
4983  0.000000  0.485954  0.000000  0.138391  0.119838  0.069216
4984  0.000000  0.485268  0.000000  0.138245  0.119665  0.069225
4985  0.000000  0.484581  0.000000  0.138100  0.119492  0.069234
4986  0.000000  0.483894  0.000000  0.137955  0.119319  0.069243
4987  0.000000  0.483206  0.000000  0.137810  0.119146  0.069252
4988  0.000000  0.482517  0.000000  0.137665  0.118973  0.069261
4989  0.000000  0.481829  0.000000  0.137520  0.118801  0.069269
4990  0.000000  0.481139  0.000000  0.137376  0.118628  0.069278
4991  0.000000  0.480450  0.000000  0.137231  0.118455  0.069287
4992  0.000000  0.479759  0.000000  0.137087  0.118282  0.069296
4993  0.000000  0.479069  0.000000  0.136942  0.118110  0.069305
4994  0.000000  0.478377  0.000000  0.136798  0.117937  0.069314
4995  0.000000  0.477686  0.000000  0.136654  0.117765  0.069324
4996  0.000000  0.476993  0.000000  0.136510  0.117592  0.069333
4997  0.000000  0.476301  0.000000  0.136366  0.117419  0.069342
4998  0.000000  0.475607  0.000000  0.136222  0.117247  0.069351
4999  0.000000  0.474914  0.000000  0.136078  0.117075  0.069360
5000  0.000000  0.000000  0.000000  3.179882  2.397121  -2.089368
5001  0.000000  0.000000  0.000000  3.176886  2.397471  -2.084403
5002  0.000000  0.000000  0.000000  3.173898  2.397816  -2.079448
5003  0.000000  0.000000  0.000000  3.170917  2.398156  -2.074503
5004  0.000000  0.000000  0.000000  3.167943  2.398490  -2.069567
5005  0.000000  0.000000  0.000000  3.164977  2.398820  -2.064640
5006  0.000000  0.000000  0.000000  3.162017  2.399144  -2.059723
5007  0.000000  0.000000  0.000000  3.159065  2.399463  -2.054816
5008  0.000000  0.000000  0.000000  3.156120  2.399778  -2.049917
5009  0.000000  0.000000  0.000000  3.153182  2.400087  -2.045028
5010  0.000000  0.000000  0.000000  3.150252  2.400391  -2.040149
5011  0.000000  0.000000  0.000000  3.147328  2.400690  -2.035279
5012  0.000000  0.000000  0.000000  3.144411  2.400984  -2.030418
5013  0.000000  0.000000  0.000000  3.141502  2.401273  -2.025567
5014  0.000000  0.000000  0.000000  3.138600  2.401557  -2.020725
5015  0.000000  0.000000  0.000000  3.135704  2.401837  -2.015892
5016  0.000000  0.000000  0.000000  3.132816  2.402111  -2.011069
5017  0.000000  0.000000  0.000000  3.129934  2.402380  -2.006255
5018  0.000000  0.000000  0.000000  3.127060  2.402645  -2.001450
5019  0.000000  0.000000  0.000000  3.124193  2.402904  -1.996655
5020  0.000000  0.000000  0.000000  3.121332  2.403159  -1.991869
5021  0.000000  0.000000  0.000000  3.118479  2.403409  -1.987092
5022  0.000000  0.000000  0.000000  3.115632  2.403654  -1.982325
5023  0.000000  0.000000  0.000000  3.112792  2.403894  -1.977566
5024  0.000000  0.000000  0.000000  3.109959  2.404129  -1.972817
5025  0.000000  0.000000  0.000000  3.107133  2.404360  -1.968078
5026  0.000000  0.000000  0.000000  3.104314  2.404585  -1.963347
5027  0.000000  0.000000  0.000000  3.101501  2.404806  -1.958626
5028  0.000000  0.000000  0.000000  3.098695  2.405023  -1.953914
5029  0.000000  0.000000  0.000000  3.095896  2.405234  -1.949211
5030  0.000000  0.000000  0.000000  3.093104  2.405441  -1.944517
5031  0.000000  0.000000  0.000000  3.090319  2.405643  -1.939833
5032  0.000000  0.000000  0.000000  3.087540  2.405840  -1.935158
5033  0.000000  0.000000  0.000000  3.084767  2.406033  -1.930491
5034  0.000000  0.000000  0.000000  3.082002  2.406221  -1.925834
5035  0.000000  0.000000  0.000000  3.079243  2.406404  -1.921187
5036  0.000000  0.000000  0.000000  3.076491  2.406583  -1.916548
5037  0.000000  0.000000  0.000000  3.073745  2.406757  -1.911918
5038  0.000000  0.000000  0.000000  3.071006  2.406926  -1.907298
5039  0.000000  0.000000  0.000000  3.068274  2.407091  -1.902687
5040  0.000000  0.000000  0.000000  3.065548  2.407251  -1.898084
5041  0.000000  0.000000  0.000000  3.062828  2.407407  -1.893491
5042  0.000000  0.000000  0.000000  3.060115  2.407558  -1.888907
5043  0.000000  0.000000  0.000000  3.057409  2.407704  -1.884332
5044  0.000000  0.000000  0.000000  3.054709  2.407847  -1.879766
5045  0.000000  0.000000  0.000000  3.052015  2.407984  -1.875209
5046  0.000000  0.000000  0.000000  3.049328  2.408117  -1.870661
5047  0.000000  0.000000  0.000000  3.046647  2.408246  -1.866123
5048  0.000000  0.000000  0.000000  3.043973  2.408370  -1.861593
5049  0.000000  0.000000  0.000000  3.041305  2.408489  -1.857072
5050  0.000000  0.000000  0.000000  3.038643  2.408604  -1.852560
5051  0.000000  0.000000  0.000000  3.035988  2.408715  -1.848057
5052  0.000000  0.000000  0.000000  3.033339  2.408821  -1.843564
5053  0.000000  0.000000  0.000000  3.030697  2.408923  -1.839079
5054  0.000000  0.000000  0.000000  3.028060  2.409021  -1.834603
5055  0.000000  0.000000  0.000000  3.025430  2.409114  -1.830136
5056  0.000000  0.000000  0.000000  3.022806  2.409202  -1.825678
5057  0.000000  0.000000  0.000000  3.020188  2.409287  -1.821229
5058  0.000000  0.000000  0.000000  3.017577  2.409367  -1.816789
5059  0.000000  0.000000  0.000000  3.014972  2.409442  -1.812358
5060  0.000000  0.000000  0.000000  3.012373  2.409514  -1.807936
5061  0.000000  0.000000  0.000000  3.009780  2.409581  -1.803522
5062  0.000000  0.000000  0.000000  3.007193  2.409644  -1.799118
5063  0.000000  0.000000  0.000000  3.004612  2.409702  -1.794723
5064  0.000000  0.000000  0.000000  3.002037  2.409756  -1.790336
5065  0.000000  0.000000  0.000000  2.999469  2.409806  -1.785958
5066  0.000000  0.000000  0.000000  2.996906  2.409852  -1.781589
5067  0.000000  0.000000  0.000000  2.994350  2.409893  -1.777229
5068  0.000000  0.000000  0.000000  2.991799  2.409931  -1.772878
5069  0.000000  0.000000  0.000000  2.989255  2.409964  -1.768535
5070  0.000000  0.000000  0.000000  2.986716  2.409993  -1.764202
5071  0.000000  0.000000  0.000000  2.984183  2.410017  -1.759877
5072  0.000000  0.000000  0.000000  2.981657  2.410038  -1.755561
5073  0.000000  0.000000  0.000000  2.979136  2.410054  -1.751254
5074  0.000000  0.000000  0.000000  2.976621  2.410066  -1.746956
5075  0.000000  0.000000  0.000000  2.974112  2.410074  -1.742666
5076  0.000000  0.000000  0.000000  2.971609  2.410078  -1.738385
5077  0.000000  0.000000  0.000000  2.969112  2.410078  -1.734113
5078  0.000000  0.000000  0.000000  2.966621  2.410074  -1.729850
5079  0.000000  0.000000  0.000000  2.964135  2.410066  -1.725596
5080  0.000000  0.000000  0.000000  2.961655  2.410053  -1.721350
5081  0.000000  0.000000  0.000000  2.959181  2.410037  -1.717113
5082  0.000000  0.000000  0.000000  2.956713  2.410016  -1.712884
5083  0.000000  0.000000  0.000000  2.954250  2.409992  -1.708665
5084  0.000000  0.000000  0.000000  2.951793  2.409963  -1.704454
5085  0.000000  0.000000  0.000000  2.949342  2.409930  -1.700252
5086  0.000000  0.000000  0.000000  2.946897  2.409894  -1.696058
5087  0.000000  0.000000  0.000000  2.944457  2.409853  -1.691874
5088  0.000000  0.000000  0.000000  2.942023  2.409809  -1.687697
5089  0.000000  0.000000  0.000000  2.939595  2.409760  -1.683530
5090  0.000000  0.000000  0.000000  2.937172  2.409707  -1.679371
5091  0.000000  0.000000  0.000000  2.934754  2.409651  -1.675221
5092  0.000000  0.000000  0.000000  2.932343  2.409591  -1.671079
5093  0.000000  0.000000  0.000000  2.929936  2.409526  -1.666947
5094  0.000000  0.000000  0.000000  2.927536  2.409458  -1.662822
5095  0.000000  0.000000  0.000000  2.925141  2.409386  -1.658707
5096  0.000000  0.000000  0.000000  2.922751  2.409310  -1.654600
5097  0.000000  0.000000  0.000000  2.920367  2.409230  -1.650501
5098  0.000000  0.000000  0.000000  2.917988  2.409146  -1.646411
5099  0.000000  0.000000  0.000000  2.915615  2.409059  -1.642330
5100  0.000000  0.000000  0.000000  2.913247  2.408967  -1.638257
5101  0.000000  0.000000  0.000000  2.910885  2.408872  -1.634193
5102  0.000000  0.000000  0.000000  2.908528  2.408773  -1.630138
5103  0.000000  0.000000  0.000000  2.906176  2.408670  -1.626091
5104  0.000000  0.000000  0.000000  2.903830  2.408563  -1.622052
5105  0.000000  0.000000  0.000000  2.901489  2.408452  -1.618023
5106  0.000000  0.000000  0.000000  2.899154  2.408338  -1.614001
5107  0.000000  0.000000  0.000000  2.896823  2.408220  -1.609988
5108  0.000000  0.000000  0.000000  2.894498  2.408098  -1.605984
5109  0.000000  0.000000  0.000000  2.892179  2.407972  -1.601988
5110  0.000000  0.000000  0.000000  2.889864  2.407843  -1.598001
5111  0.000000  0.000000  0.000000  2.887555  2.407710  -1.594022
5112  0.000000  0.000000  0.000000  2.885251  2.407573  -1.590052
5113  0.000000  0.000000  0.000000  2.882952  2.407433  -1.586090
5114  0.000000  0.000000  0.000000  2.880659  2.407288  -1.582137
5115  0.000000  0.000000  0.000000  2.878370  2.407140  -1.578192
5116  0.000000  0.000000  0.000000  2.876087  2.406989  -1.574255
5117  0.000000  0.000000  0.000000  2.873809  2.406834  -1.570327
5118  0.000000  0.000000  0.000000  2.871536  2.406675  -1.566408
5119  0.000000  0.000000  0.000000  2.869268  2.406512  -1.562497
5120  0.000000  0.000000  0.000000  2.867005  2.406346  -1.558594
5121  0.000000  0.000000  0.000000  2.864747  2.406176  -1.554700
5122  0.000000  0.000000  0.000000  2.862494  2.406003  -1.550814
5123  0.000000  0.000000  0.000000  2.860246  2.405826  -1.546936
5124  0.000000  0.000000  0.000000  2.858004  2.405645  -1.543067
5125  0.000000  0.000000  0.000000  2.855766  2.405461  -1.539207
5126  0.000000  0.000000  0.000000  2.853533  2.405273  -1.535355
5127  0.000000  0.000000  0.000000  2.851305  2.405081  -1.531511
5128  0.000000  0.000000  0.000000  2.849082  2.404887  -1.527675
5129  0.000000  0.000000  0.000000  2.846864  2.404688  -1.523848
5130  0.000000  0.000000  0.000000  2.844651  2.404486  -1.520029
5131  0.000000  0.000000  0.000000  2.842443  2.404280  -1.516219
5132  0.000000  0.000000  0.000000  2.840240  2.404071  -1.512416
5133  0.000000  0.000000  0.000000  2.838041  2.403859  -1.508623
5134  0.000000  0.000000  0.000000  2.835848  2.403643  -1.504837
5135  0.000000  0.000000  0.000000  2.833659  2.403423  -1.501060
5136  0.000000  0.000000  0.000000  2.831475  2.403200  -1.497291
5137  0.000000  0.000000  0.000000  2.829296  2.402973  -1.493531
5138  0.000000  0.000000  0.000000  2.827122  2.402743  -1.489779
5139  0.000000  0.000000  0.000000  2.824952  2.402510  -1.486035
5140  0.000000  0.000000  0.000000  2.822787  2.402273  -1.482299
5141  0.000000  0.000000  0.000000  2.820627  2.402033  -1.478572
5142  0.000000  0.000000  0.000000  2.818471  2.401789  -1.474852
5143  0.000000  0.000000  0.000000  2.816320  2.401542  -1.471142
5144  0.000000  0.000000  0.000000  2.814174  2.401291  -1.467439
5145  0.000000  0.000000  0.000000  2.812033  2.401037  -1.463745
5146  0.000000  0.000000  0.000000  2.809896  2.400780  -1.460059
5147  0.000000  0.000000  0.000000  2.807764  2.400519  -1.456381
5148  0.000000  0.000000  0.000000  2.805636  2.400255  -1.452711
5149  0.000000  0.000000  0.000000  2.803513  2.399988  -1.449050
5150  0.000000  0.000000  0.000000  2.801395  2.399717  -1.445397
5151  0.000000  0.000000  0.000000  2.799281  2.399443  -1.441752
5152  0.000000  0.000000  0.000000  2.797171  2.399165  -1.438115
5153  0.000000  0.000000  0.000000  2.795066  2.398884  -1.434486
5154  0.000000  0.000000  0.000000  2.792966  2.398600  -1.430866
5155  0.000000  0.000000  0.000000  2.790870  2.398313  -1.427254
5156  0.000000  0.000000  0.000000  2.788779  2.398022  -1.423650
5157  0.000000  0.000000  0.000000  2.786692  2.397728  -1.420054
5158  0.000000  0.000000  0.000000  2.784609  2.397430  -1.416466
5159  0.000000  0.000000  0.000000  2.782531  2.397130  -1.412887
5160  0.000000  0.000000  0.000000  2.780457  2.396826  -1.409315
5161  0.000000  0.000000  0.000000  2.778388  2.396519  -1.405752
5162  0.000000  0.000000  0.000000  2.776323  2.396208  -1.402197
5163  0.000000  0.000000  0.000000  2.774263  2.395895  -1.398650
5164  0.000000  0.000000  0.000000  2.772206  2.395578  -1.395111
5165  0.000000  0.000000  0.000000  2.770155  2.395258  -1.391580
5166  0.000000  0.000000  0.000000  2.768107  2.394935  -1.388058
5167  0.000000  0.000000  0.000000  2.766064  2.394608  -1.384543
5168  0.000000  0.000000  0.000000  2.764025  2.394278  -1.381037
5169  0.000000  0.000000  0.000000  2.761990  2.393946  -1.377539
5170  0.000000  0.000000  0.000000  2.759959  2.393609  -1.374048
5171  0.000000  0.000000  0.000000  2.757933  2.393270  -1.370566
5172  0.000000  0.000000  0.000000  2.755911  2.392928  -1.367092
5173  0.000000  0.000000  0.000000  2.753893  2.392582  -1.363626
5174  0.000000  0.000000  0.000000  2.751879  2.392234  -1.360168
5175  0.000000  0.000000  0.000000  2.749870  2.391882  -1.356718
5176  0.000000  0.000000  0.000000  2.747864  2.391527  -1.353277
5177  0.000000  0.000000  0.000000  2.745863  2.391169  -1.349843
5178  0.000000  0.000000  0.000000  2.743866  2.390808  -1.346417
5179  0.000000  0.000000  0.000000  2.741873  2.390443  -1.342999
5180  0.000000  0.000000  0.000000  2.739884  2.390076  -1.339590
5181  0.000000  0.000000  0.000000  2.737899  2.389705  -1.336188
5182  0.000000  0.000000  0.000000  2.735918  2.389332  -1.332794
5183  0.000000  0.000000  0.000000  2.733941  2.388955  -1.329409
5184  0.000000  0.000000  0.000000  2.731968  2.388575  -1.326031
5185  0.000000  0.000000  0.000000  2.729999  2.388193  -1.322662
5186  0.000000  0.000000  0.000000  2.728035  2.387807  -1.319300
5187  0.000000  0.000000  0.000000  2.726074  2.387418  -1.315946
5188  0.000000  0.000000  0.000000  2.724117  2.387026  -1.312601
5189  0.000000  0.000000  0.000000  2.722164  2.386631  -1.309263
5190  0.000000  0.000000  0.000000  2.720215  2.386233  -1.305933
5191  0.000000  0.000000  0.000000  2.718270  2.385832  -1.302611
5192  0.000000  0.000000  0.000000  2.716329  2.385428  -1.299297
5193  0.000000  0.000000  0.000000  2.714391  2.385021  -1.295992
5194  0.000000  0.000000  0.000000  2.712458  2.384611  -1.292694
5195  0.000000  0.000000  0.000000  2.710528  2.384198  -1.289404
5196  0.000000  0.000000  0.000000  2.708602  2.383782  -1.286122
5197  0.000000  0.000000  0.000000  2.706680  2.383363  -1.282847
5198  0.000000  0.000000  0.000000  2.704762  2.382942  -1.279581
5199  0.000000  0.000000  0.000000  2.702848  2.382517  -1.276323
5200  0.000000  0.000000  0.000000  2.700937  2.382089  -1.273072
5201  0.000000  0.000000  0.000000  2.699030  2.381658  -1.269830
5202  0.000000  0.000000  0.000000  2.697127  2.381225  -1.266595
5203  0.000000  0.000000  0.000000  2.695228  2.380788  -1.263369
5204  0.000000  0.000000  0.000000  2.693332  2.380349  -1.260150
5205  0.000000  0.000000  0.000000  2.691440  2.379907  -1.256939
5206  0.000000  0.000000  0.000000  2.689552  2.379461  -1.253736
5207  0.000000  0.000000  0.000000  2.687667  2.379013  -1.250541
5208  0.000000  0.000000  0.000000  2.685786  2.378562  -1.247353
5209  0.000000  0.000000  0.000000  2.683909  2.378108  -1.244174
5210  0.000000  0.000000  0.000000  2.682035  2.377651  -1.241002
5211  0.000000  0.000000  0.000000  2.680165  2.377192  -1.237838
5212  0.000000  0.000000  0.000000  2.678299  2.376729  -1.234682
5213  0.000000  0.000000  0.000000  2.676436  2.376264  -1.231534
5214  0.000000  0.000000  0.000000  2.674576  2.375796  -1.228394
5215  0.000000  0.000000  0.000000  2.672720  2.375325  -1.225261
5216  0.000000  0.000000  0.000000  2.670868  2.374851  -1.222137
5217  0.000000  0.000000  0.000000  2.669019  2.374374  -1.219020
5218  0.000000  0.000000  0.000000  2.667174  2.373895  -1.215911
5219  0.000000  0.000000  0.000000  2.665332  2.373413  -1.212810
5220  0.000000  0.000000  0.000000  2.663494  2.372927  -1.209716
5221  0.000000  0.000000  0.000000  2.661659  2.372440  -1.206631
5222  0.000000  0.000000  0.000000  2.659827  2.371949  -1.203553
5223  0.000000  0.000000  0.000000  2.657999  2.371456  -1.200483
5224  0.000000  0.000000  0.000000  2.656175  2.370959  -1.197421
5225  0.000000  0.000000  0.000000  2.654353  2.370460  -1.194366
5226  0.000000  0.000000  0.000000  2.652536  2.369959  -1.191319
5227  0.000000  0.000000  0.000000  2.650721  2.369454  -1.188280
5228  0.000000  0.000000  0.000000  2.648910  2.368947  -1.185249
5229  0.000000  0.000000  0.000000  2.647102  2.368437  -1.182226
5230  0.000000  0.000000  0.000000  2.645298  2.367924  -1.179210
5231  0.000000  0.000000  0.000000  2.643497  2.367409  -1.176202
5232  0.000000  0.000000  0.000000  2.641699  2.366891  -1.173202
5233  0.000000  0.000000  0.000000  2.639904  2.366370  -1.170209
5234  0.000000  0.000000  0.000000  2.638113  2.365846  -1.167224
5235  0.000000  0.000000  0.000000  2.636325  2.365320  -1.164247
5236  0.000000  0.000000  0.000000  2.634540  2.364791  -1.161278
5237  0.000000  0.000000  0.000000  2.632759  2.364259  -1.158316
5238  0.000000  0.000000  0.000000  2.630980  2.363725  -1.155362
5239  0.000000  0.000000  0.000000  2.629205  2.363188  -1.152416
5240  0.000000  0.000000  0.000000  2.627433  2.362648  -1.149478
5241  0.000000  0.000000  0.000000  2.625664  2.362106  -1.146547
5242  0.000000  0.000000  0.000000  2.623899  2.361561  -1.143623
5243  0.000000  0.000000  0.000000  2.622136  2.361013  -1.140708
5244  0.000000  0.000000  0.000000  2.620377  2.360463  -1.137800
5245  0.000000  0.000000  0.000000  2.618621  2.359910  -1.134900
5246  0.000000  0.000000  0.000000  2.616867  2.359354  -1.132007
5247  0.000000  0.000000  0.000000  2.615117  2.358796  -1.129123
5248  0.000000  0.000000  0.000000  2.613370  2.358236  -1.126245
5249  0.000000  0.000000  0.000000  2.611626  2.357672  -1.123376
5250  0.000000  0.000000  0.000000  2.609885  2.357106  -1.120514
5251  0.000000  0.000000  0.000000  2.608147  2.356538  -1.117660
5252  0.000000  0.000000  0.000000  2.606412  2.355966  -1.114813
5253  0.000000  0.000000  0.000000  2.604681  2.355393  -1.111974
5254  0.000000  0.000000  0.000000  2.602952  2.354816  -1.109143
5255  0.000000  0.000000  0.000000  2.601226  2.354237  -1.106319
5256  0.000000  0.000000  0.000000  2.599503  2.353656  -1.103503
5257  0.000000  0.000000  0.000000  2.597783  2.353072  -1.100694
5258  0.000000  0.000000  0.000000  2.596066  2.352485  -1.097893
5259  0.000000  0.000000  0.000000  2.594351  2.351896  -1.095100
5260  0.000000  0.000000  0.000000  2.592640  2.351304  -1.092314
5261  0.000000  0.000000  0.000000  2.590932  2.350710  -1.089536
5262  0.000000  0.000000  0.000000  2.589226  2.350113  -1.086766
5263  0.000000  0.000000  0.000000  2.587524  2.349514  -1.084003
5264  0.000000  0.000000  0.000000  2.585824  2.348912  -1.081247
5265  0.000000  0.000000  0.000000  2.584127  2.348308  -1.078499
5266  0.000000  0.000000  0.000000  2.582433  2.347701  -1.075759
5267  0.000000  0.000000  0.000000  2.580741  2.347092  -1.073026
5268  0.000000  0.000000  0.000000  2.579053  2.346480  -1.070301
5269  0.000000  0.000000  0.000000  2.577367  2.345866  -1.067584
5270  0.000000  0.000000  0.000000  2.575684  2.345249  -1.064874
5271  0.000000  0.000000  0.000000  2.574004  2.344630  -1.062171
5272  0.000000  0.000000  0.000000  2.572326  2.344008  -1.059476
5273  0.000000  0.000000  0.000000  2.570652  2.343384  -1.056789
5274  0.000000  0.000000  0.000000  2.568980  2.342757  -1.054109
5275  0.000000  0.000000  0.000000  2.567310  2.342128  -1.051437
5276  0.000000  0.000000  0.000000  2.565644  2.341496  -1.048772
5277  0.000000  0.000000  0.000000  2.563980  2.340862  -1.046114
5278  0.000000  0.000000  0.000000  2.562318  2.340226  -1.043465
5279  0.000000  0.000000  0.000000  2.560660  2.339587  -1.040822
5280  0.000000  0.000000  0.000000  2.559004  2.338946  -1.038187
5281  0.000000  0.000000  0.000000  2.557350  2.338302  -1.035560
5282  0.000000  0.000000  0.000000  2.555700  2.337656  -1.032940
5283  0.000000  0.000000  0.000000  2.554051  2.337007  -1.030328
5284  0.000000  0.000000  0.000000  2.552406  2.336356  -1.027723
5285  0.000000  0.000000  0.000000  2.550763  2.335703  -1.025126
5286  0.000000  0.000000  0.000000  2.549122  2.335047  -1.022536
5287  0.000000  0.000000  0.000000  2.547484  2.334389  -1.019953
5288  0.000000  0.000000  0.000000  2.545849  2.333728  -1.017379
5289  0.000000  0.000000  0.000000  2.544216  2.333066  -1.014811
5290  0.000000  0.000000  0.000000  2.542586  2.332400  -1.012251
5291  0.000000  0.000000  0.000000  2.540958  2.331733  -1.009698
5292  0.000000  0.000000  0.000000  2.539333  2.331063  -1.007153
5293  0.000000  0.000000  0.000000  2.537710  2.330390  -1.004616
5294  0.000000  0.000000  0.000000  2.536089  2.329716  -1.002085
5295  0.000000  0.000000  0.000000  2.534471  2.329038  -0.999563
5296  0.000000  0.000000  0.000000  2.532856  2.328359  -0.997047
5297  0.000000  0.000000  0.000000  2.531243  2.327677  -0.994539
5298  0.000000  0.000000  0.000000  2.529632  2.326993  -0.992039
5299  0.000000  0.000000  0.000000  2.528024  2.326307  -0.989546
5300  0.000000  0.000000  0.000000  2.526418  2.325618  -0.987060
5301  0.000000  0.000000  0.000000  2.524814  2.324927  -0.984582
5302  0.000000  0.000000  0.000000  2.523213  2.324234  -0.982111
5303  0.000000  0.000000  0.000000  2.521614  2.323538  -0.979647
5304  0.000000  0.000000  0.000000  2.520018  2.322840  -0.977191
5305  0.000000  0.000000  0.000000  2.518423  2.322140  -0.974742
5306  0.000000  0.000000  0.000000  2.516831  2.321437  -0.972301
5307  0.000000  0.000000  0.000000  2.515242  2.320733  -0.969867
5308  0.000000  0.000000  0.000000  2.513655  2.320025  -0.967441
5309  0.000000  0.000000  0.000000  2.512070  2.319316  -0.965021
5310  0.000000  0.000000  0.000000  2.510487  2.318604  -0.962610
5311  0.000000  0.000000  0.000000  2.508906  2.317891  -0.960205
5312  0.000000  0.000000  0.000000  2.507328  2.317174  -0.957808
5313  0.000000  0.000000  0.000000  2.505752  2.316456  -0.955418
5314  0.000000  0.000000  0.000000  2.504178  2.315735  -0.953036
5315  0.000000  0.000000  0.000000  2.502606  2.315012  -0.950661
5316  0.000000  0.000000  0.000000  2.501037  2.314287  -0.948293
5317  0.000000  0.000000  0.000000  2.499470  2.313560  -0.945933
5318  0.000000  0.000000  0.000000  2.497905  2.312830  -0.943580
5319  0.000000  0.000000  0.000000  2.496342  2.312098  -0.941235
5320  0.000000  0.000000  0.000000  2.494781  2.311364  -0.938896
5321  0.000000  0.000000  0.000000  2.493222  2.310628  -0.936565
5322  0.000000  0.000000  0.000000  2.491666  2.309890  -0.934242
5323  0.000000  0.000000  0.000000  2.490111  2.309149  -0.931925
5324  0.000000  0.000000  0.000000  2.488559  2.308406  -0.929616
5325  0.000000  0.000000  0.000000  2.487008  2.307661  -0.927314
5326  0.000000  0.000000  0.000000  2.485460  2.306914  -0.925020
5327  0.000000  0.000000  0.000000  2.483914  2.306164  -0.922733
5328  0.000000  0.000000  0.000000  2.482370  2.305413  -0.920453
5329  0.000000  0.000000  0.000000  2.480828  2.304659  -0.918181
5330  0.000000  0.000000  0.000000  2.479288  2.303903  -0.915915
5331  0.000000  0.000000  0.000000  2.477750  2.303145  -0.913657
5332  0.000000  0.000000  0.000000  2.476214  2.302384  -0.911407
5333  0.000000  0.000000  0.000000  2.474680  2.301622  -0.909163
5334  0.000000  0.000000  0.000000  2.473148  2.300857  -0.906927
5335  0.000000  0.000000  0.000000  2.471618  2.300090  -0.904698
5336  0.000000  0.000000  0.000000  2.470090  2.299321  -0.902477
5337  0.000000  0.000000  0.000000  2.468563  2.298550  -0.900262
5338  0.000000  0.000000  0.000000  2.467039  2.297777  -0.898055
5339  0.000000  0.000000  0.000000  2.465517  2.297002  -0.895856
5340  0.000000  0.000000  0.000000  2.463997  2.296224  -0.893663
5341  0.000000  0.000000  0.000000  2.462478  2.295445  -0.891478
5342  0.000000  0.000000  0.000000  2.460961  2.294663  -0.889300
5343  0.000000  0.000000  0.000000  2.459447  2.293879  -0.887129
5344  0.000000  0.000000  0.000000  2.457934  2.293093  -0.884965
5345  0.000000  0.000000  0.000000  2.456423  2.292305  -0.882809
5346  0.000000  0.000000  0.000000  2.454914  2.291515  -0.880660
5347  0.000000  0.000000  0.000000  2.453406  2.290723  -0.878518
5348  0.000000  0.000000  0.000000  2.451901  2.289928  -0.876383
5349  0.000000  0.000000  0.000000  2.450397  2.289132  -0.874255
5350  0.000000  0.000000  0.000000  2.448895  2.288333  -0.872135
5351  0.000000  0.000000  0.000000  2.447395  2.287533  -0.870022
5352  0.000000  0.000000  0.000000  2.445897  2.286730  -0.867916
5353  0.000000  0.000000  0.000000  2.444401  2.285925  -0.865818
5354  0.000000  0.000000  0.000000  2.442906  2.285118  -0.863726
5355  0.000000  0.000000  0.000000  2.441413  2.284310  -0.861642
5356  0.000000  0.000000  0.000000  2.439922  2.283499  -0.859565
5357  0.000000  0.000000  0.000000  2.438432  2.282686  -0.857495
5358  0.000000  0.000000  0.000000  2.436944  2.281871  -0.855432
5359  0.000000  0.000000  0.000000  2.435458  2.281053  -0.853376
5360  0.000000  0.000000  0.000000  2.433974  2.280234  -0.851328
5361  0.000000  0.000000  0.000000  2.432491  2.279413  -0.849287
5362  0.000000  0.000000  0.000000  2.431010  2.278590  -0.847253
5363  0.000000  0.000000  0.000000  2.429531  2.277765  -0.845226
5364  0.000000  0.000000  0.000000  2.428053  2.276937  -0.843206
5365  0.000000  0.000000  0.000000  2.426577  2.276108  -0.841194
5366  0.000000  0.000000  0.000000  2.425102  2.275277  -0.839188
5367  0.000000  0.000000  0.000000  2.423630  2.274444  -0.837190
5368  0.000000  0.000000  0.000000  2.422158  2.273608  -0.835199
5369  0.000000  0.000000  0.000000  2.420689  2.272771  -0.833215
5370  0.000000  0.000000  0.000000  2.419221  2.271931  -0.831238
5371  0.000000  0.000000  0.000000  2.417754  2.271090  -0.829268
5372  0.000000  0.000000  0.000000  2.416289  2.270247  -0.827305
5373  0.000000  0.000000  0.000000  2.414826  2.269402  -0.825350
5374  0.000000  0.000000  0.000000  2.413365  2.268554  -0.823402
5375  0.000000  0.000000  0.000000  2.411904  2.267705  -0.821460
5376  0.000000  0.000000  0.000000  2.410446  2.266854  -0.819526
5377  0.000000  0.000000  0.000000  2.408989  2.266000  -0.817599
5378  0.000000  0.000000  0.000000  2.407533  2.265145  -0.815679
5379  0.000000  0.000000  0.000000  2.406079  2.264288  -0.813766
5380  0.000000  0.000000  0.000000  2.404626  2.263429  -0.811861
5381  0.000000  0.000000  0.000000  2.403175  2.262568  -0.809962
5382  0.000000  0.000000  0.000000  2.401726  2.261705  -0.808070
5383  0.000000  0.000000  0.000000  2.400277  2.260840  -0.806186
5384  0.000000  0.000000  0.000000  2.398831  2.259973  -0.804309
5385  0.000000  0.000000  0.000000  2.397385  2.259104  -0.802438
5386  0.000000  0.000000  0.000000  2.395942  2.258233  -0.800575
5387  0.000000  0.000000  0.000000  2.394499  2.257360  -0.798719
5388  0.000000  0.000000  0.000000  2.393058  2.256485  -0.796870
5389  0.000000  0.000000  0.000000  2.391619  2.255609  -0.795028
5390  0.000000  0.000000  0.000000  2.390181  2.254730  -0.793193
5391  0.000000  0.000000  0.000000  2.388744  2.253850  -0.791365
5392  0.000000  0.000000  0.000000  2.387308  2.252967  -0.789544
5393  0.000000  0.000000  0.000000  2.385874  2.252083  -0.787730
5394  0.000000  0.000000  0.000000  2.384442  2.251197  -0.785924
5395  0.000000  0.000000  0.000000  2.383010  2.250308  -0.784124
5396  0.000000  0.000000  0.000000  2.381580  2.249418  -0.782331
5397  0.000000  0.000000  0.000000  2.380152  2.248526  -0.780546
5398  0.000000  0.000000  0.000000  2.378724  2.247632  -0.778767
5399  0.000000  0.000000  0.000000  2.377298  2.246737  -0.776996
5400  0.000000  0.000000  0.000000  2.375874  2.245839  -0.775231
5401  0.000000  0.000000  0.000000  2.374450  2.244940  -0.773473
5402  0.000000  0.000000  0.000000  2.373028  2.244038  -0.771723
5403  0.000000  0.000000  0.000000  2.371607  2.243135  -0.769979
5404  0.000000  0.000000  0.000000  2.370188  2.242230  -0.768243
5405  0.000000  0.000000  0.000000  2.368770  2.241323  -0.766514
5406  0.000000  0.000000  0.000000  2.367353  2.240414  -0.764791
5407  0.000000  0.000000  0.000000  2.365937  2.239503  -0.763076
5408  0.000000  0.000000  0.000000  2.364522  2.238590  -0.761367
5409  0.000000  0.000000  0.000000  2.363109  2.237676  -0.759666
5410  0.000000  0.000000  0.000000  2.361697  2.236759  -0.757971
5411  0.000000  0.000000  0.000000  2.360286  2.235841  -0.756284
5412  0.000000  0.000000  0.000000  2.358876  2.234921  -0.754603
5413  0.000000  0.000000  0.000000  2.357468  2.233999  -0.752930
5414  0.000000  0.000000  0.000000  2.356060  2.233075  -0.751263
5415  0.000000  0.000000  0.000000  2.354654  2.232149  -0.749604
5416  0.000000  0.000000  0.000000  2.353249  2.231222  -0.747951
5417  0.000000  0.000000  0.000000  2.351845  2.230293  -0.746305
5418  0.000000  0.000000  0.000000  2.350443  2.229362  -0.744667
5419  0.000000  0.000000  0.000000  2.349041  2.228429  -0.743035
5420  0.000000  0.000000  0.000000  2.347641  2.227494  -0.741410
5421  0.000000  0.000000  0.000000  2.346242  2.226557  -0.739793
5422  0.000000  0.000000  0.000000  2.344843  2.225619  -0.738182
5423  0.000000  0.000000  0.000000  2.343446  2.224678  -0.736578
5424  0.000000  0.000000  0.000000  2.342050  2.223736  -0.734981
5425  0.000000  0.000000  0.000000  2.340656  2.222793  -0.733391
5426  0.000000  0.000000  0.000000  2.339262  2.221847  -0.731808
5427  0.000000  0.000000  0.000000  2.337869  2.220899  -0.730232
5428  0.000000  0.000000  0.000000  2.336477  2.219950  -0.728662
5429  0.000000  0.000000  0.000000  2.335087  2.218999  -0.727100
5430  0.000000  0.000000  0.000000  2.333697  2.218046  -0.725545
5431  0.000000  0.000000  0.000000  2.332309  2.217091  -0.723996
5432  0.000000  0.000000  0.000000  2.330921  2.216135  -0.722455
5433  0.000000  0.000000  0.000000  2.329535  2.215177  -0.720920
5434  0.000000  0.000000  0.000000  2.328150  2.214217  -0.719392
5435  0.000000  0.000000  0.000000  2.326765  2.213255  -0.717871
5436  0.000000  0.000000  0.000000  2.325382  2.212291  -0.716358
5437  0.000000  0.000000  0.000000  2.323999  2.211326  -0.714850
5438  0.000000  0.000000  0.000000  2.322618  2.210359  -0.713350
5439  0.000000  0.000000  0.000000  2.321238  2.209390  -0.711857
5440  0.000000  0.000000  0.000000  2.319858  2.208419  -0.710371
5441  0.000000  0.000000  0.000000  2.318480  2.207447  -0.708891
5442  0.000000  0.000000  0.000000  2.317102  2.206473  -0.707419
5443  0.000000  0.000000  0.000000  2.315726  2.205497  -0.705953
5444  0.000000  0.000000  0.000000  2.314350  2.204519  -0.704494
5445  0.000000  0.000000  0.000000  2.312975  2.203539  -0.703042
5446  0.000000  0.000000  0.000000  2.311601  2.202558  -0.701597
5447  0.000000  0.000000  0.000000  2.310229  2.201575  -0.700159
5448  0.000000  0.000000  0.000000  2.308857  2.200591  -0.698728
5449  0.000000  0.000000  0.000000  2.307486  2.199604  -0.697303
5450  0.000000  0.000000  0.000000  2.306115  2.198616  -0.695885
5451  0.000000  0.000000  0.000000  2.304746  2.197626  -0.694475
5452  0.000000  0.000000  0.000000  2.303378  2.196634  -0.693071
5453  0.000000  0.000000  0.000000  2.302010  2.195641  -0.691673
5454  0.000000  0.000000  0.000000  2.300644  2.194646  -0.690283
5455  0.000000  0.000000  0.000000  2.299278  2.193649  -0.688900
5456  0.000000  0.000000  0.000000  2.297913  2.192650  -0.687523
5457  0.000000  0.000000  0.000000  2.296549  2.191650  -0.686153
5458  0.000000  0.000000  0.000000  2.295186  2.190648  -0.684790
5459  0.000000  0.000000  0.000000  2.293823  2.189645  -0.683434
5460  0.000000  0.000000  0.000000  2.292462  2.188639  -0.682085
5461  0.000000  0.000000  0.000000  2.291101  2.187632  -0.680742
5462  0.000000  0.000000  0.000000  2.289741  2.186623  -0.679407
5463  0.000000  0.000000  0.000000  2.288382  2.185613  -0.678078
5464  0.000000  0.000000  0.000000  2.287024  2.184600  -0.676756
5465  0.000000  0.000000  0.000000  2.285666  2.183586  -0.675441
5466  0.000000  0.000000  0.000000  2.284309  2.182571  -0.674132
5467  0.000000  0.000000  0.000000  2.282953  2.181553  -0.672830
5468  0.000000  0.000000  0.000000  2.281598  2.180534  -0.671536
5469  0.000000  0.000000  0.000000  2.280244  2.179514  -0.670248
5470  0.000000  0.000000  0.000000  2.278890  2.178491  -0.668966
5471  0.000000  0.000000  0.000000  2.277537  2.177467  -0.667692
5472  0.000000  0.000000  0.000000  2.276185  2.176441  -0.666424
5473  0.000000  0.000000  0.000000  2.274834  2.175414  -0.665163
5474  0.000000  0.000000  0.000000  2.273483  2.174385  -0.663909
5475  0.000000  0.000000  0.000000  2.272133  2.173354  -0.662662
5476  0.000000  0.000000  0.000000  2.270784  2.172321  -0.661421
5477  0.000000  0.000000  0.000000  2.269435  2.171287  -0.660187
5478  0.000000  0.000000  0.000000  2.268087  2.170252  -0.658960
5479  0.000000  0.000000  0.000000  2.266740  2.169214  -0.657740
5480  0.000000  0.000000  0.000000  2.265394  2.168175  -0.656526
5481  0.000000  0.000000  0.000000  2.264048  2.167134  -0.655319
5482  0.000000  0.000000  0.000000  2.262703  2.166092  -0.654119
5483  0.000000  0.000000  0.000000  2.261359  2.165047  -0.652926
5484  0.000000  0.000000  0.000000  2.260015  2.164002  -0.651739
5485  0.000000  0.000000  0.000000  2.258672  2.162954  -0.650559
5486  0.000000  0.000000  0.000000  2.257329  2.161905  -0.649386
5487  0.000000  0.000000  0.000000  2.255988  2.160854  -0.648220
5488  0.000000  0.000000  0.000000  2.254647  2.159802  -0.647060
5489  0.000000  0.000000  0.000000  2.253306  2.158748  -0.645907
5490  0.000000  0.000000  0.000000  2.251966  2.157692  -0.644761
5491  0.000000  0.000000  0.000000  2.250627  2.156635  -0.643621
5492  0.000000  0.000000  0.000000  2.249289  2.155576  -0.642489
5493  0.000000  0.000000  0.000000  2.247951  2.154515  -0.641363
5494  0.000000  0.000000  0.000000  2.246613  2.153453  -0.640243
5495  0.000000  0.000000  0.000000  2.245277  2.152389  -0.639130
5496  0.000000  0.000000  0.000000  2.243941  2.151324  -0.638025
5497  0.000000  0.000000  0.000000  2.242605  2.150257  -0.636925
5498  0.000000  0.000000  0.000000  2.241270  2.149188  -0.635833
5499  0.000000  0.000000  0.000000  2.239936  2.148117  -0.634747
5500  0.000000  0.077962  0.000000  0.058208  0.011369  0.057087
5501  0.000000  0.077887  0.000000  0.058170  0.011333  0.057055
5502  0.000000  0.077812  0.000000  0.058131  0.011297  0.057023
5503  0.000000  0.077737  0.000000  0.058093  0.011261  0.056991
5504  0.000000  0.077662  0.000000  0.058054  0.011225  0.056959
5505  0.000000  0.077586  0.000000  0.058015  0.011189  0.056926
5506  0.000000  0.077510  0.000000  0.057977  0.011153  0.056894
5507  0.000000  0.077434  0.000000  0.057939  0.011116  0.056862
5508  0.000000  0.077357  0.000000  0.057900  0.011080  0.056830
5509  0.000000  0.077281  0.000000  0.057862  0.011044  0.056798
5510  0.000000  0.077204  0.000000  0.057823  0.011008  0.056766
5511  0.000000  0.077126  0.000000  0.057785  0.010972  0.056734
5512  0.000000  0.077049  0.000000  0.057746  0.010936  0.056702
5513  0.000000  0.076971  0.000000  0.057708  0.010900  0.056669
5514  0.000000  0.076893  0.000000  0.057670  0.010864  0.056637
5515  0.000000  0.076815  0.000000  0.057631  0.010828  0.056605
5516  0.000000  0.076736  0.000000  0.057593  0.010791  0.056573
5517  0.000000  0.076657  0.000000  0.057555  0.010755  0.056541
5518  0.000000  0.076578  0.000000  0.057517  0.010719  0.056509
5519  0.000000  0.076499  0.000000  0.057478  0.010683  0.056477
5520  0.000000  0.076420  0.000000  0.057440  0.010647  0.056445
5521  0.000000  0.076340  0.000000  0.057402  0.010611  0.056413
5522  0.000000  0.076260  0.000000  0.057364  0.010574  0.056381
5523  0.000000  0.076179  0.000000  0.057326  0.010538  0.056349
5524  0.000000  0.076099  0.000000  0.057288  0.010502  0.056317
5525  0.000000  0.076018  0.000000  0.057249  0.010466  0.056285
5526  0.000000  0.075937  0.000000  0.057211  0.010430  0.056253
5527  0.000000  0.075856  0.000000  0.057173  0.010393  0.056221
5528  0.000000  0.075774  0.000000  0.057135  0.010357  0.056189
5529  0.000000  0.075692  0.000000  0.057097  0.010321  0.056157
5530  0.000000  0.075610  0.000000  0.057059  0.010285  0.056125
5531  0.000000  0.075528  0.000000  0.057021  0.010248  0.056093
5532  0.000000  0.075445  0.000000  0.056983  0.010212  0.056061
5533  0.000000  0.075363  0.000000  0.056945  0.010176  0.056029
5534  0.000000  0.075280  0.000000  0.056907  0.010139  0.055997
5535  0.000000  0.075196  0.000000  0.056869  0.010103  0.055965
5536  0.000000  0.075113  0.000000  0.056832  0.010067  0.055933
5537  0.000000  0.075029  0.000000  0.056794  0.010030  0.055901
5538  0.000000  0.074945  0.000000  0.056756  0.009994  0.055869
5539  0.000000  0.074861  0.000000  0.056718  0.009958  0.055837
5540  0.000000  0.074777  0.000000  0.056680  0.009921  0.055805
5541  0.000000  0.074692  0.000000  0.056642  0.009885  0.055773
5542  0.000000  0.074607  0.000000  0.056605  0.009849  0.055741
5543  0.000000  0.074522  0.000000  0.056567  0.009812  0.055709
5544  0.000000  0.074437  0.000000  0.056529  0.009776  0.055678
5545  0.000000  0.074351  0.000000  0.056492  0.009739  0.055646
5546  0.000000  0.074266  0.000000  0.056454  0.009703  0.055614
5547  0.000000  0.074180  0.000000  0.056416  0.009667  0.055582
5548  0.000000  0.074093  0.000000  0.056379  0.009630  0.055550
5549  0.000000  0.074007  0.000000  0.056341  0.009594  0.055518
5550  0.000000  0.073920  0.000000  0.056303  0.009557  0.055486
5551  0.000000  0.073833  0.000000  0.056266  0.009521  0.055454
5552  0.000000  0.073746  0.000000  0.056228  0.009484  0.055423
5553  0.000000  0.073659  0.000000  0.056191  0.009448  0.055391
5554  0.000000  0.073572  0.000000  0.056153  0.009411  0.055359
5555  0.000000  0.073484  0.000000  0.056116  0.009375  0.055327
5556  0.000000  0.073396  0.000000  0.056078  0.009338  0.055295
5557  0.000000  0.073308  0.000000  0.056041  0.009302  0.055263
5558  0.000000  0.073219  0.000000  0.056003  0.009265  0.055232
5559  0.000000  0.073131  0.000000  0.055966  0.009229  0.055200
5560  0.000000  0.073042  0.000000  0.055929  0.009192  0.055168
5561  0.000000  0.072953  0.000000  0.055891  0.009156  0.055136
5562  0.000000  0.072864  0.000000  0.055854  0.009119  0.055104
5563  0.000000  0.072774  0.000000  0.055817  0.009083  0.055073
5564  0.000000  0.072684  0.000000  0.055779  0.009046  0.055041
5565  0.000000  0.072595  0.000000  0.055742  0.009009  0.055009
5566  0.000000  0.072504  0.000000  0.055705  0.008973  0.054977
5567  0.000000  0.072414  0.000000  0.055667  0.008936  0.054946
5568  0.000000  0.072324  0.000000  0.055630  0.008900  0.054914
5569  0.000000  0.072233  0.000000  0.055593  0.008863  0.054882
5570  0.000000  0.072142  0.000000  0.055556  0.008826  0.054850
5571  0.000000  0.072051  0.000000  0.055519  0.008790  0.054819
5572  0.000000  0.071960  0.000000  0.055482  0.008753  0.054787
5573  0.000000  0.071868  0.000000  0.055445  0.008716  0.054755
5574  0.000000  0.071776  0.000000  0.055407  0.008680  0.054723
5575  0.000000  0.071684  0.000000  0.055370  0.008643  0.054692
5576  0.000000  0.071592  0.000000  0.055333  0.008606  0.054660
5577  0.000000  0.071500  0.000000  0.055296  0.008570  0.054628
5578  0.000000  0.071407  0.000000  0.055259  0.008533  0.054597
5579  0.000000  0.071315  0.000000  0.055222  0.008496  0.054565
5580  0.000000  0.071222  0.000000  0.055185  0.008460  0.054533
5581  0.000000  0.071129  0.000000  0.055149  0.008423  0.054502
5582  0.000000  0.071035  0.000000  0.055112  0.008386  0.054470
5583  0.000000  0.070942  0.000000  0.055075  0.008349  0.054438
5584  0.000000  0.070848  0.000000  0.055038  0.008313  0.054407
5585  0.000000  0.070754  0.000000  0.055001  0.008276  0.054375
5586  0.000000  0.070660  0.000000  0.054964  0.008239  0.054343
5587  0.000000  0.070566  0.000000  0.054928  0.008202  0.054312
5588  0.000000  0.070471  0.000000  0.054891  0.008165  0.054280
5589  0.000000  0.070377  0.000000  0.054854  0.008129  0.054248
5590  0.000000  0.070282  0.000000  0.054817  0.008092  0.054217
5591  0.000000  0.070187  0.000000  0.054781  0.008055  0.054185
5592  0.000000  0.070092  0.000000  0.054744  0.008018  0.054154
5593  0.000000  0.069996  0.000000  0.054707  0.007981  0.054122
5594  0.000000  0.069901  0.000000  0.054671  0.007945  0.054090
5595  0.000000  0.069805  0.000000  0.054634  0.007908  0.054059
5596  0.000000  0.069709  0.000000  0.054598  0.007871  0.054027
5597  0.000000  0.069613  0.000000  0.054561  0.007834  0.053996
5598  0.000000  0.069516  0.000000  0.054525  0.007797  0.053964
5599  0.000000  0.069420  0.000000  0.054488  0.007760  0.053933
5600  0.000000  0.069323  0.000000  0.054452  0.007723  0.053901
5601  0.000000  0.069226  0.000000  0.054415  0.007686  0.053869
5602  0.000000  0.069129  0.000000  0.054379  0.007650  0.053838
5603  0.000000  0.069032  0.000000  0.054342  0.007613  0.053806
5604  0.000000  0.068934  0.000000  0.054306  0.007576  0.053775
5605  0.000000  0.068837  0.000000  0.054269  0.007539  0.053743
5606  0.000000  0.068739  0.000000  0.054233  0.007502  0.053712
5607  0.000000  0.068641  0.000000  0.054197  0.007465  0.053680
5608  0.000000  0.068543  0.000000  0.054161  0.007428  0.053649
5609  0.000000  0.068444  0.000000  0.054124  0.007391  0.053617
5610  0.000000  0.068346  0.000000  0.054088  0.007354  0.053586
5611  0.000000  0.068247  0.000000  0.054052  0.007317  0.053554
5612  0.000000  0.068148  0.000000  0.054016  0.007280  0.053523
5613  0.000000  0.068049  0.000000  0.053979  0.007243  0.053491
5614  0.000000  0.067950  0.000000  0.053943  0.007206  0.053460
5615  0.000000  0.067851  0.000000  0.053907  0.007169  0.053428
5616  0.000000  0.067751  0.000000  0.053871  0.007132  0.053397
5617  0.000000  0.067651  0.000000  0.053835  0.007095  0.053366
5618  0.000000  0.067552  0.000000  0.053799  0.007058  0.053334
5619  0.000000  0.067451  0.000000  0.053763  0.007021  0.053303
5620  0.000000  0.067351  0.000000  0.053727  0.006984  0.053271
5621  0.000000  0.067251  0.000000  0.053691  0.006947  0.053240
5622  0.000000  0.067150  0.000000  0.053655  0.006909  0.053208
5623  0.000000  0.067049  0.000000  0.053619  0.006872  0.053177
5624  0.000000  0.066949  0.000000  0.053583  0.006835  0.053146
5625  0.000000  0.066847  0.000000  0.053547  0.006798  0.053114
5626  0.000000  0.066746  0.000000  0.053512  0.006761  0.053083
5627  0.000000  0.066645  0.000000  0.053476  0.006724  0.053051
5628  0.000000  0.066543  0.000000  0.053440  0.006687  0.053020
5629  0.000000  0.066441  0.000000  0.053404  0.006650  0.052989
5630  0.000000  0.066339  0.000000  0.053368  0.006613  0.052957
5631  0.000000  0.066237  0.000000  0.053333  0.006575  0.052926
5632  0.000000  0.066135  0.000000  0.053297  0.006538  0.052894
5633  0.000000  0.066033  0.000000  0.053261  0.006501  0.052863
5634  0.000000  0.065930  0.000000  0.053226  0.006464  0.052832
5635  0.000000  0.065827  0.000000  0.053190  0.006427  0.052800
5636  0.000000  0.065724  0.000000  0.053155  0.006389  0.052769
5637  0.000000  0.065621  0.000000  0.053119  0.006352  0.052738
5638  0.000000  0.065518  0.000000  0.053083  0.006315  0.052706
5639  0.000000  0.065415  0.000000  0.053048  0.006278  0.052675
5640  0.000000  0.065311  0.000000  0.053012  0.006241  0.052644
5641  0.000000  0.065207  0.000000  0.052977  0.006203  0.052613
5642  0.000000  0.065104  0.000000  0.052942  0.006166  0.052581
5643  0.000000  0.065000  0.000000  0.052906  0.006129  0.052550
5644  0.000000  0.064895  0.000000  0.052871  0.006092  0.052519
5645  0.000000  0.064791  0.000000  0.052835  0.006054  0.052487
5646  0.000000  0.064686  0.000000  0.052800  0.006017  0.052456
5647  0.000000  0.064582  0.000000  0.052765  0.005980  0.052425
5648  0.000000  0.064477  0.000000  0.052729  0.005942  0.052394
5649  0.000000  0.064372  0.000000  0.052694  0.005905  0.052362
5650  0.000000  0.064267  0.000000  0.052659  0.005868  0.052331
5651  0.000000  0.064162  0.000000  0.052624  0.005830  0.052300
5652  0.000000  0.064056  0.000000  0.052589  0.005793  0.052269
5653  0.000000  0.063951  0.000000  0.052553  0.005756  0.052237
5654  0.000000  0.063845  0.000000  0.052518  0.005718  0.052206
5655  0.000000  0.063739  0.000000  0.052483  0.005681  0.052175
5656  0.000000  0.063633  0.000000  0.052448  0.005644  0.052144
5657  0.000000  0.063527  0.000000  0.052413  0.005606  0.052112
5658  0.000000  0.063420  0.000000  0.052378  0.005569  0.052081
5659  0.000000  0.063314  0.000000  0.052343  0.005532  0.052050
5660  0.000000  0.063207  0.000000  0.052308  0.005494  0.052019
5661  0.000000  0.063100  0.000000  0.052273  0.005457  0.051988
5662  0.000000  0.062993  0.000000  0.052238  0.005419  0.051956
5663  0.000000  0.062886  0.000000  0.052203  0.005382  0.051925
5664  0.000000  0.062779  0.000000  0.052169  0.005345  0.051894
5665  0.000000  0.062671  0.000000  0.052134  0.005307  0.051863
5666  0.000000  0.062564  0.000000  0.052099  0.005270  0.051832
5667  0.000000  0.062456  0.000000  0.052064  0.005232  0.051801
5668  0.000000  0.062348  0.000000  0.052029  0.005195  0.051769
5669  0.000000  0.062240  0.000000  0.051995  0.005157  0.051738
5670  0.000000  0.062132  0.000000  0.051960  0.005120  0.051707
5671  0.000000  0.062024  0.000000  0.051925  0.005082  0.051676
5672  0.000000  0.061915  0.000000  0.051891  0.005045  0.051645
5673  0.000000  0.061807  0.000000  0.051856  0.005007  0.051614
5674  0.000000  0.061698  0.000000  0.051822  0.004970  0.051583
5675  0.000000  0.061589  0.000000  0.051787  0.004932  0.051552
5676  0.000000  0.061480  0.000000  0.051752  0.004895  0.051520
5677  0.000000  0.061371  0.000000  0.051718  0.004857  0.051489
5678  0.000000  0.061262  0.000000  0.051684  0.004820  0.051458
5679  0.000000  0.061152  0.000000  0.051649  0.004782  0.051427
5680  0.000000  0.061042  0.000000  0.051615  0.004745  0.051396
5681  0.000000  0.060933  0.000000  0.051580  0.004707  0.051365
5682  0.000000  0.060823  0.000000  0.051546  0.004669  0.051334
5683  0.000000  0.060713  0.000000  0.051512  0.004632  0.051303
5684  0.000000  0.060603  0.000000  0.051477  0.004594  0.051272
5685  0.000000  0.060492  0.000000  0.051443  0.004557  0.051241
5686  0.000000  0.060382  0.000000  0.051409  0.004519  0.051210
5687  0.000000  0.060271  0.000000  0.051375  0.004481  0.051179
5688  0.000000  0.060160  0.000000  0.051340  0.004444  0.051148
5689  0.000000  0.060049  0.000000  0.051306  0.004406  0.051117
5690  0.000000  0.059938  0.000000  0.051272  0.004368  0.051086
5691  0.000000  0.059827  0.000000  0.051238  0.004331  0.051055
5692  0.000000  0.059716  0.000000  0.051204  0.004293  0.051024
5693  0.000000  0.059604  0.000000  0.051170  0.004255  0.050993
5694  0.000000  0.059493  0.000000  0.051136  0.004218  0.050962
5695  0.000000  0.059381  0.000000  0.051102  0.004180  0.050931
5696  0.000000  0.059269  0.000000  0.051068  0.004142  0.050900
5697  0.000000  0.059157  0.000000  0.051034  0.004105  0.050869
5698  0.000000  0.059045  0.000000  0.051000  0.004067  0.050838
5699  0.000000  0.058933  0.000000  0.050966  0.004029  0.050807
5700  0.000000  0.000000  0.000000  1.343439  1.314649  0.276632
5701  0.000000  0.000000  0.000000  1.342686  1.313629  0.277823
5702  0.000000  0.000000  0.000000  1.341935  1.312609  0.279010
5703  0.000000  0.000000  0.000000  1.341186  1.311591  0.280193
5704  0.000000  0.000000  0.000000  1.340438  1.310573  0.281372
5705  0.000000  0.000000  0.000000  1.339691  1.309557  0.282547
5706  0.000000  0.000000  0.000000  1.338946  1.308541  0.283718
5707  0.000000  0.000000  0.000000  1.338203  1.307527  0.284885
5708  0.000000  0.000000  0.000000  1.337461  1.306513  0.286048
5709  0.000000  0.000000  0.000000  1.336720  1.305501  0.287207
5710  0.000000  0.000000  0.000000  1.335981  1.304490  0.288362
5711  0.000000  0.000000  0.000000  1.335244  1.303479  0.289512
5712  0.000000  0.000000  0.000000  1.334508  1.302470  0.290659
5713  0.000000  0.000000  0.000000  1.333773  1.301461  0.291802
5714  0.000000  0.000000  0.000000  1.333040  1.300454  0.292941
5715  0.000000  0.000000  0.000000  1.332308  1.299448  0.294075
5716  0.000000  0.000000  0.000000  1.331578  1.298443  0.295206
5717  0.000000  0.000000  0.000000  1.330849  1.297438  0.296333
5718  0.000000  0.000000  0.000000  1.330122  1.296435  0.297455
5719  0.000000  0.000000  0.000000  1.329396  1.295433  0.298574
5720  0.000000  0.000000  0.000000  1.328672  1.294432  0.299688
5721  0.000000  0.000000  0.000000  1.327948  1.293432  0.300799
5722  0.000000  0.000000  0.000000  1.327227  1.292433  0.301906
5723  0.000000  0.000000  0.000000  1.326507  1.291435  0.303008
5724  0.000000  0.000000  0.000000  1.325788  1.290439  0.304107
5725  0.000000  0.000000  0.000000  1.325070  1.289443  0.305202
5726  0.000000  0.000000  0.000000  1.324354  1.288448  0.306292
5727  0.000000  0.000000  0.000000  1.323640  1.287455  0.307379
5728  0.000000  0.000000  0.000000  1.322926  1.286462  0.308462
5729  0.000000  0.000000  0.000000  1.322214  1.285471  0.309540
5730  0.000000  0.000000  0.000000  1.321504  1.284481  0.310615
5731  0.000000  0.000000  0.000000  1.320794  1.283491  0.311686
5732  0.000000  0.000000  0.000000  1.320087  1.282503  0.312753
5733  0.000000  0.000000  0.000000  1.319380  1.281516  0.313816
5734  0.000000  0.000000  0.000000  1.318675  1.280530  0.314875
5735  0.000000  0.000000  0.000000  1.317971  1.279545  0.315929
5736  0.000000  0.000000  0.000000  1.317268  1.278562  0.316980
5737  0.000000  0.000000  0.000000  1.316567  1.277579  0.318027
5738  0.000000  0.000000  0.000000  1.315867  1.276597  0.319070
5739  0.000000  0.000000  0.000000  1.315169  1.275617  0.320110
5740  0.000000  0.000000  0.000000  1.314471  1.274638  0.321145
5741  0.000000  0.000000  0.000000  1.313775  1.273659  0.322176
5742  0.000000  0.000000  0.000000  1.313081  1.272682  0.323203
5743  0.000000  0.000000  0.000000  1.312387  1.271706  0.324227
5744  0.000000  0.000000  0.000000  1.311695  1.270732  0.325246
5745  0.000000  0.000000  0.000000  1.311004  1.269758  0.326261
5746  0.000000  0.000000  0.000000  1.310314  1.268785  0.327273
5747  0.000000  0.000000  0.000000  1.309626  1.267814  0.328281
5748  0.000000  0.000000  0.000000  1.308939  1.266844  0.329284
5749  0.000000  0.000000  0.000000  1.308253  1.265875  0.330284
5750  0.000000  0.000000  0.000000  1.307568  1.264907  0.331280
5751  0.000000  0.000000  0.000000  1.306885  1.263940  0.332272
5752  0.000000  0.000000  0.000000  1.306203  1.262974  0.333260
5753  0.000000  0.000000  0.000000  1.305522  1.262010  0.334244
5754  0.000000  0.000000  0.000000  1.304842  1.261046  0.335224
5755  0.000000  0.000000  0.000000  1.304163  1.260084  0.336200
5756  0.000000  0.000000  0.000000  1.303486  1.259123  0.337173
5757  0.000000  0.000000  0.000000  1.302810  1.258163  0.338141
5758  0.000000  0.000000  0.000000  1.302135  1.257204  0.339106
5759  0.000000  0.000000  0.000000  1.301461  1.256247  0.340067
5760  0.000000  0.000000  0.000000  1.300789  1.255290  0.341023
5761  0.000000  0.000000  0.000000  1.300117  1.254335  0.341976
5762  0.000000  0.000000  0.000000  1.299447  1.253381  0.342925
5763  0.000000  0.000000  0.000000  1.298778  1.252428  0.343870
5764  0.000000  0.000000  0.000000  1.298110  1.251477  0.344812
5765  0.000000  0.000000  0.000000  1.297443  1.250526  0.345749
5766  0.000000  0.000000  0.000000  1.296777  1.249577  0.346683
5767  0.000000  0.000000  0.000000  1.296113  1.248629  0.347612
5768  0.000000  0.000000  0.000000  1.295449  1.247682  0.348538
5769  0.000000  0.000000  0.000000  1.294787  1.246736  0.349460
5770  0.000000  0.000000  0.000000  1.294126  1.245792  0.350378
5771  0.000000  0.000000  0.000000  1.293466  1.244849  0.351292
5772  0.000000  0.000000  0.000000  1.292807  1.243906  0.352202
5773  0.000000  0.000000  0.000000  1.292149  1.242966  0.353109
5774  0.000000  0.000000  0.000000  1.291492  1.242026  0.354012
5775  0.000000  0.000000  0.000000  1.290837  1.241087  0.354910
5776  0.000000  0.000000  0.000000  1.290182  1.240150  0.355805
5777  0.000000  0.000000  0.000000  1.289529  1.239214  0.356696
5778  0.000000  0.000000  0.000000  1.288876  1.238279  0.357583
5779  0.000000  0.000000  0.000000  1.288225  1.237346  0.358467
5780  0.000000  0.000000  0.000000  1.287575  1.236414  0.359346
5781  0.000000  0.000000  0.000000  1.286925  1.235483  0.360222
5782  0.000000  0.000000  0.000000  1.286277  1.234553  0.361094
5783  0.000000  0.000000  0.000000  1.285630  1.233624  0.361962
5784  0.000000  0.000000  0.000000  1.284984  1.232697  0.362826
5785  0.000000  0.000000  0.000000  1.284339  1.231770  0.363687
5786  0.000000  0.000000  0.000000  1.283695  1.230846  0.364543
5787  0.000000  0.000000  0.000000  1.283052  1.229922  0.365396
5788  0.000000  0.000000  0.000000  1.282410  1.229000  0.366245
5789  0.000000  0.000000  0.000000  1.281769  1.228078  0.367090
5790  0.000000  0.000000  0.000000  1.281129  1.227158  0.367931
5791  0.000000  0.000000  0.000000  1.280490  1.226240  0.368769
5792  0.000000  0.000000  0.000000  1.279852  1.225322  0.369602
5793  0.000000  0.000000  0.000000  1.279215  1.224406  0.370432
5794  0.000000  0.000000  0.000000  1.278579  1.223491  0.371258
5795  0.000000  0.000000  0.000000  1.277944  1.222578  0.372081
5796  0.000000  0.000000  0.000000  1.277310  1.221665  0.372899
5797  0.000000  0.000000  0.000000  1.276677  1.220754  0.373714
5798  0.000000  0.000000  0.000000  1.276045  1.219845  0.374525
5799  0.000000  0.000000  0.000000  1.275413  1.218936  0.375332
5800  0.000000  0.000000  0.000000  1.274783  1.218029  0.376135
5801  0.000000  0.000000  0.000000  1.274154  1.217123  0.376935
5802  0.000000  0.000000  0.000000  1.273525  1.216218  0.377730
5803  0.000000  0.000000  0.000000  1.272898  1.215315  0.378522
5804  0.000000  0.000000  0.000000  1.272272  1.214413  0.379311
5805  0.000000  0.000000  0.000000  1.271646  1.213512  0.380095
5806  0.000000  0.000000  0.000000  1.271021  1.212612  0.380876
5807  0.000000  0.000000  0.000000  1.270398  1.211714  0.381653
5808  0.000000  0.000000  0.000000  1.269775  1.210817  0.382426
5809  0.000000  0.000000  0.000000  1.269153  1.209922  0.383195
5810  0.000000  0.000000  0.000000  1.268532  1.209027  0.383961
5811  0.000000  0.000000  0.000000  1.267912  1.208134  0.384723
5812  0.000000  0.000000  0.000000  1.267292  1.207243  0.385481
5813  0.000000  0.000000  0.000000  1.266674  1.206352  0.386235
5814  0.000000  0.000000  0.000000  1.266056  1.205463  0.386986
5815  0.000000  0.000000  0.000000  1.265440  1.204575  0.387732
5816  0.000000  0.000000  0.000000  1.264824  1.203689  0.388476
5817  0.000000  0.000000  0.000000  1.264209  1.202804  0.389215
5818  0.000000  0.000000  0.000000  1.263595  1.201920  0.389951
5819  0.000000  0.000000  0.000000  1.262982  1.201037  0.390682
5820  0.000000  0.000000  0.000000  1.262370  1.200156  0.391411
5821  0.000000  0.000000  0.000000  1.261758  1.199276  0.392135
5822  0.000000  0.000000  0.000000  1.261147  1.198398  0.392856
5823  0.000000  0.000000  0.000000  1.260537  1.197520  0.393573
5824  0.000000  0.000000  0.000000  1.259928  1.196645  0.394286
5825  0.000000  0.000000  0.000000  1.259320  1.195770  0.394995
5826  0.000000  0.000000  0.000000  1.258713  1.194897  0.395701
5827  0.000000  0.000000  0.000000  1.258106  1.194025  0.396403
5828  0.000000  0.000000  0.000000  1.257500  1.193154  0.397102
5829  0.000000  0.000000  0.000000  1.256895  1.192285  0.397796
5830  0.000000  0.000000  0.000000  1.256291  1.191417  0.398487
5831  0.000000  0.000000  0.000000  1.255688  1.190551  0.399175
5832  0.000000  0.000000  0.000000  1.255085  1.189686  0.399858
5833  0.000000  0.000000  0.000000  1.254483  1.188822  0.400538
5834  0.000000  0.000000  0.000000  1.253882  1.187960  0.401214
5835  0.000000  0.000000  0.000000  1.253282  1.187099  0.401887
5836  0.000000  0.000000  0.000000  1.252682  1.186239  0.402555
5837  0.000000  0.000000  0.000000  1.252084  1.185380  0.403220
5838  0.000000  0.000000  0.000000  1.251486  1.184523  0.403882
5839  0.000000  0.000000  0.000000  1.250888  1.183668  0.404539
5840  0.000000  0.000000  0.000000  1.250292  1.182814  0.405193
5841  0.000000  0.000000  0.000000  1.249696  1.181961  0.405844
5842  0.000000  0.000000  0.000000  1.249101  1.181109  0.406490
5843  0.000000  0.000000  0.000000  1.248507  1.180259  0.407133
5844  0.000000  0.000000  0.000000  1.247913  1.179410  0.407773
5845  0.000000  0.000000  0.000000  1.247320  1.178563  0.408408
5846  0.000000  0.000000  0.000000  1.246728  1.177717  0.409040
5847  0.000000  0.000000  0.000000  1.246136  1.176872  0.409668
5848  0.000000  0.000000  0.000000  1.245546  1.176029  0.410293
5849  0.000000  0.000000  0.000000  1.244956  1.175187  0.410914
5850  0.000000  0.000000  0.000000  1.244366  1.174346  0.411531
5851  0.000000  0.000000  0.000000  1.243778  1.173507  0.412145
5852  0.000000  0.000000  0.000000  1.243190  1.172669  0.412755
5853  0.000000  0.000000  0.000000  1.242602  1.171833  0.413361
5854  0.000000  0.000000  0.000000  1.242016  1.170998  0.413964
5855  0.000000  0.000000  0.000000  1.241430  1.170165  0.414563
5856  0.000000  0.000000  0.000000  1.240844  1.169332  0.415158
5857  0.000000  0.000000  0.000000  1.240260  1.168502  0.415750
5858  0.000000  0.000000  0.000000  1.239676  1.167672  0.416338
5859  0.000000  0.000000  0.000000  1.239093  1.166844  0.416923
5860  0.000000  0.000000  0.000000  1.238510  1.166018  0.417504
5861  0.000000  0.000000  0.000000  1.237928  1.165193  0.418081
5862  0.000000  0.000000  0.000000  1.237346  1.164369  0.418654
5863  0.000000  0.000000  0.000000  1.236766  1.163547  0.419224
5864  0.000000  0.000000  0.000000  1.236186  1.162726  0.419791
5865  0.000000  0.000000  0.000000  1.235606  1.161906  0.420353
5866  0.000000  0.000000  0.000000  1.235027  1.161088  0.420912
5867  0.000000  0.000000  0.000000  1.234449  1.160271  0.421468
5868  0.000000  0.000000  0.000000  1.233871  1.159456  0.422020
5869  0.000000  0.000000  0.000000  1.233294  1.158642  0.422568
5870  0.000000  0.000000  0.000000  1.232718  1.157830  0.423113
5871  0.000000  0.000000  0.000000  1.232142  1.157019  0.423654
5872  0.000000  0.000000  0.000000  1.231567  1.156209  0.424191
5873  0.000000  0.000000  0.000000  1.230992  1.155401  0.424725
5874  0.000000  0.000000  0.000000  1.230418  1.154594  0.425255
5875  0.000000  0.000000  0.000000  1.229845  1.153789  0.425781
5876  0.000000  0.000000  0.000000  1.229272  1.152985  0.426304
5877  0.000000  0.000000  0.000000  1.228700  1.152183  0.426824
5878  0.000000  0.000000  0.000000  1.228128  1.151382  0.427340
5879  0.000000  0.000000  0.000000  1.227557  1.150582  0.427852
5880  0.000000  0.000000  0.000000  1.226986  1.149784  0.428361
5881  0.000000  0.000000  0.000000  1.226416  1.148987  0.428866
5882  0.000000  0.000000  0.000000  1.225847  1.148192  0.429367
5883  0.000000  0.000000  0.000000  1.225278  1.147398  0.429865
5884  0.000000  0.000000  0.000000  1.224710  1.146606  0.430359
5885  0.000000  0.000000  0.000000  1.224142  1.145815  0.430850
5886  0.000000  0.000000  0.000000  1.223574  1.145025  0.431337
5887  0.000000  0.000000  0.000000  1.223008  1.144237  0.431821
5888  0.000000  0.000000  0.000000  1.222441  1.143451  0.432301
5889  0.000000  0.000000  0.000000  1.221876  1.142665  0.432777
5890  0.000000  0.000000  0.000000  1.221311  1.141882  0.433250
5891  0.000000  0.000000  0.000000  1.220746  1.141099  0.433719
5892  0.000000  0.000000  0.000000  1.220182  1.140319  0.434185
5893  0.000000  0.000000  0.000000  1.219618  1.139539  0.434647
5894  0.000000  0.000000  0.000000  1.219055  1.138762  0.435106
5895  0.000000  0.000000  0.000000  1.218492  1.137985  0.435561
5896  0.000000  0.000000  0.000000  1.217930  1.137210  0.436012
5897  0.000000  0.000000  0.000000  1.217368  1.136437  0.436460
5898  0.000000  0.000000  0.000000  1.216807  1.135665  0.436905
5899  0.000000  0.000000  0.000000  1.216247  1.134894  0.437346
5900  0.000000  0.000000  0.000000  1.215686  1.134125  0.437783
5901  0.000000  0.000000  0.000000  1.215127  1.133357  0.438217
5902  0.000000  0.000000  0.000000  1.214567  1.132591  0.438647
5903  0.000000  0.000000  0.000000  1.214009  1.131826  0.439074
5904  0.000000  0.000000  0.000000  1.213450  1.131063  0.439497
5905  0.000000  0.000000  0.000000  1.212893  1.130302  0.439917
5906  0.000000  0.000000  0.000000  1.212335  1.129541  0.440333
5907  0.000000  0.000000  0.000000  1.211778  1.128782  0.440745
5908  0.000000  0.000000  0.000000  1.211222  1.128025  0.441155
5909  0.000000  0.000000  0.000000  1.210666  1.127269  0.441560
5910  0.000000  0.000000  0.000000  1.210110  1.126515  0.441962
5911  0.000000  0.000000  0.000000  1.209555  1.125762  0.442361
5912  0.000000  0.000000  0.000000  1.209000  1.125011  0.442756
5913  0.000000  0.000000  0.000000  1.208446  1.124261  0.443147
5914  0.000000  0.000000  0.000000  1.207892  1.123512  0.443535
5915  0.000000  0.000000  0.000000  1.207339  1.122765  0.443920
5916  0.000000  0.000000  0.000000  1.206786  1.122020  0.444301
5917  0.000000  0.000000  0.000000  1.206233  1.121276  0.444678
5918  0.000000  0.000000  0.000000  1.205681  1.120533  0.445052
5919  0.000000  0.000000  0.000000  1.205129  1.119792  0.445423
5920  0.000000  0.000000  0.000000  1.204578  1.119053  0.445790
5921  0.000000  0.000000  0.000000  1.204027  1.118315  0.446153
5922  0.000000  0.000000  0.000000  1.203476  1.117578  0.446513
5923  0.000000  0.000000  0.000000  1.202926  1.116843  0.446869
5924  0.000000  0.000000  0.000000  1.202376  1.116110  0.447222
5925  0.000000  0.000000  0.000000  1.201827  1.115378  0.447572
5926  0.000000  0.000000  0.000000  1.201278  1.114647  0.447918
5927  0.000000  0.000000  0.000000  1.200729  1.113918  0.448261
5928  0.000000  0.000000  0.000000  1.200181  1.113191  0.448600
5929  0.000000  0.000000  0.000000  1.199633  1.112465  0.448935
5930  0.000000  0.000000  0.000000  1.199086  1.111740  0.449267
5931  0.000000  0.000000  0.000000  1.198539  1.111017  0.449596
5932  0.000000  0.000000  0.000000  1.197992  1.110295  0.449921
5933  0.000000  0.000000  0.000000  1.197446  1.109575  0.450243
5934  0.000000  0.000000  0.000000  1.196900  1.108857  0.450561
5935  0.000000  0.000000  0.000000  1.196354  1.108140  0.450876
5936  0.000000  0.000000  0.000000  1.195809  1.107424  0.451187
5937  0.000000  0.000000  0.000000  1.195264  1.106710  0.451495
5938  0.000000  0.000000  0.000000  1.194719  1.105998  0.451799
5939  0.000000  0.000000  0.000000  1.194175  1.105287  0.452100
5940  0.000000  0.000000  0.000000  1.193631  1.104578  0.452398
5941  0.000000  0.000000  0.000000  1.193088  1.103870  0.452692
5942  0.000000  0.000000  0.000000  1.192544  1.103163  0.452982
5943  0.000000  0.000000  0.000000  1.192001  1.102458  0.453269
5944  0.000000  0.000000  0.000000  1.191459  1.101755  0.453553
5945  0.000000  0.000000  0.000000  1.190917  1.101053  0.453833
5946  0.000000  0.000000  0.000000  1.190375  1.100353  0.454110
5947  0.000000  0.000000  0.000000  1.189833  1.099654  0.454383
5948  0.000000  0.000000  0.000000  1.189292  1.098956  0.454653
5949  0.000000  0.000000  0.000000  1.188751  1.098261  0.454920
5950  0.000000  0.000000  0.000000  1.188210  1.097566  0.455183
5951  0.000000  0.000000  0.000000  1.187670  1.096874  0.455442
5952  0.000000  0.000000  0.000000  1.187130  1.096182  0.455698
5953  0.000000  0.000000  0.000000  1.186590  1.095493  0.455951
5954  0.000000  0.000000  0.000000  1.186050  1.094804  0.456200
5955  0.000000  0.000000  0.000000  1.185511  1.094118  0.456446
5956  0.000000  0.000000  0.000000  1.184972  1.093433  0.456689
5957  0.000000  0.000000  0.000000  1.184434  1.092749  0.456928
5958  0.000000  0.000000  0.000000  1.183895  1.092067  0.457163
5959  0.000000  0.000000  0.000000  1.183357  1.091386  0.457396
5960  0.000000  0.000000  0.000000  1.182820  1.090707  0.457624
5961  0.000000  0.000000  0.000000  1.182282  1.090030  0.457850
5962  0.000000  0.000000  0.000000  1.181745  1.089354  0.458072
5963  0.000000  0.000000  0.000000  1.181208  1.088679  0.458290
5964  0.000000  0.000000  0.000000  1.180672  1.088006  0.458506
5965  0.000000  0.000000  0.000000  1.180135  1.087335  0.458717
5966  0.000000  0.000000  0.000000  1.179599  1.086665  0.458926
5967  0.000000  0.000000  0.000000  1.179063  1.085997  0.459131
5968  0.000000  0.000000  0.000000  1.178528  1.085330  0.459332
5969  0.000000  0.000000  0.000000  1.177992  1.084665  0.459530
5970  0.000000  0.000000  0.000000  1.177457  1.084001  0.459725
5971  0.000000  0.000000  0.000000  1.176923  1.083339  0.459916
5972  0.000000  0.000000  0.000000  1.176388  1.082678  0.460104
5973  0.000000  0.000000  0.000000  1.175854  1.082019  0.460289
5974  0.000000  0.000000  0.000000  1.175320  1.081362  0.460470
5975  0.000000  0.000000  0.000000  1.174786  1.080706  0.460648
5976  0.000000  0.000000  0.000000  1.174252  1.080051  0.460822
5977  0.000000  0.000000  0.000000  1.173719  1.079398  0.460994
5978  0.000000  0.000000  0.000000  1.173186  1.078747  0.461161
5979  0.000000  0.000000  0.000000  1.172653  1.078097  0.461325
5980  0.000000  0.000000  0.000000  1.172120  1.077449  0.461486
5981  0.000000  0.000000  0.000000  1.171588  1.076802  0.461644
5982  0.000000  0.000000  0.000000  1.171056  1.076157  0.461798
5983  0.000000  0.000000  0.000000  1.170524  1.075513  0.461949
5984  0.000000  0.000000  0.000000  1.169992  1.074871  0.462096
5985  0.000000  0.000000  0.000000  1.169460  1.074230  0.462241
5986  0.000000  0.000000  0.000000  1.168929  1.073591  0.462381
5987  0.000000  0.000000  0.000000  1.168398  1.072954  0.462519
5988  0.000000  0.000000  0.000000  1.167867  1.072318  0.462653
5989  0.000000  0.000000  0.000000  1.167336  1.071684  0.462783
5990  0.000000  0.000000  0.000000  1.166806  1.071051  0.462911
5991  0.000000  0.000000  0.000000  1.166276  1.070419  0.463034
5992  0.000000  0.000000  0.000000  1.165745  1.069790  0.463155
5993  0.000000  0.000000  0.000000  1.165216  1.069161  0.463272
5994  0.000000  0.000000  0.000000  1.164686  1.068535  0.463386
5995  0.000000  0.000000  0.000000  1.164156  1.067910  0.463497
5996  0.000000  0.000000  0.000000  1.163627  1.067286  0.463604
5997  0.000000  0.000000  0.000000  1.163098  1.066664  0.463708
5998  0.000000  0.000000  0.000000  1.162569  1.066044  0.463808
5999  0.000000  0.000000  0.000000  1.162040  1.065425  0.463906
6000  0.000000  0.000000  0.000000  1.161512  1.064807  0.463999
6001  0.000000  0.000000  0.000000  1.160984  1.064191  0.464090
6002  0.000000  0.000000  0.000000  1.160455  1.063577  0.464177
6003  0.000000  0.000000  0.000000  1.159927  1.062965  0.464261
6004  0.000000  0.000000  0.000000  1.159400  1.062353  0.464341
6005  0.000000  0.000000  0.000000  1.158872  1.061744  0.464419
6006  0.000000  0.000000  0.000000  1.158345  1.061136  0.464492
6007  0.000000  0.000000  0.000000  1.157817  1.060529  0.464563
6008  0.000000  0.000000  0.000000  1.157290  1.059924  0.464630
6009  0.000000  0.000000  0.000000  1.156763  1.059321  0.464694
6010  0.000000  0.000000  0.000000  1.156236  1.058719  0.464755
6011  0.000000  0.000000  0.000000  1.155710  1.058119  0.464812
6012  0.000000  0.000000  0.000000  1.155183  1.057520  0.464866
6013  0.000000  0.000000  0.000000  1.154657  1.056923  0.464917
6014  0.000000  0.000000  0.000000  1.154131  1.056327  0.464964
6015  0.000000  0.000000  0.000000  1.153605  1.055733  0.465008
6016  0.000000  0.000000  0.000000  1.153079  1.055141  0.465049
6017  0.000000  0.000000  0.000000  1.152554  1.054550  0.465086
6018  0.000000  0.000000  0.000000  1.152028  1.053960  0.465120
6019  0.000000  0.000000  0.000000  1.151503  1.053372  0.465151
6020  0.000000  0.000000  0.000000  1.150978  1.052786  0.465178
6021  0.000000  0.000000  0.000000  1.150453  1.052201  0.465203
6022  0.000000  0.000000  0.000000  1.149928  1.051618  0.465224
6023  0.000000  0.000000  0.000000  1.149403  1.051036  0.465241
6024  0.000000  0.000000  0.000000  1.148878  1.050456  0.465255
6025  0.000000  0.000000  0.000000  1.148354  1.049878  0.465266
6026  0.000000  0.000000  0.000000  1.147829  1.049301  0.465274
6027  0.000000  0.000000  0.000000  1.147305  1.048725  0.465279
6028  0.000000  0.000000  0.000000  1.146781  1.048152  0.465280
6029  0.000000  0.000000  0.000000  1.146257  1.047579  0.465278
6030  0.000000  0.000000  0.000000  1.145734  1.047009  0.465272
6031  0.000000  0.000000  0.000000  1.145210  1.046439  0.465264
6032  0.000000  0.000000  0.000000  1.144686  1.045872  0.465252
6033  0.000000  0.000000  0.000000  1.144163  1.045306  0.465236
6034  0.000000  0.000000  0.000000  1.143640  1.044741  0.465218
6035  0.000000  0.000000  0.000000  1.143117  1.044178  0.465196
6036  0.000000  0.000000  0.000000  1.142594  1.043617  0.465171
6037  0.000000  0.000000  0.000000  1.142071  1.043057  0.465143
6038  0.000000  0.000000  0.000000  1.141548  1.042499  0.465111
6039  0.000000  0.000000  0.000000  1.141025  1.041942  0.465076
6040  0.000000  0.000000  0.000000  1.140503  1.041387  0.465038
6041  0.000000  0.000000  0.000000  1.139980  1.040833  0.464997
6042  0.000000  0.000000  0.000000  1.139458  1.040281  0.464952
6043  0.000000  0.000000  0.000000  1.138936  1.039731  0.464904
6044  0.000000  0.000000  0.000000  1.138414  1.039182  0.464853
6045  0.000000  0.000000  0.000000  1.137892  1.038634  0.464798
6046  0.000000  0.000000  0.000000  1.137370  1.038088  0.464741
6047  0.000000  0.000000  0.000000  1.136849  1.037544  0.464680
6048  0.000000  0.000000  0.000000  1.136327  1.037001  0.464616
6049  0.000000  0.000000  0.000000  1.135806  1.036460  0.464548
6050  0.000000  0.000000  0.000000  1.135284  1.035921  0.464477
6051  0.000000  0.000000  0.000000  1.134763  1.035382  0.464404
6052  0.000000  0.000000  0.000000  1.134242  1.034846  0.464326
6053  0.000000  0.000000  0.000000  1.133721  1.034311  0.464246
6054  0.000000  0.000000  0.000000  1.133200  1.033778  0.464162
6055  0.000000  0.000000  0.000000  1.132679  1.033246  0.464075
6056  0.000000  0.000000  0.000000  1.132159  1.032715  0.463985
6057  0.000000  0.000000  0.000000  1.131638  1.032187  0.463892
6058  0.000000  0.000000  0.000000  1.131118  1.031659  0.463795
6059  0.000000  0.000000  0.000000  1.130597  1.031134  0.463695
6060  0.000000  0.000000  0.000000  1.130077  1.030610  0.463592
6061  0.000000  0.000000  0.000000  1.129557  1.030087  0.463486
6062  0.000000  0.000000  0.000000  1.129037  1.029566  0.463376
6063  0.000000  0.000000  0.000000  1.128517  1.029047  0.463263
6064  0.000000  0.000000  0.000000  1.127997  1.028529  0.463147
6065  0.000000  0.000000  0.000000  1.127477  1.028013  0.463028
6066  0.000000  0.000000  0.000000  1.126958  1.027498  0.462906
6067  0.000000  0.000000  0.000000  1.126438  1.026985  0.462780
6068  0.000000  0.000000  0.000000  1.125919  1.026473  0.462651
6069  0.000000  0.000000  0.000000  1.125399  1.025963  0.462519
6070  0.000000  0.000000  0.000000  1.124880  1.025454  0.462384
6071  0.000000  0.000000  0.000000  1.124361  1.024947  0.462245
6072  0.000000  0.000000  0.000000  1.123842  1.024442  0.462103
6073  0.000000  0.000000  0.000000  1.123323  1.023938  0.461958
6074  0.000000  0.000000  0.000000  1.122804  1.023435  0.461810
6075  0.000000  0.000000  0.000000  1.122285  1.022935  0.461659
6076  0.000000  0.000000  0.000000  1.121766  1.022435  0.461504
6077  0.000000  0.000000  0.000000  1.121248  1.021937  0.461346
6078  0.000000  0.000000  0.000000  1.120729  1.021441  0.461185
6079  0.000000  0.000000  0.000000  1.120211  1.020947  0.461021
6080  0.000000  0.000000  0.000000  1.119693  1.020454  0.460854
6081  0.000000  0.000000  0.000000  1.119174  1.019962  0.460683
6082  0.000000  0.000000  0.000000  1.118656  1.019472  0.460509
6083  0.000000  0.000000  0.000000  1.118138  1.018983  0.460332
6084  0.000000  0.000000  0.000000  1.117620  1.018497  0.460152
6085  0.000000  0.000000  0.000000  1.117102  1.018011  0.459968
6086  0.000000  0.000000  0.000000  1.116585  1.017527  0.459782
6087  0.000000  0.000000  0.000000  1.116067  1.017045  0.459592
6088  0.000000  0.000000  0.000000  1.115549  1.016564  0.459399
6089  0.000000  0.000000  0.000000  1.115032  1.016085  0.459203
6090  0.000000  0.000000  0.000000  1.114514  1.015607  0.459004
6091  0.000000  0.000000  0.000000  1.113997  1.015131  0.458801
6092  0.000000  0.000000  0.000000  1.113480  1.014657  0.458595
6093  0.000000  0.000000  0.000000  1.112963  1.014183  0.458386
6094  0.000000  0.000000  0.000000  1.112446  1.013712  0.458174
6095  0.000000  0.000000  0.000000  1.111929  1.013242  0.457959
6096  0.000000  0.000000  0.000000  1.111412  1.012773  0.457741
6097  0.000000  0.000000  0.000000  1.110895  1.012307  0.457519
6098  0.000000  0.000000  0.000000  1.110379  1.011841  0.457294
6099  0.000000  0.000000  0.000000  1.109862  1.011377  0.457066
6100  0.000000  0.000000  0.000000  1.109345  1.010915  0.456835
6101  0.000000  0.000000  0.000000  1.108829  1.010454  0.456601
6102  0.000000  0.000000  0.000000  1.108313  1.009995  0.456363
6103  0.000000  0.000000  0.000000  1.107797  1.009537  0.456123
6104  0.000000  0.000000  0.000000  1.107280  1.009081  0.455879
6105  0.000000  0.000000  0.000000  1.106764  1.008626  0.455632
6106  0.000000  0.000000  0.000000  1.106248  1.008173  0.455382
6107  0.000000  0.000000  0.000000  1.105733  1.007722  0.455128
6108  0.000000  0.000000  0.000000  1.105217  1.007272  0.454872
6109  0.000000  0.000000  0.000000  1.104701  1.006823  0.454612
6110  0.000000  0.000000  0.000000  1.104186  1.006376  0.454349
6111  0.000000  0.000000  0.000000  1.103670  1.005931  0.454083
6112  0.000000  0.000000  0.000000  1.103155  1.005487  0.453814
6113  0.000000  0.000000  0.000000  1.102640  1.005044  0.453542
6114  0.000000  0.000000  0.000000  1.102124  1.004603  0.453267
6115  0.000000  0.000000  0.000000  1.101609  1.004164  0.452988
6116  0.000000  0.000000  0.000000  1.101094  1.003726  0.452706
6117  0.000000  0.000000  0.000000  1.100579  1.003290  0.452421
6118  0.000000  0.000000  0.000000  1.100065  1.002855  0.452133
6119  0.000000  0.000000  0.000000  1.099550  1.002421  0.451842
6120  0.000000  0.000000  0.000000  1.099035  1.001990  0.451548
6121  0.000000  0.000000  0.000000  1.098521  1.001559  0.451250
6122  0.000000  0.000000  0.000000  1.098006  1.001131  0.450950
6123  0.000000  0.000000  0.000000  1.097492  1.000703  0.450646
6124  0.000000  0.000000  0.000000  1.096978  1.000278  0.450339
6125  0.000000  0.000000  0.000000  1.096464  0.999853  0.450029
6126  0.000000  0.000000  0.000000  1.095950  0.999431  0.449716
6127  0.000000  0.000000  0.000000  1.095436  0.999009  0.449400
6128  0.000000  0.000000  0.000000  1.094922  0.998590  0.449080
6129  0.000000  0.000000  0.000000  1.094409  0.998172  0.448758
6130  0.000000  0.000000  0.000000  1.093895  0.997755  0.448432
6131  0.000000  0.000000  0.000000  1.093382  0.997340  0.448103
6132  0.000000  0.000000  0.000000  1.092868  0.996926  0.447771
6133  0.000000  0.000000  0.000000  1.092355  0.996514  0.447436
6134  0.000000  0.000000  0.000000  1.091842  0.996103  0.447098
6135  0.000000  0.000000  0.000000  1.091329  0.995694  0.446757
6136  0.000000  0.000000  0.000000  1.090816  0.995287  0.446412
6137  0.000000  0.000000  0.000000  1.090303  0.994880  0.446065
6138  0.000000  0.000000  0.000000  1.089790  0.994476  0.445714
6139  0.000000  0.000000  0.000000  1.089278  0.994073  0.445360
6140  0.000000  0.000000  0.000000  1.088765  0.993671  0.445003
6141  0.000000  0.000000  0.000000  1.088253  0.993271  0.444643
6142  0.000000  0.000000  0.000000  1.087741  0.992872  0.444280
6143  0.000000  0.000000  0.000000  1.087229  0.992475  0.443914
6144  0.000000  0.000000  0.000000  1.086717  0.992079  0.443545
6145  0.000000  0.000000  0.000000  1.086205  0.991685  0.443172
6146  0.000000  0.000000  0.000000  1.085693  0.991293  0.442796
6147  0.000000  0.000000  0.000000  1.085182  0.990902  0.442418
6148  0.000000  0.000000  0.000000  1.084670  0.990512  0.442036
6149  0.000000  0.000000  0.000000  1.084159  0.990124  0.441651
6150  0.000000  0.000000  0.000000  1.083648  0.989737  0.441263
6151  0.000000  0.000000  0.000000  1.083137  0.989352  0.440872
6152  0.000000  0.000000  0.000000  1.082626  0.988968  0.440477
6153  0.000000  0.000000  0.000000  1.082115  0.988586  0.440080
6154  0.000000  0.000000  0.000000  1.081604  0.988205  0.439680
6155  0.000000  0.000000  0.000000  1.081094  0.987826  0.439276
6156  0.000000  0.000000  0.000000  1.080583  0.987448  0.438869
6157  0.000000  0.000000  0.000000  1.080073  0.987072  0.438460
6158  0.000000  0.000000  0.000000  1.079563  0.986697  0.438047
6159  0.000000  0.000000  0.000000  1.079053  0.986323  0.437631
6160  0.000000  0.000000  0.000000  1.078543  0.985952  0.437212
6161  0.000000  0.000000  0.000000  1.078033  0.985581  0.436790
6162  0.000000  0.000000  0.000000  1.077524  0.985212  0.436364
6163  0.000000  0.000000  0.000000  1.077014  0.984845  0.435936
6164  0.000000  0.000000  0.000000  1.076505  0.984479  0.435505
6165  0.000000  0.000000  0.000000  1.075996  0.984114  0.435070
6166  0.000000  0.000000  0.000000  1.075487  0.983751  0.434632
6167  0.000000  0.000000  0.000000  1.074978  0.983390  0.434192
6168  0.000000  0.000000  0.000000  1.074469  0.983029  0.433748
6169  0.000000  0.000000  0.000000  1.073961  0.982671  0.433301
6170  0.000000  0.000000  0.000000  1.073453  0.982314  0.432851
6171  0.000000  0.000000  0.000000  1.072944  0.981958  0.432398
6172  0.000000  0.000000  0.000000  1.072436  0.981604  0.431942
6173  0.000000  0.000000  0.000000  1.071928  0.981251  0.431483
6174  0.000000  0.000000  0.000000  1.071421  0.980899  0.431021
6175  0.000000  0.000000  0.000000  1.070913  0.980550  0.430555
6176  0.000000  0.000000  0.000000  1.070406  0.980201  0.430087
6177  0.000000  0.000000  0.000000  1.069899  0.979854  0.429615
6178  0.000000  0.000000  0.000000  1.069392  0.979509  0.429141
6179  0.000000  0.000000  0.000000  1.068885  0.979165  0.428663
6180  0.000000  0.000000  0.000000  1.068378  0.978822  0.428182
6181  0.000000  0.000000  0.000000  1.067872  0.978481  0.427699
6182  0.000000  0.000000  0.000000  1.067366  0.978141  0.427212
6183  0.000000  0.000000  0.000000  1.066860  0.977803  0.426722
6184  0.000000  0.000000  0.000000  1.066354  0.977466  0.426229
6185  0.000000  0.000000  0.000000  1.065848  0.977130  0.425733
6186  0.000000  0.000000  0.000000  1.065343  0.976796  0.425234
6187  0.000000  0.000000  0.000000  1.064837  0.976464  0.424731
6188  0.000000  0.000000  0.000000  1.064332  0.976133  0.424226
6189  0.000000  0.000000  0.000000  1.063827  0.975803  0.423718
6190  0.000000  0.000000  0.000000  1.063323  0.975475  0.423206
6191  0.000000  0.000000  0.000000  1.062818  0.975148  0.422692
6192  0.000000  0.000000  0.000000  1.062314  0.974823  0.422175
6193  0.000000  0.000000  0.000000  1.061810  0.974499  0.421654
6194  0.000000  0.000000  0.000000  1.061306  0.974176  0.421130
6195  0.000000  0.000000  0.000000  1.060802  0.973855  0.420604
6196  0.000000  0.000000  0.000000  1.060299  0.973535  0.420074
6197  0.000000  0.000000  0.000000  1.059795  0.973217  0.419541
6198  0.000000  0.000000  0.000000  1.059292  0.972900  0.419005
6199  0.000000  0.000000  0.000000  1.058790  0.972585  0.418466
6200  0.000000  0.000000  0.000000  1.058287  0.972271  0.417924
6201  0.000000  0.000000  0.000000  1.057785  0.971958  0.417379
6202  0.000000  0.000000  0.000000  1.057283  0.971647  0.416831
6203  0.000000  0.000000  0.000000  1.056781  0.971338  0.416280
6204  0.000000  0.000000  0.000000  1.056279  0.971029  0.415726
6205  0.000000  0.000000  0.000000  1.055778  0.970722  0.415169
6206  0.000000  0.000000  0.000000  1.055277  0.970417  0.414609
6207  0.000000  0.000000  0.000000  1.054776  0.970113  0.414045
6208  0.000000  0.000000  0.000000  1.054275  0.969810  0.413479
6209  0.000000  0.000000  0.000000  1.053775  0.969509  0.412910
6210  0.000000  0.000000  0.000000  1.053275  0.969209  0.412337
6211  0.000000  0.000000  0.000000  1.052775  0.968910  0.411762
6212  0.000000  0.000000  0.000000  1.052275  0.968613  0.411183
6213  0.000000  0.000000  0.000000  1.051776  0.968318  0.410602
6214  0.000000  0.000000  0.000000  1.051277  0.968023  0.410017
6215  0.000000  0.000000  0.000000  1.050778  0.967730  0.409429
6216  0.000000  0.000000  0.000000  1.050279  0.967439  0.408839
6217  0.000000  0.000000  0.000000  1.049781  0.967149  0.408245
6218  0.000000  0.000000  0.000000  1.049283  0.966860  0.407648
6219  0.000000  0.000000  0.000000  1.048786  0.966573  0.407049
6220  0.000000  0.000000  0.000000  1.048288  0.966287  0.406446
6221  0.000000  0.000000  0.000000  1.047791  0.966002  0.405840
6222  0.000000  0.000000  0.000000  1.047294  0.965719  0.405231
6223  0.000000  0.000000  0.000000  1.046798  0.965437  0.404619
6224  0.000000  0.000000  0.000000  1.046301  0.965157  0.404004
6225  0.000000  0.000000  0.000000  1.045805  0.964877  0.403386
6226  0.000000  0.000000  0.000000  1.045310  0.964600  0.402765
6227  0.000000  0.000000  0.000000  1.044814  0.964323  0.402141
6228  0.000000  0.000000  0.000000  1.044319  0.964048  0.401514
6229  0.000000  0.000000  0.000000  1.043825  0.963775  0.400884
6230  0.000000  0.000000  0.000000  1.043330  0.963503  0.400251
6231  0.000000  0.000000  0.000000  1.042836  0.963232  0.399615
6232  0.000000  0.000000  0.000000  1.042342  0.962962  0.398976
6233  0.000000  0.000000  0.000000  1.041849  0.962694  0.398334
6234  0.000000  0.000000  0.000000  1.041356  0.962427  0.397688
6235  0.000000  0.000000  0.000000  1.040863  0.962162  0.397040
6236  0.000000  0.000000  0.000000  1.040371  0.961898  0.396389
6237  0.000000  0.000000  0.000000  1.039879  0.961635  0.395735
6238  0.000000  0.000000  0.000000  1.039387  0.961373  0.395078
6239  0.000000  0.000000  0.000000  1.038896  0.961113  0.394417
6240  0.000000  0.000000  0.000000  1.038405  0.960855  0.393754
6241  0.000000  0.000000  0.000000  1.037914  0.960597  0.393088
6242  0.000000  0.000000  0.000000  1.037424  0.960341  0.392418
6243  0.000000  0.000000  0.000000  1.036934  0.960087  0.391746
6244  0.000000  0.000000  0.000000  1.036444  0.959833  0.391071
6245  0.000000  0.000000  0.000000  1.035955  0.959581  0.390392
6246  0.000000  0.000000  0.000000  1.035466  0.959331  0.389711
6247  0.000000  0.000000  0.000000  1.034978  0.959081  0.389026
6248  0.000000  0.000000  0.000000  1.034489  0.958833  0.388339
6249  0.000000  0.000000  0.000000  1.034002  0.958587  0.387649
6250  0.000000  0.000000  0.000000  1.033515  0.958341  0.386955
6251  0.000000  0.000000  0.000000  1.033028  0.958097  0.386259
6252  0.000000  0.000000  0.000000  1.032541  0.957854  0.385559
6253  0.000000  0.000000  0.000000  1.032055  0.957613  0.384857
6254  0.000000  0.000000  0.000000  1.031569  0.957373  0.384151
6255  0.000000  0.000000  0.000000  1.031084  0.957134  0.383443
6256  0.000000  0.000000  0.000000  1.030599  0.956897  0.382732
6257  0.000000  0.000000  0.000000  1.030115  0.956661  0.382017
6258  0.000000  0.000000  0.000000  1.029631  0.956426  0.381300
6259  0.000000  0.000000  0.000000  1.029147  0.956192  0.380579
6260  0.000000  0.000000  0.000000  1.028664  0.955960  0.379856
6261  0.000000  0.000000  0.000000  1.028181  0.955729  0.379129
6262  0.000000  0.000000  0.000000  1.027699  0.955499  0.378400
6263  0.000000  0.000000  0.000000  1.027217  0.955271  0.377667
6264  0.000000  0.000000  0.000000  1.026736  0.955044  0.376932
6265  0.000000  0.000000  0.000000  1.026255  0.954818  0.376193
6266  0.000000  0.000000  0.000000  1.025775  0.954594  0.375452
6267  0.000000  0.000000  0.000000  1.025295  0.954371  0.374708
6268  0.000000  0.000000  0.000000  1.024815  0.954149  0.373960
6269  0.000000  0.000000  0.000000  1.024336  0.953928  0.373210
6270  0.000000  0.000000  0.000000  1.023857  0.953709  0.372456
6271  0.000000  0.000000  0.000000  1.023379  0.953491  0.371700
6272  0.000000  0.000000  0.000000  1.022902  0.953274  0.370940
6273  0.000000  0.000000  0.000000  1.022425  0.953058  0.370178
6274  0.000000  0.000000  0.000000  1.021948  0.952844  0.369412
6275  0.000000  0.000000  0.000000  1.021472  0.952631  0.368644
6276  0.000000  0.000000  0.000000  1.020996  0.952419  0.367873
6277  0.000000  0.000000  0.000000  1.020521  0.952209  0.367098
6278  0.000000  0.000000  0.000000  1.020046  0.952000  0.366321
6279  0.000000  0.000000  0.000000  1.019572  0.951792  0.365541
6280  0.000000  0.000000  0.000000  1.019099  0.951585  0.364757
6281  0.000000  0.000000  0.000000  1.018626  0.951380  0.363971
6282  0.000000  0.000000  0.000000  1.018153  0.951176  0.363182
6283  0.000000  0.000000  0.000000  1.017681  0.950973  0.362389
6284  0.000000  0.000000  0.000000  1.017210  0.950771  0.361594
6285  0.000000  0.000000  0.000000  1.016739  0.950571  0.360796
6286  0.000000  0.000000  0.000000  1.016269  0.950372  0.359994
6287  0.000000  0.000000  0.000000  1.015799  0.950174  0.359190
6288  0.000000  0.000000  0.000000  1.015330  0.949977  0.358383
6289  0.000000  0.000000  0.000000  1.014861  0.949782  0.357573
6290  0.000000  0.000000  0.000000  1.014393  0.949587  0.356760
6291  0.000000  0.000000  0.000000  1.013926  0.949394  0.355943
6292  0.000000  0.000000  0.000000  1.013459  0.949203  0.355124
6293  0.000000  0.000000  0.000000  1.012993  0.949012  0.354302
6294  0.000000  0.000000  0.000000  1.012527  0.948823  0.353477
6295  0.000000  0.000000  0.000000  1.012062  0.948635  0.352649
6296  0.000000  0.000000  0.000000  1.011597  0.948448  0.351818
6297  0.000000  0.000000  0.000000  1.011133  0.948262  0.350984
6298  0.000000  0.000000  0.000000  1.010670  0.948078  0.350147
6299  0.000000  0.000000  0.000000  1.010207  0.947894  0.349307
6300  0.000000  0.036442  0.000000  0.028223  -0.002168  0.028139
6301  0.000000  0.036511  0.000000  0.028214  -0.002142  0.028133
6302  0.000000  0.036581  0.000000  0.028206  -0.002116  0.028127
6303  0.000000  0.036650  0.000000  0.028198  -0.002089  0.028120
6304  0.000000  0.036719  0.000000  0.028189  -0.002063  0.028114
6305  0.000000  0.036789  0.000000  0.028181  -0.002037  0.028107
6306  0.000000  0.036858  0.000000  0.028173  -0.002011  0.028101
6307  0.000000  0.036928  0.000000  0.028164  -0.001985  0.028094
6308  0.000000  0.036997  0.000000  0.028156  -0.001958  0.028088
6309  0.000000  0.037067  0.000000  0.028148  -0.001932  0.028082
6310  0.000000  0.037136  0.000000  0.028140  -0.001906  0.028075
6311  0.000000  0.037206  0.000000  0.028132  -0.001880  0.028069
6312  0.000000  0.037275  0.000000  0.028123  -0.001854  0.028062
6313  0.000000  0.037345  0.000000  0.028115  -0.001828  0.028056
6314  0.000000  0.037415  0.000000  0.028107  -0.001801  0.028049
6315  0.000000  0.037484  0.000000  0.028099  -0.001775  0.028043
6316  0.000000  0.037554  0.000000  0.028091  -0.001749  0.028037
6317  0.000000  0.037623  0.000000  0.028083  -0.001723  0.028030
6318  0.000000  0.037693  0.000000  0.028075  -0.001697  0.028024
6319  0.000000  0.037762  0.000000  0.028067  -0.001671  0.028017
6320  0.000000  0.037832  0.000000  0.028059  -0.001644  0.028011
6321  0.000000  0.037902  0.000000  0.028051  -0.001618  0.028005
6322  0.000000  0.037971  0.000000  0.028044  -0.001592  0.027998
6323  0.000000  0.038041  0.000000  0.028036  -0.001566  0.027992
6324  0.000000  0.038111  0.000000  0.028028  -0.001540  0.027986
6325  0.000000  0.038180  0.000000  0.028020  -0.001514  0.027979
6326  0.000000  0.038250  0.000000  0.028012  -0.001488  0.027973
6327  0.000000  0.038320  0.000000  0.028005  -0.001461  0.027966
6328  0.000000  0.038389  0.000000  0.027997  -0.001435  0.027960
6329  0.000000  0.038459  0.000000  0.027989  -0.001409  0.027954
6330  0.000000  0.038529  0.000000  0.027982  -0.001383  0.027947
6331  0.000000  0.038598  0.000000  0.027974  -0.001357  0.027941
6332  0.000000  0.038668  0.000000  0.027966  -0.001331  0.027935
6333  0.000000  0.038738  0.000000  0.027959  -0.001305  0.027928
6334  0.000000  0.038808  0.000000  0.027951  -0.001279  0.027922
6335  0.000000  0.038877  0.000000  0.027944  -0.001253  0.027916
6336  0.000000  0.038947  0.000000  0.027936  -0.001227  0.027909
6337  0.000000  0.039017  0.000000  0.027929  -0.001200  0.027903
6338  0.000000  0.039087  0.000000  0.027921  -0.001174  0.027897
6339  0.000000  0.039156  0.000000  0.027914  -0.001148  0.027890
6340  0.000000  0.039226  0.000000  0.027906  -0.001122  0.027884
6341  0.000000  0.039296  0.000000  0.027899  -0.001096  0.027878
6342  0.000000  0.039366  0.000000  0.027892  -0.001070  0.027871
6343  0.000000  0.039436  0.000000  0.027884  -0.001044  0.027865
6344  0.000000  0.039505  0.000000  0.027877  -0.001018  0.027859
6345  0.000000  0.039575  0.000000  0.027870  -0.000992  0.027852
6346  0.000000  0.039645  0.000000  0.027863  -0.000966  0.027846
6347  0.000000  0.039715  0.000000  0.027856  -0.000940  0.027840
6348  0.000000  0.039785  0.000000  0.027848  -0.000914  0.027833
6349  0.000000  0.039855  0.000000  0.027841  -0.000888  0.027827
6350  0.000000  0.039925  0.000000  0.027834  -0.000862  0.027821
6351  0.000000  0.039995  0.000000  0.027827  -0.000836  0.027814
6352  0.000000  0.040064  0.000000  0.027820  -0.000810  0.027808
6353  0.000000  0.040134  0.000000  0.027813  -0.000784  0.027802
6354  0.000000  0.040204  0.000000  0.027806  -0.000758  0.027796
6355  0.000000  0.040274  0.000000  0.027799  -0.000732  0.027789
6356  0.000000  0.040344  0.000000  0.027792  -0.000706  0.027783
6357  0.000000  0.040414  0.000000  0.027785  -0.000680  0.027777
6358  0.000000  0.040484  0.000000  0.027778  -0.000654  0.027771
6359  0.000000  0.040554  0.000000  0.027771  -0.000628  0.027764
6360  0.000000  0.040624  0.000000  0.027765  -0.000602  0.027758
6361  0.000000  0.040694  0.000000  0.027758  -0.000576  0.027752
6362  0.000000  0.040764  0.000000  0.027751  -0.000550  0.027745
6363  0.000000  0.040834  0.000000  0.027744  -0.000524  0.027739
6364  0.000000  0.040904  0.000000  0.027737  -0.000498  0.027733
6365  0.000000  0.040974  0.000000  0.027731  -0.000472  0.027727
6366  0.000000  0.041044  0.000000  0.027724  -0.000446  0.027720
6367  0.000000  0.041114  0.000000  0.027717  -0.000420  0.027714
6368  0.000000  0.041184  0.000000  0.027711  -0.000394  0.027708
6369  0.000000  0.041254  0.000000  0.027704  -0.000368  0.027702
6370  0.000000  0.041324  0.000000  0.027698  -0.000342  0.027696
6371  0.000000  0.041394  0.000000  0.027691  -0.000316  0.027689
6372  0.000000  0.041464  0.000000  0.027685  -0.000290  0.027683
6373  0.000000  0.041534  0.000000  0.027678  -0.000264  0.027677
6374  0.000000  0.041605  0.000000  0.027672  -0.000238  0.027671
6375  0.000000  0.041675  0.000000  0.027665  -0.000212  0.027664
6376  0.000000  0.041745  0.000000  0.027659  -0.000186  0.027658
6377  0.000000  0.041815  0.000000  0.027652  -0.000160  0.027652
6378  0.000000  0.041885  0.000000  0.027646  -0.000134  0.027646
6379  0.000000  0.041955  0.000000  0.027640  -0.000108  0.027640
6380  0.000000  0.042025  0.000000  0.027633  -0.000083  0.027633
6381  0.000000  0.042096  0.000000  0.027627  -0.000057  0.027627
6382  0.000000  0.042166  0.000000  0.027621  -0.000031  0.027621
6383  0.000000  0.042236  0.000000  0.027615  -0.000005  0.027615
6384  0.000000  0.042306  0.000000  0.027609  0.000021  0.027609
6385  0.000000  0.042376  0.000000  0.027602  0.000047  0.027602
6386  0.000000  0.042446  0.000000  0.027596  0.000073  0.027596
6387  0.000000  0.042517  0.000000  0.027590  0.000099  0.027590
6388  0.000000  0.042587  0.000000  0.027584  0.000125  0.027584
6389  0.000000  0.042657  0.000000  0.027578  0.000150  0.027578
6390  0.000000  0.042727  0.000000  0.027572  0.000176  0.027572
6391  0.000000  0.042798  0.000000  0.027566  0.000202  0.027565
6392  0.000000  0.042868  0.000000  0.027560  0.000228  0.027559
6393  0.000000  0.042938  0.000000  0.027554  0.000254  0.027553
6394  0.000000  0.043008  0.000000  0.027548  0.000280  0.027547
6395  0.000000  0.043079  0.000000  0.027542  0.000306  0.027541
6396  0.000000  0.043149  0.000000  0.027537  0.000332  0.027535
6397  0.000000  0.043219  0.000000  0.027531  0.000357  0.027528
6398  0.000000  0.043289  0.000000  0.027525  0.000383  0.027522
6399  0.000000  0.043360  0.000000  0.027519  0.000409  0.027516
6400  0.000000  0.043430  0.000000  0.027513  0.000435  0.027510
6401  0.000000  0.043500  0.000000  0.027508  0.000461  0.027504
6402  0.000000  0.043571  0.000000  0.027502  0.000487  0.027498
6403  0.000000  0.043641  0.000000  0.027496  0.000512  0.027492
6404  0.000000  0.043711  0.000000  0.027491  0.000538  0.027485
6405  0.000000  0.043782  0.000000  0.027485  0.000564  0.027479
6406  0.000000  0.043852  0.000000  0.027480  0.000590  0.027473
6407  0.000000  0.043922  0.000000  0.027474  0.000616  0.027467
6408  0.000000  0.043993  0.000000  0.027468  0.000641  0.027461
6409  0.000000  0.044063  0.000000  0.027463  0.000667  0.027455
6410  0.000000  0.044134  0.000000  0.027457  0.000693  0.027449
6411  0.000000  0.044204  0.000000  0.027452  0.000719  0.027443
6412  0.000000  0.044274  0.000000  0.027447  0.000745  0.027437
6413  0.000000  0.044345  0.000000  0.027441  0.000770  0.027430
6414  0.000000  0.044415  0.000000  0.027436  0.000796  0.027424
6415  0.000000  0.044486  0.000000  0.027431  0.000822  0.027418
6416  0.000000  0.044556  0.000000  0.027425  0.000848  0.027412
6417  0.000000  0.044627  0.000000  0.027420  0.000873  0.027406
6418  0.000000  0.044697  0.000000  0.027415  0.000899  0.027400
6419  0.000000  0.044768  0.000000  0.027409  0.000925  0.027394
6420  0.000000  0.044838  0.000000  0.027404  0.000951  0.027388
6421  0.000000  0.044908  0.000000  0.027399  0.000976  0.027382
6422  0.000000  0.044979  0.000000  0.027394  0.001002  0.027376
6423  0.000000  0.045049  0.000000  0.027389  0.001028  0.027370
6424  0.000000  0.045120  0.000000  0.027384  0.001054  0.027364
6425  0.000000  0.045190  0.000000  0.027379  0.001079  0.027357
6426  0.000000  0.045261  0.000000  0.027374  0.001105  0.027351
6427  0.000000  0.045331  0.000000  0.027369  0.001131  0.027345
6428  0.000000  0.045402  0.000000  0.027364  0.001157  0.027339
6429  0.000000  0.045473  0.000000  0.027359  0.001182  0.027333
6430  0.000000  0.045543  0.000000  0.027354  0.001208  0.027327
6431  0.000000  0.045614  0.000000  0.027349  0.001234  0.027321
6432  0.000000  0.045684  0.000000  0.027344  0.001259  0.027315
6433  0.000000  0.045755  0.000000  0.027339  0.001285  0.027309
6434  0.000000  0.045825  0.000000  0.027334  0.001311  0.027303
6435  0.000000  0.045896  0.000000  0.027330  0.001336  0.027297
6436  0.000000  0.045966  0.000000  0.027325  0.001362  0.027291
6437  0.000000  0.046037  0.000000  0.027320  0.001388  0.027285
6438  0.000000  0.046108  0.000000  0.027316  0.001414  0.027279
6439  0.000000  0.046178  0.000000  0.027311  0.001439  0.027273
6440  0.000000  0.046249  0.000000  0.027306  0.001465  0.027267
6441  0.000000  0.046320  0.000000  0.027302  0.001491  0.027261
6442  0.000000  0.046390  0.000000  0.027297  0.001516  0.027255
6443  0.000000  0.046461  0.000000  0.027292  0.001542  0.027249
6444  0.000000  0.046531  0.000000  0.027288  0.001567  0.027243
6445  0.000000  0.046602  0.000000  0.027283  0.001593  0.027237
6446  0.000000  0.046673  0.000000  0.027279  0.001619  0.027231
6447  0.000000  0.046743  0.000000  0.027274  0.001644  0.027225
6448  0.000000  0.046814  0.000000  0.027270  0.001670  0.027219
6449  0.000000  0.046885  0.000000  0.027266  0.001696  0.027213
6450  0.000000  0.046955  0.000000  0.027261  0.001721  0.027207
6451  0.000000  0.047026  0.000000  0.027257  0.001747  0.027201
6452  0.000000  0.047097  0.000000  0.027253  0.001773  0.027195
6453  0.000000  0.047167  0.000000  0.027248  0.001798  0.027189
6454  0.000000  0.047238  0.000000  0.027244  0.001824  0.027183
6455  0.000000  0.047309  0.000000  0.027240  0.001849  0.027177
6456  0.000000  0.047380  0.000000  0.027236  0.001875  0.027171
6457  0.000000  0.047450  0.000000  0.027231  0.001901  0.027165
6458  0.000000  0.047521  0.000000  0.027227  0.001926  0.027159
6459  0.000000  0.047592  0.000000  0.027223  0.001952  0.027153
6460  0.000000  0.047663  0.000000  0.027219  0.001977  0.027147
6461  0.000000  0.047733  0.000000  0.027215  0.002003  0.027141
6462  0.000000  0.047804  0.000000  0.027211  0.002028  0.027135
6463  0.000000  0.047875  0.000000  0.027207  0.002054  0.027129
6464  0.000000  0.047946  0.000000  0.027203  0.002080  0.027123
6465  0.000000  0.048016  0.000000  0.027199  0.002105  0.027117
6466  0.000000  0.048087  0.000000  0.027195  0.002131  0.027111
6467  0.000000  0.048158  0.000000  0.027191  0.002156  0.027106
6468  0.000000  0.048229  0.000000  0.027187  0.002182  0.027100
6469  0.000000  0.048300  0.000000  0.027183  0.002207  0.027094
6470  0.000000  0.048370  0.000000  0.027180  0.002233  0.027088
6471  0.000000  0.048441  0.000000  0.027176  0.002258  0.027082
6472  0.000000  0.048512  0.000000  0.027172  0.002284  0.027076
6473  0.000000  0.048583  0.000000  0.027168  0.002309  0.027070
6474  0.000000  0.048654  0.000000  0.027165  0.002335  0.027064
6475  0.000000  0.048724  0.000000  0.027161  0.002360  0.027058
6476  0.000000  0.048795  0.000000  0.027157  0.002386  0.027052
6477  0.000000  0.048866  0.000000  0.027154  0.002411  0.027046
6478  0.000000  0.048937  0.000000  0.027150  0.002437  0.027040
6479  0.000000  0.049008  0.000000  0.027146  0.002462  0.027035
6480  0.000000  0.049079  0.000000  0.027143  0.002488  0.027029
6481  0.000000  0.049150  0.000000  0.027139  0.002513  0.027023
6482  0.000000  0.049220  0.000000  0.027136  0.002539  0.027017
6483  0.000000  0.049291  0.000000  0.027132  0.002564  0.027011
6484  0.000000  0.049362  0.000000  0.027129  0.002590  0.027005
6485  0.000000  0.049433  0.000000  0.027126  0.002615  0.026999
6486  0.000000  0.049504  0.000000  0.027122  0.002641  0.026993
6487  0.000000  0.049575  0.000000  0.027119  0.002666  0.026987
6488  0.000000  0.049646  0.000000  0.027116  0.002692  0.026982
6489  0.000000  0.049717  0.000000  0.027112  0.002717  0.026976
6490  0.000000  0.049788  0.000000  0.027109  0.002743  0.026970
6491  0.000000  0.049859  0.000000  0.027106  0.002768  0.026964
6492  0.000000  0.049930  0.000000  0.027102  0.002794  0.026958
6493  0.000000  0.050000  0.000000  0.027099  0.002819  0.026952
6494  0.000000  0.050071  0.000000  0.027096  0.002844  0.026946
6495  0.000000  0.050142  0.000000  0.027093  0.002870  0.026941
6496  0.000000  0.050213  0.000000  0.027090  0.002895  0.026935
6497  0.000000  0.050284  0.000000  0.027087  0.002921  0.026929
6498  0.000000  0.050355  0.000000  0.027084  0.002946  0.026923
6499  0.000000  0.050426  0.000000  0.027081  0.002971  0.026917
6500  0.000000  0.050497  0.000000  0.027078  0.002997  0.026911
6501  0.000000  0.050568  0.000000  0.027075  0.003022  0.026906
6502  0.000000  0.050639  0.000000  0.027072  0.003048  0.026900
6503  0.000000  0.050710  0.000000  0.027069  0.003073  0.026894
6504  0.000000  0.050781  0.000000  0.027066  0.003098  0.026888
6505  0.000000  0.050852  0.000000  0.027063  0.003124  0.026882
6506  0.000000  0.050923  0.000000  0.027060  0.003149  0.026876
6507  0.000000  0.050994  0.000000  0.027057  0.003175  0.026871
6508  0.000000  0.051065  0.000000  0.027055  0.003200  0.026865
6509  0.000000  0.051136  0.000000  0.027052  0.003225  0.026859
6510  0.000000  0.051207  0.000000  0.027049  0.003251  0.026853
6511  0.000000  0.051278  0.000000  0.027047  0.003276  0.026847
6512  0.000000  0.051349  0.000000  0.027044  0.003301  0.026842
6513  0.000000  0.051420  0.000000  0.027041  0.003327  0.026836
6514  0.000000  0.051491  0.000000  0.027039  0.003352  0.026830
6515  0.000000  0.051562  0.000000  0.027036  0.003377  0.026824
6516  0.000000  0.051633  0.000000  0.027033  0.003403  0.026818
6517  0.000000  0.051705  0.000000  0.027031  0.003428  0.026813
6518  0.000000  0.051776  0.000000  0.027028  0.003453  0.026807
6519  0.000000  0.051847  0.000000  0.027026  0.003479  0.026801
6520  0.000000  0.051918  0.000000  0.027023  0.003504  0.026795
6521  0.000000  0.051989  0.000000  0.027021  0.003529  0.026790
6522  0.000000  0.052060  0.000000  0.027019  0.003555  0.026784
6523  0.000000  0.052131  0.000000  0.027016  0.003580  0.026778
6524  0.000000  0.052202  0.000000  0.027014  0.003605  0.026772
6525  0.000000  0.052273  0.000000  0.027012  0.003630  0.026766
6526  0.000000  0.052344  0.000000  0.027009  0.003656  0.026761
6527  0.000000  0.052415  0.000000  0.027007  0.003681  0.026755
6528  0.000000  0.052486  0.000000  0.027005  0.003706  0.026749
6529  0.000000  0.052558  0.000000  0.027003  0.003732  0.026743
6530  0.000000  0.052629  0.000000  0.027000  0.003757  0.026738
6531  0.000000  0.052700  0.000000  0.026998  0.003782  0.026732
6532  0.000000  0.052771  0.000000  0.026996  0.003807  0.026726
6533  0.000000  0.052842  0.000000  0.026994  0.003833  0.026720
6534  0.000000  0.052913  0.000000  0.026992  0.003858  0.026715
6535  0.000000  0.052984  0.000000  0.026990  0.003883  0.026709
6536  0.000000  0.053055  0.000000  0.026988  0.003908  0.026703
6537  0.000000  0.053127  0.000000  0.026986  0.003934  0.026698
6538  0.000000  0.053198  0.000000  0.026984  0.003959  0.026692
6539  0.000000  0.053269  0.000000  0.026982  0.003984  0.026686
6540  0.000000  0.053340  0.000000  0.026980  0.004009  0.026680
6541  0.000000  0.053411  0.000000  0.026978  0.004034  0.026675
6542  0.000000  0.053482  0.000000  0.026976  0.004060  0.026669
6543  0.000000  0.053553  0.000000  0.026974  0.004085  0.026663
6544  0.000000  0.053625  0.000000  0.026973  0.004110  0.026658
6545  0.000000  0.053696  0.000000  0.026971  0.004135  0.026652
6546  0.000000  0.053767  0.000000  0.026969  0.004160  0.026646
6547  0.000000  0.053838  0.000000  0.026967  0.004186  0.026640
6548  0.000000  0.053909  0.000000  0.026966  0.004211  0.026635
6549  0.000000  0.053981  0.000000  0.026964  0.004236  0.026629
6550  0.000000  0.054052  0.000000  0.026962  0.004261  0.026623
6551  0.000000  0.054123  0.000000  0.026961  0.004286  0.026618
6552  0.000000  0.054194  0.000000  0.026959  0.004311  0.026612
6553  0.000000  0.054265  0.000000  0.026957  0.004337  0.026606
6554  0.000000  0.054336  0.000000  0.026956  0.004362  0.026601
6555  0.000000  0.054408  0.000000  0.026954  0.004387  0.026595
6556  0.000000  0.054479  0.000000  0.026953  0.004412  0.026589
6557  0.000000  0.054550  0.000000  0.026951  0.004437  0.026584
6558  0.000000  0.054621  0.000000  0.026950  0.004462  0.026578
6559  0.000000  0.054693  0.000000  0.026949  0.004487  0.026572
6560  0.000000  0.054764  0.000000  0.026947  0.004513  0.026567
6561  0.000000  0.054835  0.000000  0.026946  0.004538  0.026561
6562  0.000000  0.054906  0.000000  0.026944  0.004563  0.026555
6563  0.000000  0.054977  0.000000  0.026943  0.004588  0.026550
6564  0.000000  0.055049  0.000000  0.026942  0.004613  0.026544
6565  0.000000  0.055120  0.000000  0.026941  0.004638  0.026538
6566  0.000000  0.055191  0.000000  0.026939  0.004663  0.026533
6567  0.000000  0.055262  0.000000  0.026938  0.004688  0.026527
6568  0.000000  0.055334  0.000000  0.026937  0.004713  0.026521
6569  0.000000  0.055405  0.000000  0.026936  0.004738  0.026516
6570  0.000000  0.055476  0.000000  0.026935  0.004764  0.026510
6571  0.000000  0.055547  0.000000  0.026934  0.004789  0.026505
6572  0.000000  0.055619  0.000000  0.026933  0.004814  0.026499
6573  0.000000  0.055690  0.000000  0.026932  0.004839  0.026493
6574  0.000000  0.055761  0.000000  0.026931  0.004864  0.026488
6575  0.000000  0.055832  0.000000  0.026930  0.004889  0.026482
6576  0.000000  0.055904  0.000000  0.026929  0.004914  0.026477
6577  0.000000  0.055975  0.000000  0.026928  0.004939  0.026471
6578  0.000000  0.056046  0.000000  0.026927  0.004964  0.026465
6579  0.000000  0.056117  0.000000  0.026926  0.004989  0.026460
6580  0.000000  0.056189  0.000000  0.026925  0.005014  0.026454
6581  0.000000  0.056260  0.000000  0.026924  0.005039  0.026449
6582  0.000000  0.056331  0.000000  0.026923  0.005064  0.026443
6583  0.000000  0.056403  0.000000  0.026923  0.005089  0.026437
6584  0.000000  0.056474  0.000000  0.026922  0.005114  0.026432
6585  0.000000  0.056545  0.000000  0.026921  0.005139  0.026426
6586  0.000000  0.056616  0.000000  0.026921  0.005164  0.026421
6587  0.000000  0.056688  0.000000  0.026920  0.005189  0.026415
6588  0.000000  0.056759  0.000000  0.026919  0.005214  0.026409
6589  0.000000  0.056830  0.000000  0.026919  0.005239  0.026404
6590  0.000000  0.056902  0.000000  0.026918  0.005264  0.026398
6591  0.000000  0.056973  0.000000  0.026917  0.005289  0.026393
6592  0.000000  0.057044  0.000000  0.026917  0.005314  0.026387
6593  0.000000  0.057116  0.000000  0.026916  0.005339  0.026382
6594  0.000000  0.057187  0.000000  0.026916  0.005364  0.026376
6595  0.000000  0.057258  0.000000  0.026915  0.005389  0.026370
6596  0.000000  0.057329  0.000000  0.026915  0.005414  0.026365
6597  0.000000  0.057401  0.000000  0.026915  0.005439  0.026359
6598  0.000000  0.057472  0.000000  0.026914  0.005464  0.026354
6599  0.000000  0.057543  0.000000  0.026914  0.005489  0.026348
6600  0.000000  0.057615  0.000000  0.026914  0.005514  0.026343
6601  0.000000  0.057686  0.000000  0.026913  0.005538  0.026337
6602  0.000000  0.057757  0.000000  0.026913  0.005563  0.026332
6603  0.000000  0.057829  0.000000  0.026913  0.005588  0.026326
6604  0.000000  0.057900  0.000000  0.026912  0.005613  0.026321
6605  0.000000  0.057971  0.000000  0.026912  0.005638  0.026315
6606  0.000000  0.058043  0.000000  0.026912  0.005663  0.026310
6607  0.000000  0.058114  0.000000  0.026912  0.005688  0.026304
6608  0.000000  0.058185  0.000000  0.026912  0.005713  0.026299
6609  0.000000  0.058257  0.000000  0.026912  0.005738  0.026293
6610  0.000000  0.058328  0.000000  0.026912  0.005763  0.026287
6611  0.000000  0.058399  0.000000  0.026912  0.005787  0.026282
6612  0.000000  0.058471  0.000000  0.026912  0.005812  0.026276
6613  0.000000  0.058542  0.000000  0.026912  0.005837  0.026271
6614  0.000000  0.058613  0.000000  0.026912  0.005862  0.026265
6615  0.000000  0.058685  0.000000  0.026912  0.005887  0.026260
6616  0.000000  0.058756  0.000000  0.026912  0.005912  0.026254
6617  0.000000  0.058827  0.000000  0.026912  0.005937  0.026249
6618  0.000000  0.058899  0.000000  0.026912  0.005961  0.026243
6619  0.000000  0.058970  0.000000  0.026912  0.005986  0.026238
6620  0.000000  0.059041  0.000000  0.026912  0.006011  0.026233
6621  0.000000  0.059113  0.000000  0.026913  0.006036  0.026227
6622  0.000000  0.059184  0.000000  0.026913  0.006061  0.026222
6623  0.000000  0.059255  0.000000  0.026913  0.006085  0.026216
6624  0.000000  0.059327  0.000000  0.026913  0.006110  0.026211
6625  0.000000  0.059398  0.000000  0.026914  0.006135  0.026205
6626  0.000000  0.059469  0.000000  0.026914  0.006160  0.026200
6627  0.000000  0.059541  0.000000  0.026914  0.006185  0.026194
6628  0.000000  0.059612  0.000000  0.026915  0.006209  0.026189
6629  0.000000  0.059683  0.000000  0.026915  0.006234  0.026183
6630  0.000000  0.059755  0.000000  0.026916  0.006259  0.026178
6631  0.000000  0.059826  0.000000  0.026916  0.006284  0.026172
6632  0.000000  0.059897  0.000000  0.026917  0.006309  0.026167
6633  0.000000  0.059969  0.000000  0.026917  0.006333  0.026161
6634  0.000000  0.060040  0.000000  0.026918  0.006358  0.026156
6635  0.000000  0.060112  0.000000  0.026918  0.006383  0.026151
6636  0.000000  0.060183  0.000000  0.026919  0.006408  0.026145
6637  0.000000  0.060254  0.000000  0.026920  0.006432  0.026140
6638  0.000000  0.060326  0.000000  0.026920  0.006457  0.026134
6639  0.000000  0.060397  0.000000  0.026921  0.006482  0.026129
6640  0.000000  0.060468  0.000000  0.026922  0.006506  0.026123
6641  0.000000  0.060540  0.000000  0.026922  0.006531  0.026118
6642  0.000000  0.060611  0.000000  0.026923  0.006556  0.026113
6643  0.000000  0.060682  0.000000  0.026924  0.006581  0.026107
6644  0.000000  0.060754  0.000000  0.026925  0.006605  0.026102
6645  0.000000  0.060825  0.000000  0.026925  0.006630  0.026096
6646  0.000000  0.060896  0.000000  0.026926  0.006655  0.026091
6647  0.000000  0.060968  0.000000  0.026927  0.006679  0.026086
6648  0.000000  0.061039  0.000000  0.026928  0.006704  0.026080
6649  0.000000  0.061111  0.000000  0.026929  0.006729  0.026075
6650  0.000000  0.061182  0.000000  0.026930  0.006753  0.026069
6651  0.000000  0.061253  0.000000  0.026931  0.006778  0.026064
6652  0.000000  0.061325  0.000000  0.026932  0.006803  0.026059
6653  0.000000  0.061396  0.000000  0.026933  0.006827  0.026053
6654  0.000000  0.061467  0.000000  0.026934  0.006852  0.026048
6655  0.000000  0.061539  0.000000  0.026935  0.006877  0.026042
6656  0.000000  0.061610  0.000000  0.026936  0.006901  0.026037
6657  0.000000  0.061681  0.000000  0.026937  0.006926  0.026032
6658  0.000000  0.061753  0.000000  0.026938  0.006951  0.026026
6659  0.000000  0.061824  0.000000  0.026940  0.006975  0.026021
6660  0.000000  0.061895  0.000000  0.026941  0.007000  0.026016
6661  0.000000  0.061967  0.000000  0.026942  0.007025  0.026010
6662  0.000000  0.062038  0.000000  0.026943  0.007049  0.026005
6663  0.000000  0.062109  0.000000  0.026945  0.007074  0.025999
6664  0.000000  0.062181  0.000000  0.026946  0.007098  0.025994
6665  0.000000  0.062252  0.000000  0.026947  0.007123  0.025989
6666  0.000000  0.062324  0.000000  0.026949  0.007147  0.025983
6667  0.000000  0.062395  0.000000  0.026950  0.007172  0.025978
6668  0.000000  0.062466  0.000000  0.026951  0.007197  0.025973
6669  0.000000  0.062538  0.000000  0.026953  0.007221  0.025967
6670  0.000000  0.062609  0.000000  0.026954  0.007246  0.025962
6671  0.000000  0.062680  0.000000  0.026956  0.007270  0.025957
6672  0.000000  0.062752  0.000000  0.026957  0.007295  0.025951
6673  0.000000  0.062823  0.000000  0.026959  0.007319  0.025946
6674  0.000000  0.062894  0.000000  0.026960  0.007344  0.025941
6675  0.000000  0.062966  0.000000  0.026962  0.007369  0.025935
6676  0.000000  0.063037  0.000000  0.026963  0.007393  0.025930
6677  0.000000  0.063108  0.000000  0.026965  0.007418  0.025925
6678  0.000000  0.063180  0.000000  0.026967  0.007442  0.025919
6679  0.000000  0.063251  0.000000  0.026968  0.007467  0.025914
6680  0.000000  0.063322  0.000000  0.026970  0.007491  0.025909
6681  0.000000  0.063394  0.000000  0.026972  0.007516  0.025903
6682  0.000000  0.063465  0.000000  0.026973  0.007540  0.025898
6683  0.000000  0.063536  0.000000  0.026975  0.007565  0.025893
6684  0.000000  0.063608  0.000000  0.026977  0.007589  0.025888
6685  0.000000  0.063679  0.000000  0.026979  0.007614  0.025882
6686  0.000000  0.063750  0.000000  0.026981  0.007638  0.025877
6687  0.000000  0.063822  0.000000  0.026983  0.007663  0.025872
6688  0.000000  0.063893  0.000000  0.026984  0.007687  0.025866
6689  0.000000  0.063964  0.000000  0.026986  0.007712  0.025861
6690  0.000000  0.064036  0.000000  0.026988  0.007736  0.025856
6691  0.000000  0.064107  0.000000  0.026990  0.007760  0.025851
6692  0.000000  0.064178  0.000000  0.026992  0.007785  0.025845
6693  0.000000  0.064250  0.000000  0.026994  0.007809  0.025840
6694  0.000000  0.064321  0.000000  0.026996  0.007834  0.025835
6695  0.000000  0.064392  0.000000  0.026998  0.007858  0.025829
6696  0.000000  0.064464  0.000000  0.027000  0.007883  0.025824
6697  0.000000  0.064535  0.000000  0.027003  0.007907  0.025819
6698  0.000000  0.064606  0.000000  0.027005  0.007932  0.025814
6699  0.000000  0.064677  0.000000  0.027007  0.007956  0.025808
6700  0.000000  0.064749  0.000000  0.027009  0.007980  0.025803
6701  0.000000  0.064820  0.000000  0.027011  0.008005  0.025798
6702  0.000000  0.064891  0.000000  0.027013  0.008029  0.025793
6703  0.000000  0.064963  0.000000  0.027016  0.008054  0.025787
6704  0.000000  0.065034  0.000000  0.027018  0.008078  0.025782
6705  0.000000  0.065105  0.000000  0.027020  0.008102  0.025777
6706  0.000000  0.065177  0.000000  0.027023  0.008127  0.025772
6707  0.000000  0.065248  0.000000  0.027025  0.008151  0.025766
6708  0.000000  0.065319  0.000000  0.027027  0.008175  0.025761
6709  0.000000  0.065390  0.000000  0.027030  0.008200  0.025756
6710  0.000000  0.065462  0.000000  0.027032  0.008224  0.025751
6711  0.000000  0.065533  0.000000  0.027035  0.008248  0.025746
6712  0.000000  0.065604  0.000000  0.027037  0.008273  0.025740
6713  0.000000  0.065676  0.000000  0.027040  0.008297  0.025735
6714  0.000000  0.065747  0.000000  0.027042  0.008321  0.025730
6715  0.000000  0.065818  0.000000  0.027045  0.008346  0.025725
6716  0.000000  0.065889  0.000000  0.027047  0.008370  0.025719
6717  0.000000  0.065961  0.000000  0.027050  0.008394  0.025714
6718  0.000000  0.066032  0.000000  0.027052  0.008419  0.025709
6719  0.000000  0.066103  0.000000  0.027055  0.008443  0.025704
6720  0.000000  0.066174  0.000000  0.027058  0.008467  0.025699
6721  0.000000  0.066246  0.000000  0.027060  0.008492  0.025693
6722  0.000000  0.066317  0.000000  0.027063  0.008516  0.025688
6723  0.000000  0.066388  0.000000  0.027066  0.008540  0.025683
6724  0.000000  0.066460  0.000000  0.027068  0.008564  0.025678
6725  0.000000  0.066531  0.000000  0.027071  0.008589  0.025673
6726  0.000000  0.066602  0.000000  0.027074  0.008613  0.025667
6727  0.000000  0.066673  0.000000  0.027077  0.008637  0.025662
6728  0.000000  0.066744  0.000000  0.027080  0.008662  0.025657
6729  0.000000  0.066816  0.000000  0.027083  0.008686  0.025652
6730  0.000000  0.066887  0.000000  0.027085  0.008710  0.025647
6731  0.000000  0.066958  0.000000  0.027088  0.008734  0.025642
6732  0.000000  0.067029  0.000000  0.027091  0.008758  0.025636
6733  0.000000  0.067101  0.000000  0.027094  0.008783  0.025631
6734  0.000000  0.067172  0.000000  0.027097  0.008807  0.025626
6735  0.000000  0.067243  0.000000  0.027100  0.008831  0.025621
6736  0.000000  0.067314  0.000000  0.027103  0.008855  0.025616
6737  0.000000  0.067386  0.000000  0.027106  0.008880  0.025611
6738  0.000000  0.067457  0.000000  0.027109  0.008904  0.025606
6739  0.000000  0.067528  0.000000  0.027112  0.008928  0.025600
6740  0.000000  0.067599  0.000000  0.027116  0.008952  0.025595
6741  0.000000  0.067670  0.000000  0.027119  0.008976  0.025590
6742  0.000000  0.067742  0.000000  0.027122  0.009000  0.025585
6743  0.000000  0.067813  0.000000  0.027125  0.009025  0.025580
6744  0.000000  0.067884  0.000000  0.027128  0.009049  0.025575
6745  0.000000  0.067955  0.000000  0.027132  0.009073  0.025570
6746  0.000000  0.068026  0.000000  0.027135  0.009097  0.025564
6747  0.000000  0.068097  0.000000  0.027138  0.009121  0.025559
6748  0.000000  0.068169  0.000000  0.027141  0.009145  0.025554
6749  0.000000  0.068240  0.000000  0.027145  0.009170  0.025549
6750  0.000000  0.068311  0.000000  0.027148  0.009194  0.025544
6751  0.000000  0.068382  0.000000  0.027151  0.009218  0.025539
6752  0.000000  0.068453  0.000000  0.027155  0.009242  0.025534
6753  0.000000  0.068524  0.000000  0.027158  0.009266  0.025529
6754  0.000000  0.068596  0.000000  0.027162  0.009290  0.025524
6755  0.000000  0.068667  0.000000  0.027165  0.009314  0.025518
6756  0.000000  0.068738  0.000000  0.027169  0.009338  0.025513
6757  0.000000  0.068809  0.000000  0.027172  0.009362  0.025508
6758  0.000000  0.068880  0.000000  0.027176  0.009386  0.025503
6759  0.000000  0.068951  0.000000  0.027179  0.009411  0.025498
6760  0.000000  0.069022  0.000000  0.027183  0.009435  0.025493
6761  0.000000  0.069094  0.000000  0.027186  0.009459  0.025488
6762  0.000000  0.069165  0.000000  0.027190  0.009483  0.025483
6763  0.000000  0.069236  0.000000  0.027194  0.009507  0.025478
6764  0.000000  0.069307  0.000000  0.027197  0.009531  0.025473
6765  0.000000  0.069378  0.000000  0.027201  0.009555  0.025468
6766  0.000000  0.069449  0.000000  0.027205  0.009579  0.025462
6767  0.000000  0.069520  0.000000  0.027208  0.009603  0.025457
6768  0.000000  0.069591  0.000000  0.027212  0.009627  0.025452
6769  0.000000  0.069662  0.000000  0.027216  0.009651  0.025447
6770  0.000000  0.069734  0.000000  0.027220  0.009675  0.025442
6771  0.000000  0.069805  0.000000  0.027224  0.009699  0.025437
6772  0.000000  0.069876  0.000000  0.027227  0.009723  0.025432
6773  0.000000  0.069947  0.000000  0.027231  0.009747  0.025427
6774  0.000000  0.070018  0.000000  0.027235  0.009771  0.025422
6775  0.000000  0.070089  0.000000  0.027239  0.009795  0.025417
6776  0.000000  0.070160  0.000000  0.027243  0.009819  0.025412
6777  0.000000  0.070231  0.000000  0.027247  0.009843  0.025407
6778  0.000000  0.070302  0.000000  0.027251  0.009867  0.025402
6779  0.000000  0.070373  0.000000  0.027255  0.009891  0.025397
6780  0.000000  0.070444  0.000000  0.027259  0.009915  0.025392
6781  0.000000  0.070515  0.000000  0.027263  0.009939  0.025387
6782  0.000000  0.070586  0.000000  0.027267  0.009963  0.025382
6783  0.000000  0.070657  0.000000  0.027271  0.009987  0.025377
6784  0.000000  0.070728  0.000000  0.027275  0.010011  0.025372
6785  0.000000  0.070799  0.000000  0.027279  0.010035  0.025367
6786  0.000000  0.070870  0.000000  0.027283  0.010059  0.025362
6787  0.000000  0.070941  0.000000  0.027288  0.010082  0.025357
6788  0.000000  0.071012  0.000000  0.027292  0.010106  0.025352
6789  0.000000  0.071083  0.000000  0.027296  0.010130  0.025347
6790  0.000000  0.071154  0.000000  0.027300  0.010154  0.025342
6791  0.000000  0.071225  0.000000  0.027304  0.010178  0.025337
6792  0.000000  0.071296  0.000000  0.027309  0.010202  0.025332
6793  0.000000  0.071367  0.000000  0.027313  0.010226  0.025327
6794  0.000000  0.071438  0.000000  0.027317  0.010250  0.025322
6795  0.000000  0.071509  0.000000  0.027322  0.010274  0.025317
6796  0.000000  0.071580  0.000000  0.027326  0.010297  0.025312
6797  0.000000  0.071651  0.000000  0.027330  0.010321  0.025307
6798  0.000000  0.071722  0.000000  0.027335  0.010345  0.025302
6799  0.000000  0.071793  0.000000  0.027339  0.010369  0.025297
6800  0.000000  0.071864  0.000000  0.027344  0.010393  0.025292
6801  0.000000  0.071935  0.000000  0.027348  0.010417  0.025287
6802  0.000000  0.072006  0.000000  0.027353  0.010440  0.025282
6803  0.000000  0.072077  0.000000  0.027357  0.010464  0.025277
6804  0.000000  0.072148  0.000000  0.027362  0.010488  0.025272
6805  0.000000  0.072219  0.000000  0.027366  0.010512  0.025267
6806  0.000000  0.072290  0.000000  0.027371  0.010536  0.025262
6807  0.000000  0.072361  0.000000  0.027375  0.010560  0.025257
6808  0.000000  0.072431  0.000000  0.027380  0.010583  0.025252
6809  0.000000  0.072502  0.000000  0.027385  0.010607  0.025247
6810  0.000000  0.072573  0.000000  0.027389  0.010631  0.025242
6811  0.000000  0.072644  0.000000  0.027394  0.010655  0.025237
6812  0.000000  0.072715  0.000000  0.027399  0.010678  0.025232
6813  0.000000  0.072786  0.000000  0.027403  0.010702  0.025227
6814  0.000000  0.072857  0.000000  0.027408  0.010726  0.025222
6815  0.000000  0.072928  0.000000  0.027413  0.010750  0.025217
6816  0.000000  0.072998  0.000000  0.027418  0.010773  0.025212
6817  0.000000  0.073069  0.000000  0.027423  0.010797  0.025208
6818  0.000000  0.073140  0.000000  0.027427  0.010821  0.025203
6819  0.000000  0.073211  0.000000  0.027432  0.010845  0.025198
6820  0.000000  0.073282  0.000000  0.027437  0.010868  0.025193
6821  0.000000  0.073353  0.000000  0.027442  0.010892  0.025188
6822  0.000000  0.073423  0.000000  0.027447  0.010916  0.025183
6823  0.000000  0.073494  0.000000  0.027452  0.010939  0.025178
6824  0.000000  0.073565  0.000000  0.027457  0.010963  0.025173
6825  0.000000  0.073636  0.000000  0.027462  0.010987  0.025168
6826  0.000000  0.073707  0.000000  0.027467  0.011011  0.025163
6827  0.000000  0.073777  0.000000  0.027472  0.011034  0.025158
6828  0.000000  0.073848  0.000000  0.027477  0.011058  0.025153
6829  0.000000  0.073919  0.000000  0.027482  0.011082  0.025149
6830  0.000000  0.073990  0.000000  0.027487  0.011105  0.025144
6831  0.000000  0.074061  0.000000  0.027492  0.011129  0.025139
6832  0.000000  0.074131  0.000000  0.027497  0.011153  0.025134
6833  0.000000  0.074202  0.000000  0.027502  0.011176  0.025129
6834  0.000000  0.074273  0.000000  0.027507  0.011200  0.025124
6835  0.000000  0.074344  0.000000  0.027513  0.011223  0.025119
6836  0.000000  0.074414  0.000000  0.027518  0.011247  0.025114
6837  0.000000  0.074485  0.000000  0.027523  0.011271  0.025109
6838  0.000000  0.074556  0.000000  0.027528  0.011294  0.025105
6839  0.000000  0.074626  0.000000  0.027533  0.011318  0.025100
6840  0.000000  0.074697  0.000000  0.027539  0.011342  0.025095
6841  0.000000  0.074768  0.000000  0.027544  0.011365  0.025090
6842  0.000000  0.074838  0.000000  0.027549  0.011389  0.025085
6843  0.000000  0.074909  0.000000  0.027555  0.011412  0.025080
6844  0.000000  0.074980  0.000000  0.027560  0.011436  0.025075
6845  0.000000  0.075050  0.000000  0.027565  0.011459  0.025071
6846  0.000000  0.075121  0.000000  0.027571  0.011483  0.025066
6847  0.000000  0.075192  0.000000  0.027576  0.011507  0.025061
6848  0.000000  0.075262  0.000000  0.027582  0.011530  0.025056
6849  0.000000  0.075333  0.000000  0.027587  0.011554  0.025051
6850  0.000000  0.075404  0.000000  0.027593  0.011577  0.025046
6851  0.000000  0.075474  0.000000  0.027598  0.011601  0.025041
6852  0.000000  0.075545  0.000000  0.027604  0.011624  0.025037
6853  0.000000  0.075616  0.000000  0.027609  0.011648  0.025032
6854  0.000000  0.075686  0.000000  0.027615  0.011671  0.025027
6855  0.000000  0.075757  0.000000  0.027620  0.011695  0.025022
6856  0.000000  0.075827  0.000000  0.027626  0.011718  0.025017
6857  0.000000  0.075898  0.000000  0.027631  0.011742  0.025012
6858  0.000000  0.075969  0.000000  0.027637  0.011765  0.025008
6859  0.000000  0.076039  0.000000  0.027643  0.011789  0.025003
6860  0.000000  0.076110  0.000000  0.027648  0.011812  0.024998
6861  0.000000  0.076180  0.000000  0.027654  0.011836  0.024993
6862  0.000000  0.076251  0.000000  0.027660  0.011859  0.024988
6863  0.000000  0.076321  0.000000  0.027665  0.011883  0.024984
6864  0.000000  0.076392  0.000000  0.027671  0.011906  0.024979
6865  0.000000  0.076462  0.000000  0.027677  0.011930  0.024974
6866  0.000000  0.076533  0.000000  0.027683  0.011953  0.024969
6867  0.000000  0.076603  0.000000  0.027689  0.011976  0.024964
6868  0.000000  0.076674  0.000000  0.027694  0.012000  0.024960
6869  0.000000  0.076744  0.000000  0.027700  0.012023  0.024955
6870  0.000000  0.076815  0.000000  0.027706  0.012047  0.024950
6871  0.000000  0.076885  0.000000  0.027712  0.012070  0.024945
6872  0.000000  0.076956  0.000000  0.027718  0.012094  0.024940
6873  0.000000  0.077026  0.000000  0.027724  0.012117  0.024936
6874  0.000000  0.077097  0.000000  0.027730  0.012140  0.024931
6875  0.000000  0.077167  0.000000  0.027736  0.012164  0.024926
6876  0.000000  0.077238  0.000000  0.027742  0.012187  0.024921
6877  0.000000  0.077308  0.000000  0.027748  0.012210  0.024917
6878  0.000000  0.077378  0.000000  0.027754  0.012234  0.024912
6879  0.000000  0.077449  0.000000  0.027760  0.012257  0.024907
6880  0.000000  0.077519  0.000000  0.027766  0.012281  0.024902
6881  0.000000  0.077590  0.000000  0.027772  0.012304  0.024898
6882  0.000000  0.077660  0.000000  0.027778  0.012327  0.024893
6883  0.000000  0.077730  0.000000  0.027784  0.012351  0.024888
6884  0.000000  0.077801  0.000000  0.027790  0.012374  0.024883
6885  0.000000  0.077871  0.000000  0.027796  0.012397  0.024879
6886  0.000000  0.077942  0.000000  0.027802  0.012420  0.024874
6887  0.000000  0.078012  0.000000  0.027809  0.012444  0.024869
6888  0.000000  0.078082  0.000000  0.027815  0.012467  0.024864
6889  0.000000  0.078153  0.000000  0.027821  0.012490  0.024860
6890  0.000000  0.078223  0.000000  0.027827  0.012514  0.024855
6891  0.000000  0.078293  0.000000  0.027833  0.012537  0.024850
6892  0.000000  0.078363  0.000000  0.027840  0.012560  0.024845
6893  0.000000  0.078434  0.000000  0.027846  0.012584  0.024841
6894  0.000000  0.078504  0.000000  0.027852  0.012607  0.024836
6895  0.000000  0.078574  0.000000  0.027859  0.012630  0.024831
6896  0.000000  0.078645  0.000000  0.027865  0.012653  0.024826
6897  0.000000  0.078715  0.000000  0.027871  0.012677  0.024822
6898  0.000000  0.078785  0.000000  0.027878  0.012700  0.024817
6899  0.000000  0.078855  0.000000  0.027884  0.012723  0.024812
6900  0.000000  0.078926  0.000000  0.027891  0.012746  0.024808
6901  0.000000  0.078996  0.000000  0.027897  0.012769  0.024803
6902  0.000000  0.079066  0.000000  0.027903  0.012793  0.024798
6903  0.000000  0.079136  0.000000  0.027910  0.012816  0.024794
6904  0.000000  0.079206  0.000000  0.027916  0.012839  0.024789
6905  0.000000  0.079277  0.000000  0.027923  0.012862  0.024784
6906  0.000000  0.079347  0.000000  0.027929  0.012885  0.024779
6907  0.000000  0.079417  0.000000  0.027936  0.012909  0.024775
6908  0.000000  0.079487  0.000000  0.027943  0.012932  0.024770
6909  0.000000  0.079557  0.000000  0.027949  0.012955  0.024765
6910  0.000000  0.079627  0.000000  0.027956  0.012978  0.024761
6911  0.000000  0.079698  0.000000  0.027962  0.013001  0.024756
6912  0.000000  0.079768  0.000000  0.027969  0.013024  0.024751
6913  0.000000  0.079838  0.000000  0.027976  0.013048  0.024747
6914  0.000000  0.079908  0.000000  0.027982  0.013071  0.024742
6915  0.000000  0.079978  0.000000  0.027989  0.013094  0.024737
6916  0.000000  0.080048  0.000000  0.027996  0.013117  0.024733
6917  0.000000  0.080118  0.000000  0.028002  0.013140  0.024728
6918  0.000000  0.080188  0.000000  0.028009  0.013163  0.024723
6919  0.000000  0.080258  0.000000  0.028016  0.013186  0.024719
6920  0.000000  0.080328  0.000000  0.028023  0.013209  0.024714
6921  0.000000  0.080399  0.000000  0.028030  0.013233  0.024709
6922  0.000000  0.080469  0.000000  0.028036  0.013256  0.024705
6923  0.000000  0.080539  0.000000  0.028043  0.013279  0.024700
6924  0.000000  0.080609  0.000000  0.028050  0.013302  0.024695
6925  0.000000  0.080679  0.000000  0.028057  0.013325  0.024691
6926  0.000000  0.080749  0.000000  0.028064  0.013348  0.024686
6927  0.000000  0.080819  0.000000  0.028071  0.013371  0.024682
6928  0.000000  0.080889  0.000000  0.028078  0.013394  0.024677
6929  0.000000  0.080959  0.000000  0.028084  0.013417  0.024672
6930  0.000000  0.081028  0.000000  0.028091  0.013440  0.024668
6931  0.000000  0.081098  0.000000  0.028098  0.013463  0.024663
6932  0.000000  0.081168  0.000000  0.028105  0.013486  0.024658
6933  0.000000  0.081238  0.000000  0.028112  0.013509  0.024654
6934  0.000000  0.081308  0.000000  0.028119  0.013532  0.024649
6935  0.000000  0.081378  0.000000  0.028126  0.013555  0.024645
6936  0.000000  0.081448  0.000000  0.028133  0.013578  0.024640
6937  0.000000  0.081518  0.000000  0.028141  0.013601  0.024635
6938  0.000000  0.081588  0.000000  0.028148  0.013624  0.024631
6939  0.000000  0.081658  0.000000  0.028155  0.013647  0.024626
6940  0.000000  0.081728  0.000000  0.028162  0.013670  0.024621
6941  0.000000  0.081797  0.000000  0.028169  0.013693  0.024617
6942  0.000000  0.081867  0.000000  0.028176  0.013716  0.024612
6943  0.000000  0.081937  0.000000  0.028183  0.013739  0.024608
6944  0.000000  0.082007  0.000000  0.028190  0.013762  0.024603
6945  0.000000  0.082077  0.000000  0.028198  0.013785  0.024598
6946  0.000000  0.082146  0.000000  0.028205  0.013808  0.024594
6947  0.000000  0.082216  0.000000  0.028212  0.013831  0.024589
6948  0.000000  0.082286  0.000000  0.028219  0.013854  0.024585
6949  0.000000  0.082356  0.000000  0.028227  0.013877  0.024580
6950  0.000000  0.082426  0.000000  0.028234  0.013899  0.024576
6951  0.000000  0.082495  0.000000  0.028241  0.013922  0.024571
6952  0.000000  0.082565  0.000000  0.028249  0.013945  0.024566
6953  0.000000  0.082635  0.000000  0.028256  0.013968  0.024562
6954  0.000000  0.082705  0.000000  0.028263  0.013991  0.024557
6955  0.000000  0.082774  0.000000  0.028271  0.014014  0.024553
6956  0.000000  0.082844  0.000000  0.028278  0.014037  0.024548
6957  0.000000  0.082914  0.000000  0.028285  0.014060  0.024544
6958  0.000000  0.082983  0.000000  0.028293  0.014082  0.024539
6959  0.000000  0.083053  0.000000  0.028300  0.014105  0.024535
6960  0.000000  0.083123  0.000000  0.028308  0.014128  0.024530
6961  0.000000  0.083192  0.000000  0.028315  0.014151  0.024525
6962  0.000000  0.083262  0.000000  0.028323  0.014174  0.024521
6963  0.000000  0.083331  0.000000  0.028330  0.014197  0.024516
6964  0.000000  0.083401  0.000000  0.028338  0.014219  0.024512
6965  0.000000  0.083471  0.000000  0.028345  0.014242  0.024507
6966  0.000000  0.083540  0.000000  0.028353  0.014265  0.024503
6967  0.000000  0.083610  0.000000  0.028360  0.014288  0.024498
6968  0.000000  0.083679  0.000000  0.028368  0.014311  0.024494
6969  0.000000  0.083749  0.000000  0.028375  0.014333  0.024489
6970  0.000000  0.083819  0.000000  0.028383  0.014356  0.024485
6971  0.000000  0.083888  0.000000  0.028391  0.014379  0.024480
6972  0.000000  0.083958  0.000000  0.028398  0.014402  0.024476
6973  0.000000  0.084027  0.000000  0.028406  0.014424  0.024471
6974  0.000000  0.084097  0.000000  0.028414  0.014447  0.024467
6975  0.000000  0.084166  0.000000  0.028421  0.014470  0.024462
6976  0.000000  0.084236  0.000000  0.028429  0.014493  0.024458
6977  0.000000  0.084305  0.000000  0.028437  0.014515  0.024453
6978  0.000000  0.084374  0.000000  0.028444  0.014538  0.024449
6979  0.000000  0.084444  0.000000  0.028452  0.014561  0.024444
6980  0.000000  0.084513  0.000000  0.028460  0.014583  0.024440
6981  0.000000  0.084583  0.000000  0.028468  0.014606  0.024435
6982  0.000000  0.084652  0.000000  0.028475  0.014629  0.024431
6983  0.000000  0.084722  0.000000  0.028483  0.014651  0.024426
6984  0.000000  0.084791  0.000000  0.028491  0.014674  0.024422
6985  0.000000  0.084860  0.000000  0.028499  0.014697  0.024417
6986  0.000000  0.084930  0.000000  0.028507  0.014720  0.024413
6987  0.000000  0.084999  0.000000  0.028515  0.014742  0.024408
6988  0.000000  0.085068  0.000000  0.028523  0.014765  0.024404
6989  0.000000  0.085138  0.000000  0.028530  0.014787  0.024399
6990  0.000000  0.085207  0.000000  0.028538  0.014810  0.024395
6991  0.000000  0.085276  0.000000  0.028546  0.014833  0.024390
6992  0.000000  0.085346  0.000000  0.028554  0.014855  0.024386
6993  0.000000  0.085415  0.000000  0.028562  0.014878  0.024381
6994  0.000000  0.085484  0.000000  0.028570  0.014901  0.024377
6995  0.000000  0.085553  0.000000  0.028578  0.014923  0.024372
6996  0.000000  0.085623  0.000000  0.028586  0.014946  0.024368
6997  0.000000  0.085692  0.000000  0.028594  0.014968  0.024363
6998  0.000000  0.085761  0.000000  0.028602  0.014991  0.024359
6999  0.000000  0.085830  0.000000  0.028610  0.015014  0.024355
7000  0.000000  0.085900  0.000000  0.028618  0.015036  0.024350
7001  0.000000  0.085969  0.000000  0.028626  0.015059  0.024346
7002  0.000000  0.086038  0.000000  0.028635  0.015081  0.024341
7003  0.000000  0.086107  0.000000  0.028643  0.015104  0.024337
7004  0.000000  0.086176  0.000000  0.028651  0.015126  0.024332
7005  0.000000  0.086245  0.000000  0.028659  0.015149  0.024328
7006  0.000000  0.086314  0.000000  0.028667  0.015171  0.024323
7007  0.000000  0.086384  0.000000  0.028675  0.015194  0.024319
7008  0.000000  0.086453  0.000000  0.028683  0.015216  0.024315
7009  0.000000  0.086522  0.000000  0.028692  0.015239  0.024310
7010  0.000000  0.086591  0.000000  0.028700  0.015261  0.024306
7011  0.000000  0.086660  0.000000  0.028708  0.015284  0.024301
7012  0.000000  0.086729  0.000000  0.028716  0.015306  0.024297
7013  0.000000  0.086798  0.000000  0.028725  0.015329  0.024293
7014  0.000000  0.086867  0.000000  0.028733  0.015351  0.024288
7015  0.000000  0.086936  0.000000  0.028741  0.015374  0.024284
7016  0.000000  0.087005  0.000000  0.028749  0.015396  0.024279
7017  0.000000  0.087074  0.000000  0.028758  0.015419  0.024275
7018  0.000000  0.087143  0.000000  0.028766  0.015441  0.024271
7019  0.000000  0.087212  0.000000  0.028774  0.015464  0.024266
7020  0.000000  0.087281  0.000000  0.028783  0.015486  0.024262
7021  0.000000  0.087350  0.000000  0.028791  0.015508  0.024257
7022  0.000000  0.087419  0.000000  0.028800  0.015531  0.024253
7023  0.000000  0.087488  0.000000  0.028808  0.015553  0.024249
7024  0.000000  0.087557  0.000000  0.028816  0.015576  0.024244
7025  0.000000  0.087626  0.000000  0.028825  0.015598  0.024240
7026  0.000000  0.087694  0.000000  0.028833  0.015620  0.024235
7027  0.000000  0.087763  0.000000  0.028842  0.015643  0.024231
7028  0.000000  0.087832  0.000000  0.028850  0.015665  0.024227
7029  0.000000  0.087901  0.000000  0.028859  0.015688  0.024222
7030  0.000000  0.087970  0.000000  0.028867  0.015710  0.024218
7031  0.000000  0.088039  0.000000  0.028876  0.015732  0.024214
7032  0.000000  0.088107  0.000000  0.028884  0.015755  0.024209
7033  0.000000  0.088176  0.000000  0.028893  0.015777  0.024205
7034  0.000000  0.088245  0.000000  0.028901  0.015799  0.024200
7035  0.000000  0.088314  0.000000  0.028910  0.015822  0.024196
7036  0.000000  0.088382  0.000000  0.028918  0.015844  0.024192
7037  0.000000  0.088451  0.000000  0.028927  0.015866  0.024187
7038  0.000000  0.088520  0.000000  0.028936  0.015889  0.024183
7039  0.000000  0.088589  0.000000  0.028944  0.015911  0.024179
7040  0.000000  0.088657  0.000000  0.028953  0.015933  0.024174
7041  0.000000  0.088726  0.000000  0.028961  0.015955  0.024170
7042  0.000000  0.088795  0.000000  0.028970  0.015978  0.024166
7043  0.000000  0.088863  0.000000  0.028979  0.016000  0.024161
7044  0.000000  0.088932  0.000000  0.028987  0.016022  0.024157
7045  0.000000  0.089001  0.000000  0.028996  0.016044  0.024153
7046  0.000000  0.089069  0.000000  0.029005  0.016067  0.024148
7047  0.000000  0.089138  0.000000  0.029014  0.016089  0.024144
7048  0.000000  0.089206  0.000000  0.029022  0.016111  0.024140
7049  0.000000  0.089275  0.000000  0.029031  0.016133  0.024135
7050  0.000000  0.089344  0.000000  0.029040  0.016156  0.024131
7051  0.000000  0.089412  0.000000  0.029049  0.016178  0.024127
7052  0.000000  0.089481  0.000000  0.029057  0.016200  0.024122
7053  0.000000  0.089549  0.000000  0.029066  0.016222  0.024118
7054  0.000000  0.089618  0.000000  0.029075  0.016244  0.024114
7055  0.000000  0.089686  0.000000  0.029084  0.016267  0.024110
7056  0.000000  0.089755  0.000000  0.029093  0.016289  0.024105
7057  0.000000  0.089823  0.000000  0.029102  0.016311  0.024101
7058  0.000000  0.089892  0.000000  0.029110  0.016333  0.024097
7059  0.000000  0.089960  0.000000  0.029119  0.016355  0.024092
7060  0.000000  0.090028  0.000000  0.029128  0.016377  0.024088
7061  0.000000  0.090097  0.000000  0.029137  0.016400  0.024084
7062  0.000000  0.090165  0.000000  0.029146  0.016422  0.024079
7063  0.000000  0.090234  0.000000  0.029155  0.016444  0.024075
7064  0.000000  0.090302  0.000000  0.029164  0.016466  0.024071
7065  0.000000  0.090370  0.000000  0.029173  0.016488  0.024067
7066  0.000000  0.090439  0.000000  0.029182  0.016510  0.024062
7067  0.000000  0.090507  0.000000  0.029191  0.016532  0.024058
7068  0.000000  0.090575  0.000000  0.029200  0.016554  0.024054
7069  0.000000  0.090644  0.000000  0.029209  0.016576  0.024050
7070  0.000000  0.090712  0.000000  0.029218  0.016599  0.024045
7071  0.000000  0.090780  0.000000  0.029227  0.016621  0.024041
7072  0.000000  0.090848  0.000000  0.029236  0.016643  0.024037
7073  0.000000  0.090917  0.000000  0.029245  0.016665  0.024032
7074  0.000000  0.090985  0.000000  0.029254  0.016687  0.024028
7075  0.000000  0.091053  0.000000  0.029263  0.016709  0.024024
7076  0.000000  0.091121  0.000000  0.029272  0.016731  0.024020
7077  0.000000  0.091189  0.000000  0.029281  0.016753  0.024015
7078  0.000000  0.091258  0.000000  0.029291  0.016775  0.024011
7079  0.000000  0.091326  0.000000  0.029300  0.016797  0.024007
7080  0.000000  0.091394  0.000000  0.029309  0.016819  0.024003
7081  0.000000  0.091462  0.000000  0.029318  0.016841  0.023998
7082  0.000000  0.091530  0.000000  0.029327  0.016863  0.023994
7083  0.000000  0.091598  0.000000  0.029336  0.016885  0.023990
7084  0.000000  0.091666  0.000000  0.029346  0.016907  0.023986
7085  0.000000  0.091734  0.000000  0.029355  0.016929  0.023982
7086  0.000000  0.091802  0.000000  0.029364  0.016951  0.023977
7087  0.000000  0.091871  0.000000  0.029373  0.016973  0.023973
7088  0.000000  0.091939  0.000000  0.029382  0.016995  0.023969
7089  0.000000  0.092007  0.000000  0.029392  0.017017  0.023965
7090  0.000000  0.092075  0.000000  0.029401  0.017039  0.023960
7091  0.000000  0.092143  0.000000  0.029410  0.017061  0.023956
7092  0.000000  0.092211  0.000000  0.029420  0.017082  0.023952
7093  0.000000  0.092278  0.000000  0.029429  0.017104  0.023948
7094  0.000000  0.092346  0.000000  0.029438  0.017126  0.023944
7095  0.000000  0.092414  0.000000  0.029448  0.017148  0.023939
7096  0.000000  0.092482  0.000000  0.029457  0.017170  0.023935
7097  0.000000  0.092550  0.000000  0.029466  0.017192  0.023931
7098  0.000000  0.092618  0.000000  0.029476  0.017214  0.023927
7099  0.000000  0.092686  0.000000  0.029485  0.017236  0.023923
7100  0.000000  0.092754  0.000000  0.029494  0.017258  0.023918
7101  0.000000  0.092822  0.000000  0.029504  0.017279  0.023914
7102  0.000000  0.092889  0.000000  0.029513  0.017301  0.023910
7103  0.000000  0.092957  0.000000  0.029523  0.017323  0.023906
7104  0.000000  0.093025  0.000000  0.029532  0.017345  0.023902
7105  0.000000  0.093093  0.000000  0.029541  0.017367  0.023898
7106  0.000000  0.093160  0.000000  0.029551  0.017389  0.023893
7107  0.000000  0.093228  0.000000  0.029560  0.017410  0.023889
7108  0.000000  0.093296  0.000000  0.029570  0.017432  0.023885
7109  0.000000  0.093364  0.000000  0.029579  0.017454  0.023881
7110  0.000000  0.093431  0.000000  0.029589  0.017476  0.023877
7111  0.000000  0.093499  0.000000  0.029598  0.017498  0.023872
7112  0.000000  0.093567  0.000000  0.029608  0.017519  0.023868
7113  0.000000  0.093634  0.000000  0.029617  0.017541  0.023864
7114  0.000000  0.093702  0.000000  0.029627  0.017563  0.023860
7115  0.000000  0.093770  0.000000  0.029636  0.017585  0.023856
7116  0.000000  0.093837  0.000000  0.029646  0.017606  0.023852
7117  0.000000  0.093905  0.000000  0.029656  0.017628  0.023848
7118  0.000000  0.093972  0.000000  0.029665  0.017650  0.023843
7119  0.000000  0.094040  0.000000  0.029675  0.017672  0.023839
7120  0.000000  0.094107  0.000000  0.029684  0.017693  0.023835
7121  0.000000  0.094175  0.000000  0.029694  0.017715  0.023831
7122  0.000000  0.094243  0.000000  0.029704  0.017737  0.023827
7123  0.000000  0.094310  0.000000  0.029713  0.017758  0.023823
7124  0.000000  0.094377  0.000000  0.029723  0.017780  0.023819
7125  0.000000  0.094445  0.000000  0.029733  0.017802  0.023814
7126  0.000000  0.094512  0.000000  0.029742  0.017823  0.023810
7127  0.000000  0.094580  0.000000  0.029752  0.017845  0.023806
7128  0.000000  0.094647  0.000000  0.029762  0.017867  0.023802
7129  0.000000  0.094715  0.000000  0.029771  0.017888  0.023798
7130  0.000000  0.094782  0.000000  0.029781  0.017910  0.023794
7131  0.000000  0.094849  0.000000  0.029791  0.017932  0.023790
7132  0.000000  0.094917  0.000000  0.029801  0.017953  0.023786
7133  0.000000  0.094984  0.000000  0.029810  0.017975  0.023782
7134  0.000000  0.095051  0.000000  0.029820  0.017996  0.023777
7135  0.000000  0.095119  0.000000  0.029830  0.018018  0.023773
7136  0.000000  0.095186  0.000000  0.029840  0.018040  0.023769
7137  0.000000  0.095253  0.000000  0.029849  0.018061  0.023765
7138  0.000000  0.095321  0.000000  0.029859  0.018083  0.023761
7139  0.000000  0.095388  0.000000  0.029869  0.018104  0.023757
7140  0.000000  0.095455  0.000000  0.029879  0.018126  0.023753
7141  0.000000  0.095522  0.000000  0.029889  0.018148  0.023749
7142  0.000000  0.095589  0.000000  0.029899  0.018169  0.023745
7143  0.000000  0.095657  0.000000  0.029908  0.018191  0.023741
7144  0.000000  0.095724  0.000000  0.029918  0.018212  0.023737
7145  0.000000  0.095791  0.000000  0.029928  0.018234  0.023732
7146  0.000000  0.095858  0.000000  0.029938  0.018255  0.023728
7147  0.000000  0.095925  0.000000  0.029948  0.018277  0.023724
7148  0.000000  0.095992  0.000000  0.029958  0.018298  0.023720
7149  0.000000  0.096059  0.000000  0.029968  0.018320  0.023716
7150  0.000000  0.096126  0.000000  0.029978  0.018341  0.023712
7151  0.000000  0.096193  0.000000  0.029988  0.018363  0.023708
7152  0.000000  0.096260  0.000000  0.029998  0.018384  0.023704
7153  0.000000  0.096327  0.000000  0.030008  0.018406  0.023700
7154  0.000000  0.096394  0.000000  0.030018  0.018427  0.023696
7155  0.000000  0.096461  0.000000  0.030027  0.018449  0.023692
7156  0.000000  0.096528  0.000000  0.030037  0.018470  0.023688
7157  0.000000  0.096595  0.000000  0.030047  0.018491  0.023684
7158  0.000000  0.096662  0.000000  0.030057  0.018513  0.023680
7159  0.000000  0.096729  0.000000  0.030067  0.018534  0.023676
7160  0.000000  0.096796  0.000000  0.030078  0.018556  0.023672
7161  0.000000  0.096863  0.000000  0.030088  0.018577  0.023668
7162  0.000000  0.096930  0.000000  0.030098  0.018599  0.023663
7163  0.000000  0.096997  0.000000  0.030108  0.018620  0.023659
7164  0.000000  0.097063  0.000000  0.030118  0.018641  0.023655
7165  0.000000  0.097130  0.000000  0.030128  0.018663  0.023651
7166  0.000000  0.097197  0.000000  0.030138  0.018684  0.023647
7167  0.000000  0.097264  0.000000  0.030148  0.018705  0.023643
7168  0.000000  0.097331  0.000000  0.030158  0.018727  0.023639
7169  0.000000  0.097397  0.000000  0.030168  0.018748  0.023635
7170  0.000000  0.097464  0.000000  0.030178  0.018769  0.023631
7171  0.000000  0.097531  0.000000  0.030188  0.018791  0.023627
7172  0.000000  0.097597  0.000000  0.030199  0.018812  0.023623
7173  0.000000  0.097664  0.000000  0.030209  0.018833  0.023619
7174  0.000000  0.097731  0.000000  0.030219  0.018855  0.023615
7175  0.000000  0.097797  0.000000  0.030229  0.018876  0.023611
7176  0.000000  0.097864  0.000000  0.030239  0.018897  0.023607
7177  0.000000  0.097931  0.000000  0.030249  0.018919  0.023603
7178  0.000000  0.097997  0.000000  0.030260  0.018940  0.023599
7179  0.000000  0.098064  0.000000  0.030270  0.018961  0.023595
7180  0.000000  0.098130  0.000000  0.030280  0.018982  0.023591
7181  0.000000  0.098197  0.000000  0.030290  0.019004  0.023587
7182  0.000000  0.098263  0.000000  0.030300  0.019025  0.023583
7183  0.000000  0.098330  0.000000  0.030311  0.019046  0.023579
7184  0.000000  0.098396  0.000000  0.030321  0.019067  0.023575
7185  0.000000  0.098463  0.000000  0.030331  0.019089  0.023571
7186  0.000000  0.098529  0.000000  0.030341  0.019110  0.023567
7187  0.000000  0.098596  0.000000  0.030352  0.019131  0.023563
7188  0.000000  0.098662  0.000000  0.030362  0.019152  0.023559
7189  0.000000  0.098729  0.000000  0.030372  0.019173  0.023555
7190  0.000000  0.098795  0.000000  0.030383  0.019195  0.023551
7191  0.000000  0.098861  0.000000  0.030393  0.019216  0.023547
7192  0.000000  0.098928  0.000000  0.030403  0.019237  0.023544
7193  0.000000  0.098994  0.000000  0.030414  0.019258  0.023540
7194  0.000000  0.099060  0.000000  0.030424  0.019279  0.023536
7195  0.000000  0.099127  0.000000  0.030434  0.019300  0.023532
7196  0.000000  0.099193  0.000000  0.030445  0.019322  0.023528
7197  0.000000  0.099259  0.000000  0.030455  0.019343  0.023524
7198  0.000000  0.099325  0.000000  0.030465  0.019364  0.023520
7199  0.000000  0.099392  0.000000  0.030476  0.019385  0.023516
7200  0.000000  0.099458  0.000000  0.030486  0.019406  0.023512
7201  0.000000  0.099524  0.000000  0.030497  0.019427  0.023508
7202  0.000000  0.099590  0.000000  0.030507  0.019448  0.023504
7203  0.000000  0.099656  0.000000  0.030517  0.019469  0.023500
7204  0.000000  0.099722  0.000000  0.030528  0.019490  0.023496
7205  0.000000  0.099788  0.000000  0.030538  0.019512  0.023492
7206  0.000000  0.099855  0.000000  0.030549  0.019533  0.023488
7207  0.000000  0.099921  0.000000  0.030559  0.019554  0.023484
7208  0.000000  0.099987  0.000000  0.030570  0.019575  0.023480
7209  0.000000  0.100053  0.000000  0.030580  0.019596  0.023477
7210  0.000000  0.100119  0.000000  0.030591  0.019617  0.023473
7211  0.000000  0.100185  0.000000  0.030601  0.019638  0.023469
7212  0.000000  0.100251  0.000000  0.030611  0.019659  0.023465
7213  0.000000  0.100317  0.000000  0.030622  0.019680  0.023461
7214  0.000000  0.100383  0.000000  0.030633  0.019701  0.023457
7215  0.000000  0.100449  0.000000  0.030643  0.019722  0.023453
7216  0.000000  0.100515  0.000000  0.030654  0.019743  0.023449
7217  0.000000  0.100580  0.000000  0.030664  0.019764  0.023445
7218  0.000000  0.100646  0.000000  0.030675  0.019785  0.023441
7219  0.000000  0.100712  0.000000  0.030685  0.019806  0.023437
7220  0.000000  0.100778  0.000000  0.030696  0.019827  0.023434
7221  0.000000  0.100844  0.000000  0.030706  0.019848  0.023430
7222  0.000000  0.100910  0.000000  0.030717  0.019869  0.023426
7223  0.000000  0.100975  0.000000  0.030727  0.019889  0.023422
7224  0.000000  0.101041  0.000000  0.030738  0.019910  0.023418
7225  0.000000  0.101107  0.000000  0.030749  0.019931  0.023414
7226  0.000000  0.101173  0.000000  0.030759  0.019952  0.023410
7227  0.000000  0.101238  0.000000  0.030770  0.019973  0.023406
7228  0.000000  0.101304  0.000000  0.030780  0.019994  0.023402
7229  0.000000  0.101370  0.000000  0.030791  0.020015  0.023399
7230  0.000000  0.101435  0.000000  0.030802  0.020036  0.023395
7231  0.000000  0.101501  0.000000  0.030812  0.020057  0.023391
7232  0.000000  0.101567  0.000000  0.030823  0.020077  0.023387
7233  0.000000  0.101632  0.000000  0.030834  0.020098  0.023383
7234  0.000000  0.101698  0.000000  0.030844  0.020119  0.023379
7235  0.000000  0.101763  0.000000  0.030855  0.020140  0.023375
7236  0.000000  0.101829  0.000000  0.030866  0.020161  0.023372
7237  0.000000  0.101894  0.000000  0.030876  0.020182  0.023368
7238  0.000000  0.101960  0.000000  0.030887  0.020202  0.023364
7239  0.000000  0.102025  0.000000  0.030898  0.020223  0.023360
7240  0.000000  0.102091  0.000000  0.030908  0.020244  0.023356
7241  0.000000  0.102156  0.000000  0.030919  0.020265  0.023352
7242  0.000000  0.102222  0.000000  0.030930  0.020286  0.023349
7243  0.000000  0.102287  0.000000  0.030941  0.020306  0.023345
7244  0.000000  0.102353  0.000000  0.030951  0.020327  0.023341
7245  0.000000  0.102418  0.000000  0.030962  0.020348  0.023337
7246  0.000000  0.102483  0.000000  0.030973  0.020369  0.023333
7247  0.000000  0.102549  0.000000  0.030984  0.020389  0.023329
7248  0.000000  0.102614  0.000000  0.030994  0.020410  0.023326
7249  0.000000  0.102679  0.000000  0.031005  0.020431  0.023322
7250  0.000000  0.102744  0.000000  0.031016  0.020452  0.023318
7251  0.000000  0.102810  0.000000  0.031027  0.020472  0.023314
7252  0.000000  0.102875  0.000000  0.031038  0.020493  0.023310
7253  0.000000  0.102940  0.000000  0.031048  0.020514  0.023306
7254  0.000000  0.103005  0.000000  0.031059  0.020534  0.023303
7255  0.000000  0.103071  0.000000  0.031070  0.020555  0.023299
7256  0.000000  0.103136  0.000000  0.031081  0.020576  0.023295
7257  0.000000  0.103201  0.000000  0.031092  0.020596  0.023291
7258  0.000000  0.103266  0.000000  0.031102  0.020617  0.023287
7259  0.000000  0.103331  0.000000  0.031113  0.020638  0.023284
7260  0.000000  0.103396  0.000000  0.031124  0.020658  0.023280
7261  0.000000  0.103461  0.000000  0.031135  0.020679  0.023276
7262  0.000000  0.103526  0.000000  0.031146  0.020699  0.023272
7263  0.000000  0.103591  0.000000  0.031157  0.020720  0.023268
7264  0.000000  0.103656  0.000000  0.031168  0.020741  0.023265
7265  0.000000  0.103721  0.000000  0.031178  0.020761  0.023261
7266  0.000000  0.103786  0.000000  0.031189  0.020782  0.023257
7267  0.000000  0.103851  0.000000  0.031200  0.020802  0.023253
7268  0.000000  0.103916  0.000000  0.031211  0.020823  0.023249
7269  0.000000  0.103981  0.000000  0.031222  0.020844  0.023246
7270  0.000000  0.104046  0.000000  0.031233  0.020864  0.023242
7271  0.000000  0.104111  0.000000  0.031244  0.020885  0.023238
7272  0.000000  0.104176  0.000000  0.031255  0.020905  0.023234
7273  0.000000  0.104240  0.000000  0.031266  0.020926  0.023231
7274  0.000000  0.104305  0.000000  0.031277  0.020946  0.023227
7275  0.000000  0.104370  0.000000  0.031288  0.020967  0.023223
7276  0.000000  0.104435  0.000000  0.031299  0.020987  0.023219
7277  0.000000  0.104499  0.000000  0.031310  0.021008  0.023216
7278  0.000000  0.104564  0.000000  0.031321  0.021028  0.023212
7279  0.000000  0.104629  0.000000  0.031332  0.021049  0.023208
7280  0.000000  0.104694  0.000000  0.031343  0.021069  0.023204
7281  0.000000  0.104758  0.000000  0.031354  0.021090  0.023201
7282  0.000000  0.104823  0.000000  0.031365  0.021110  0.023197
7283  0.000000  0.104888  0.000000  0.031376  0.021131  0.023193
7284  0.000000  0.104952  0.000000  0.031387  0.021151  0.023189
7285  0.000000  0.105017  0.000000  0.031398  0.021172  0.023186
7286  0.000000  0.105081  0.000000  0.031409  0.021192  0.023182
7287  0.000000  0.105146  0.000000  0.031420  0.021212  0.023178
7288  0.000000  0.105210  0.000000  0.031431  0.021233  0.023174
7289  0.000000  0.105275  0.000000  0.031442  0.021253  0.023171
7290  0.000000  0.105339  0.000000  0.031453  0.021274  0.023167
7291  0.000000  0.105404  0.000000  0.031464  0.021294  0.023163
7292  0.000000  0.105468  0.000000  0.031475  0.021314  0.023160
7293  0.000000  0.105533  0.000000  0.031486  0.021335  0.023156
7294  0.000000  0.105597  0.000000  0.031497  0.021355  0.023152
7295  0.000000  0.105661  0.000000  0.031508  0.021375  0.023148
7296  0.000000  0.105726  0.000000  0.031519  0.021396  0.023145
7297  0.000000  0.105790  0.000000  0.031530  0.021416  0.023141
7298  0.000000  0.105854  0.000000  0.031541  0.021436  0.023137
7299  0.000000  0.105919  0.000000  0.031552  0.021457  0.023134
7300  0.000000  0.105983  0.000000  0.031563  0.021477  0.023130
7301  0.000000  0.106047  0.000000  0.031575  0.021497  0.023126
7302  0.000000  0.106112  0.000000  0.031586  0.021518  0.023122
7303  0.000000  0.106176  0.000000  0.031597  0.021538  0.023119
7304  0.000000  0.106240  0.000000  0.031608  0.021558  0.023115
7305  0.000000  0.106304  0.000000  0.031619  0.021578  0.023111
7306  0.000000  0.106368  0.000000  0.031630  0.021599  0.023108
7307  0.000000  0.106432  0.000000  0.031641  0.021619  0.023104
7308  0.000000  0.106497  0.000000  0.031653  0.021639  0.023100
7309  0.000000  0.106561  0.000000  0.031664  0.021659  0.023097
7310  0.000000  0.106625  0.000000  0.031675  0.021680  0.023093
7311  0.000000  0.106689  0.000000  0.031686  0.021700  0.023089
7312  0.000000  0.106753  0.000000  0.031697  0.021720  0.023086
7313  0.000000  0.106817  0.000000  0.031708  0.021740  0.023082
7314  0.000000  0.106881  0.000000  0.031720  0.021761  0.023078
7315  0.000000  0.106945  0.000000  0.031731  0.021781  0.023075
7316  0.000000  0.107009  0.000000  0.031742  0.021801  0.023071
7317  0.000000  0.107073  0.000000  0.031753  0.021821  0.023067
7318  0.000000  0.107137  0.000000  0.031764  0.021841  0.023064
7319  0.000000  0.107200  0.000000  0.031776  0.021861  0.023060
7320  0.000000  0.107264  0.000000  0.031787  0.021881  0.023056
7321  0.000000  0.107328  0.000000  0.031798  0.021902  0.023053
7322  0.000000  0.107392  0.000000  0.031809  0.021922  0.023049
7323  0.000000  0.107456  0.000000  0.031820  0.021942  0.023045
7324  0.000000  0.107519  0.000000  0.031832  0.021962  0.023042
7325  0.000000  0.107583  0.000000  0.031843  0.021982  0.023038
7326  0.000000  0.107647  0.000000  0.031854  0.022002  0.023034
7327  0.000000  0.107711  0.000000  0.031865  0.022022  0.023031
7328  0.000000  0.107774  0.000000  0.031877  0.022042  0.023027
7329  0.000000  0.107838  0.000000  0.031888  0.022062  0.023024
7330  0.000000  0.107902  0.000000  0.031899  0.022082  0.023020
7331  0.000000  0.107965  0.000000  0.031910  0.022103  0.023016
7332  0.000000  0.108029  0.000000  0.031922  0.022123  0.023013
7333  0.000000  0.108093  0.000000  0.031933  0.022143  0.023009
7334  0.000000  0.108156  0.000000  0.031944  0.022163  0.023005
7335  0.000000  0.108220  0.000000  0.031956  0.022183  0.023002
7336  0.000000  0.108283  0.000000  0.031967  0.022203  0.022998
7337  0.000000  0.108347  0.000000  0.031978  0.022223  0.022995
7338  0.000000  0.108410  0.000000  0.031989  0.022243  0.022991
7339  0.000000  0.108474  0.000000  0.032001  0.022263  0.022987
7340  0.000000  0.108537  0.000000  0.032012  0.022283  0.022984
7341  0.000000  0.108600  0.000000  0.032023  0.022303  0.022980
7342  0.000000  0.108664  0.000000  0.032035  0.022323  0.022977
7343  0.000000  0.108727  0.000000  0.032046  0.022343  0.022973
7344  0.000000  0.108791  0.000000  0.032057  0.022362  0.022969
7345  0.000000  0.108854  0.000000  0.032069  0.022382  0.022966
7346  0.000000  0.108917  0.000000  0.032080  0.022402  0.022962
7347  0.000000  0.108980  0.000000  0.032091  0.022422  0.022959
7348  0.000000  0.109044  0.000000  0.032103  0.022442  0.022955
7349  0.000000  0.109107  0.000000  0.032114  0.022462  0.022951
7350  0.000000  0.109170  0.000000  0.032125  0.022482  0.022948
7351  0.000000  0.109233  0.000000  0.032137  0.022502  0.022944
7352  0.000000  0.109297  0.000000  0.032148  0.022522  0.022941
7353  0.000000  0.109360  0.000000  0.032160  0.022542  0.022937
7354  0.000000  0.109423  0.000000  0.032171  0.022561  0.022934
7355  0.000000  0.109486  0.000000  0.032182  0.022581  0.022930
7356  0.000000  0.109549  0.000000  0.032194  0.022601  0.022926
7357  0.000000  0.109612  0.000000  0.032205  0.022621  0.022923
7358  0.000000  0.109675  0.000000  0.032216  0.022641  0.022919
7359  0.000000  0.109738  0.000000  0.032228  0.022661  0.022916
7360  0.000000  0.109801  0.000000  0.032239  0.022680  0.022912
7361  0.000000  0.109864  0.000000  0.032251  0.022700  0.022909
7362  0.000000  0.109927  0.000000  0.032262  0.022720  0.022905
7363  0.000000  0.109990  0.000000  0.032273  0.022740  0.022902
7364  0.000000  0.110053  0.000000  0.032285  0.022760  0.022898
7365  0.000000  0.110116  0.000000  0.032296  0.022779  0.022894
7366  0.000000  0.110179  0.000000  0.032308  0.022799  0.022891
7367  0.000000  0.110242  0.000000  0.032319  0.022819  0.022887
7368  0.000000  0.110304  0.000000  0.032331  0.022839  0.022884
7369  0.000000  0.110367  0.000000  0.032342  0.022858  0.022880
7370  0.000000  0.110430  0.000000  0.032354  0.022878  0.022877
7371  0.000000  0.110493  0.000000  0.032365  0.022898  0.022873
7372  0.000000  0.110555  0.000000  0.032376  0.022918  0.022870
7373  0.000000  0.110618  0.000000  0.032388  0.022937  0.022866
7374  0.000000  0.110681  0.000000  0.032399  0.022957  0.022863
7375  0.000000  0.110743  0.000000  0.032411  0.022977  0.022859
7376  0.000000  0.110806  0.000000  0.032422  0.022996  0.022856
7377  0.000000  0.110869  0.000000  0.032434  0.023016  0.022852
7378  0.000000  0.110931  0.000000  0.032445  0.023036  0.022849
7379  0.000000  0.110994  0.000000  0.032457  0.023055  0.022845
7380  0.000000  0.111056  0.000000  0.032468  0.023075  0.022841
7381  0.000000  0.111119  0.000000  0.032480  0.023094  0.022838
7382  0.000000  0.111182  0.000000  0.032491  0.023114  0.022834
7383  0.000000  0.111244  0.000000  0.032503  0.023134  0.022831
7384  0.000000  0.111306  0.000000  0.032514  0.023153  0.022827
7385  0.000000  0.111369  0.000000  0.032526  0.023173  0.022824
7386  0.000000  0.111431  0.000000  0.032537  0.023193  0.022820
7387  0.000000  0.111494  0.000000  0.032549  0.023212  0.022817
7388  0.000000  0.111556  0.000000  0.032560  0.023232  0.022813
7389  0.000000  0.111618  0.000000  0.032572  0.023251  0.022810
7390  0.000000  0.111681  0.000000  0.032583  0.023271  0.022806
7391  0.000000  0.111743  0.000000  0.032595  0.023290  0.022803
7392  0.000000  0.111805  0.000000  0.032606  0.023310  0.022800
7393  0.000000  0.111868  0.000000  0.032618  0.023329  0.022796
7394  0.000000  0.111930  0.000000  0.032629  0.023349  0.022793
7395  0.000000  0.111992  0.000000  0.032641  0.023368  0.022789
7396  0.000000  0.112054  0.000000  0.032652  0.023388  0.022786
7397  0.000000  0.112116  0.000000  0.032664  0.023407  0.022782
7398  0.000000  0.112179  0.000000  0.032675  0.023427  0.022779
7399  0.000000  0.112241  0.000000  0.032687  0.023446  0.022775
7400  0.000000  0.112303  0.000000  0.032699  0.023466  0.022772
7401  0.000000  0.112365  0.000000  0.032710  0.023485  0.022768
7402  0.000000  0.112427  0.000000  0.032722  0.023505  0.022765
7403  0.000000  0.112489  0.000000  0.032733  0.023524  0.022761
7404  0.000000  0.112551  0.000000  0.032745  0.023544  0.022758
7405  0.000000  0.112613  0.000000  0.032756  0.023563  0.022754
7406  0.000000  0.112675  0.000000  0.032768  0.023582  0.022751
7407  0.000000  0.112737  0.000000  0.032780  0.023602  0.022748
7408  0.000000  0.112799  0.000000  0.032791  0.023621  0.022744
7409  0.000000  0.112861  0.000000  0.032803  0.023641  0.022741
7410  0.000000  0.112922  0.000000  0.032814  0.023660  0.022737
7411  0.000000  0.112984  0.000000  0.032826  0.023679  0.022734
7412  0.000000  0.113046  0.000000  0.032837  0.023699  0.022730
7413  0.000000  0.113108  0.000000  0.032849  0.023718  0.022727
7414  0.000000  0.113170  0.000000  0.032861  0.023737  0.022723
7415  0.000000  0.113231  0.000000  0.032872  0.023757  0.022720
7416  0.000000  0.113293  0.000000  0.032884  0.023776  0.022717
7417  0.000000  0.113355  0.000000  0.032895  0.023795  0.022713
7418  0.000000  0.113416  0.000000  0.032907  0.023815  0.022710
7419  0.000000  0.113478  0.000000  0.032919  0.023834  0.022706
7420  0.000000  0.113540  0.000000  0.032930  0.023853  0.022703
7421  0.000000  0.113601  0.000000  0.032942  0.023873  0.022700
7422  0.000000  0.113663  0.000000  0.032954  0.023892  0.022696
7423  0.000000  0.113725  0.000000  0.032965  0.023911  0.022693
7424  0.000000  0.113786  0.000000  0.032977  0.023930  0.022689
7425  0.000000  0.113848  0.000000  0.032988  0.023950  0.022686
7426  0.000000  0.113909  0.000000  0.033000  0.023969  0.022682
7427  0.000000  0.113970  0.000000  0.033012  0.023988  0.022679
7428  0.000000  0.114032  0.000000  0.033023  0.024007  0.022676
7429  0.000000  0.114093  0.000000  0.033035  0.024027  0.022672
7430  0.000000  0.114155  0.000000  0.033047  0.024046  0.022669
7431  0.000000  0.114216  0.000000  0.033058  0.024065  0.022665
7432  0.000000  0.114277  0.000000  0.033070  0.024084  0.022662
7433  0.000000  0.114339  0.000000  0.033082  0.024103  0.022659
7434  0.000000  0.114400  0.000000  0.033093  0.024123  0.022655
7435  0.000000  0.114461  0.000000  0.033105  0.024142  0.022652
7436  0.000000  0.114523  0.000000  0.033116  0.024161  0.022649
7437  0.000000  0.114584  0.000000  0.033128  0.024180  0.022645
7438  0.000000  0.114645  0.000000  0.033140  0.024199  0.022642
7439  0.000000  0.114706  0.000000  0.033151  0.024218  0.022638
7440  0.000000  0.114767  0.000000  0.033163  0.024237  0.022635
7441  0.000000  0.114828  0.000000  0.033175  0.024256  0.022632
7442  0.000000  0.114890  0.000000  0.033186  0.024276  0.022628
7443  0.000000  0.114951  0.000000  0.033198  0.024295  0.022625
7444  0.000000  0.115012  0.000000  0.033210  0.024314  0.022622
7445  0.000000  0.115073  0.000000  0.033222  0.024333  0.022618
7446  0.000000  0.115134  0.000000  0.033233  0.024352  0.022615
7447  0.000000  0.115195  0.000000  0.033245  0.024371  0.022612
7448  0.000000  0.115256  0.000000  0.033257  0.024390  0.022608
7449  0.000000  0.115317  0.000000  0.033268  0.024409  0.022605
7450  0.000000  0.115378  0.000000  0.033280  0.024428  0.022601
7451  0.000000  0.115438  0.000000  0.033292  0.024447  0.022598
7452  0.000000  0.115499  0.000000  0.033303  0.024466  0.022595
7453  0.000000  0.115560  0.000000  0.033315  0.024485  0.022591
7454  0.000000  0.115621  0.000000  0.033327  0.024504  0.022588
7455  0.000000  0.115682  0.000000  0.033338  0.024523  0.022585
7456  0.000000  0.115743  0.000000  0.033350  0.024542  0.022581
7457  0.000000  0.115803  0.000000  0.033362  0.024561  0.022578
7458  0.000000  0.115864  0.000000  0.033374  0.024580  0.022575
7459  0.000000  0.115925  0.000000  0.033385  0.024599  0.022571
7460  0.000000  0.115985  0.000000  0.033397  0.024618  0.022568
7461  0.000000  0.116046  0.000000  0.033409  0.024637  0.022565
7462  0.000000  0.116107  0.000000  0.033420  0.024656  0.022561
7463  0.000000  0.116167  0.000000  0.033432  0.024675  0.022558
7464  0.000000  0.116228  0.000000  0.033444  0.024694  0.022555
7465  0.000000  0.116288  0.000000  0.033456  0.024712  0.022551
7466  0.000000  0.116349  0.000000  0.033467  0.024731  0.022548
7467  0.000000  0.116409  0.000000  0.033479  0.024750  0.022545
7468  0.000000  0.116470  0.000000  0.033491  0.024769  0.022542
7469  0.000000  0.116530  0.000000  0.033502  0.024788  0.022538
7470  0.000000  0.116591  0.000000  0.033514  0.024807  0.022535
7471  0.000000  0.116651  0.000000  0.033526  0.024826  0.022532
7472  0.000000  0.116711  0.000000  0.033538  0.024844  0.022528
7473  0.000000  0.116772  0.000000  0.033549  0.024863  0.022525
7474  0.000000  0.116832  0.000000  0.033561  0.024882  0.022522
7475  0.000000  0.116892  0.000000  0.033573  0.024901  0.022518
7476  0.000000  0.116953  0.000000  0.033585  0.024920  0.022515
7477  0.000000  0.117013  0.000000  0.033596  0.024938  0.022512
7478  0.000000  0.117073  0.000000  0.033608  0.024957  0.022509
7479  0.000000  0.117133  0.000000  0.033620  0.024976  0.022505
7480  0.000000  0.117194  0.000000  0.033632  0.024995  0.022502
7481  0.000000  0.117254  0.000000  0.033643  0.025013  0.022499
7482  0.000000  0.117314  0.000000  0.033655  0.025032  0.022495
7483  0.000000  0.117374  0.000000  0.033667  0.025051  0.022492
7484  0.000000  0.117434  0.000000  0.033679  0.025070  0.022489
7485  0.000000  0.117494  0.000000  0.033690  0.025088  0.022486
7486  0.000000  0.117554  0.000000  0.033702  0.025107  0.022482
7487  0.000000  0.117614  0.000000  0.033714  0.025126  0.022479
7488  0.000000  0.117674  0.000000  0.033726  0.025144  0.022476
7489  0.000000  0.117734  0.000000  0.033737  0.025163  0.022473
7490  0.000000  0.117794  0.000000  0.033749  0.025182  0.022469
7491  0.000000  0.117854  0.000000  0.033761  0.025201  0.022466
7492  0.000000  0.117914  0.000000  0.033773  0.025219  0.022463
7493  0.000000  0.117973  0.000000  0.033784  0.025238  0.022460
7494  0.000000  0.118033  0.000000  0.033796  0.025256  0.022456
7495  0.000000  0.118093  0.000000  0.033808  0.025275  0.022453
7496  0.000000  0.118153  0.000000  0.033820  0.025294  0.022450
7497  0.000000  0.118213  0.000000  0.033831  0.025312  0.022447
7498  0.000000  0.118272  0.000000  0.033843  0.025331  0.022443
7499  0.000000  0.118332  0.000000  0.033855  0.025349  0.022440
7500  0.000000  0.118392  0.000000  0.033867  0.025368  0.022437
7501  0.000000  0.118451  0.000000  0.033878  0.025387  0.022434
7502  0.000000  0.118511  0.000000  0.033890  0.025405  0.022430
7503  0.000000  0.118571  0.000000  0.033902  0.025424  0.022427
7504  0.000000  0.118630  0.000000  0.033914  0.025442  0.022424
7505  0.000000  0.118690  0.000000  0.033926  0.025461  0.022421
7506  0.000000  0.118749  0.000000  0.033937  0.025479  0.022418
7507  0.000000  0.118809  0.000000  0.033949  0.025498  0.022414
7508  0.000000  0.118868  0.000000  0.033961  0.025516  0.022411
7509  0.000000  0.118928  0.000000  0.033973  0.025535  0.022408
7510  0.000000  0.118987  0.000000  0.033984  0.025553  0.022405
7511  0.000000  0.119046  0.000000  0.033996  0.025572  0.022401
7512  0.000000  0.119106  0.000000  0.034008  0.025590  0.022398
7513  0.000000  0.119165  0.000000  0.034020  0.025609  0.022395
7514  0.000000  0.119224  0.000000  0.034032  0.025627  0.022392
7515  0.000000  0.119284  0.000000  0.034043  0.025646  0.022389
7516  0.000000  0.119343  0.000000  0.034055  0.025664  0.022385
7517  0.000000  0.119402  0.000000  0.034067  0.025682  0.022382
7518  0.000000  0.119461  0.000000  0.034079  0.025701  0.022379
7519  0.000000  0.119521  0.000000  0.034091  0.025719  0.022376
7520  0.000000  0.119580  0.000000  0.034102  0.025738  0.022373
7521  0.000000  0.119639  0.000000  0.034114  0.025756  0.022370
7522  0.000000  0.119698  0.000000  0.034126  0.025774  0.022366
7523  0.000000  0.119757  0.000000  0.034138  0.025793  0.022363
7524  0.000000  0.119816  0.000000  0.034149  0.025811  0.022360
7525  0.000000  0.119875  0.000000  0.034161  0.025830  0.022357
7526  0.000000  0.119934  0.000000  0.034173  0.025848  0.022354
7527  0.000000  0.119993  0.000000  0.034185  0.025866  0.022350
7528  0.000000  0.120052  0.000000  0.034197  0.025885  0.022347
7529  0.000000  0.120111  0.000000  0.034208  0.025903  0.022344
7530  0.000000  0.120170  0.000000  0.034220  0.025921  0.022341
7531  0.000000  0.120229  0.000000  0.034232  0.025939  0.022338
7532  0.000000  0.120288  0.000000  0.034244  0.025958  0.022335
7533  0.000000  0.120346  0.000000  0.034256  0.025976  0.022331
7534  0.000000  0.120405  0.000000  0.034267  0.025994  0.022328
7535  0.000000  0.120464  0.000000  0.034279  0.026013  0.022325
7536  0.000000  0.120523  0.000000  0.034291  0.026031  0.022322
7537  0.000000  0.120581  0.000000  0.034303  0.026049  0.022319
7538  0.000000  0.120640  0.000000  0.034315  0.026067  0.022316
7539  0.000000  0.120699  0.000000  0.034326  0.026085  0.022313
7540  0.000000  0.120757  0.000000  0.034338  0.026104  0.022309
7541  0.000000  0.120816  0.000000  0.034350  0.026122  0.022306
7542  0.000000  0.120875  0.000000  0.034362  0.026140  0.022303
7543  0.000000  0.120933  0.000000  0.034374  0.026158  0.022300
7544  0.000000  0.120992  0.000000  0.034385  0.026176  0.022297
7545  0.000000  0.121050  0.000000  0.034397  0.026195  0.022294
7546  0.000000  0.121109  0.000000  0.034409  0.026213  0.022291
7547  0.000000  0.121167  0.000000  0.034421  0.026231  0.022287
7548  0.000000  0.121225  0.000000  0.034433  0.026249  0.022284
7549  0.000000  0.121284  0.000000  0.034444  0.026267  0.022281
7550  0.000000  0.121342  0.000000  0.034456  0.026285  0.022278
7551  0.000000  0.121401  0.000000  0.034468  0.026303  0.022275
7552  0.000000  0.121459  0.000000  0.034480  0.026322  0.022272
7553  0.000000  0.121517  0.000000  0.034492  0.026340  0.022269
7554  0.000000  0.121575  0.000000  0.034503  0.026358  0.022266
7555  0.000000  0.121634  0.000000  0.034515  0.026376  0.022263
7556  0.000000  0.121692  0.000000  0.034527  0.026394  0.022259
7557  0.000000  0.121750  0.000000  0.034539  0.026412  0.022256
7558  0.000000  0.121808  0.000000  0.034551  0.026430  0.022253
7559  0.000000  0.121866  0.000000  0.034562  0.026448  0.022250
7560  0.000000  0.121924  0.000000  0.034574  0.026466  0.022247
7561  0.000000  0.121983  0.000000  0.034586  0.026484  0.022244
7562  0.000000  0.122041  0.000000  0.034598  0.026502  0.022241
7563  0.000000  0.122099  0.000000  0.034610  0.026520  0.022238
7564  0.000000  0.122157  0.000000  0.034621  0.026538  0.022235
7565  0.000000  0.122215  0.000000  0.034633  0.026556  0.022232
7566  0.000000  0.122273  0.000000  0.034645  0.026574  0.022228
7567  0.000000  0.122330  0.000000  0.034657  0.026592  0.022225
7568  0.000000  0.122388  0.000000  0.034669  0.026610  0.022222
7569  0.000000  0.122446  0.000000  0.034680  0.026628  0.022219
7570  0.000000  0.122504  0.000000  0.034692  0.026646  0.022216
7571  0.000000  0.122562  0.000000  0.034704  0.026664  0.022213
7572  0.000000  0.122620  0.000000  0.034716  0.026682  0.022210
7573  0.000000  0.122677  0.000000  0.034728  0.026699  0.022207
7574  0.000000  0.122735  0.000000  0.034739  0.026717  0.022204
7575  0.000000  0.122793  0.000000  0.034751  0.026735  0.022201
7576  0.000000  0.122850  0.000000  0.034763  0.026753  0.022198
7577  0.000000  0.122908  0.000000  0.034775  0.026771  0.022195
7578  0.000000  0.122966  0.000000  0.034787  0.026789  0.022192
7579  0.000000  0.123023  0.000000  0.034798  0.026807  0.022189
7580  0.000000  0.123081  0.000000  0.034810  0.026825  0.022186
7581  0.000000  0.123138  0.000000  0.034822  0.026842  0.022182
7582  0.000000  0.123196  0.000000  0.034834  0.026860  0.022179
7583  0.000000  0.123253  0.000000  0.034846  0.026878  0.022176
7584  0.000000  0.123311  0.000000  0.034857  0.026896  0.022173
7585  0.000000  0.123368  0.000000  0.034869  0.026914  0.022170
7586  0.000000  0.123426  0.000000  0.034881  0.026931  0.022167
7587  0.000000  0.123483  0.000000  0.034893  0.026949  0.022164
7588  0.000000  0.123540  0.000000  0.034905  0.026967  0.022161
7589  0.000000  0.123598  0.000000  0.034916  0.026985  0.022158
7590  0.000000  0.123655  0.000000  0.034928  0.027002  0.022155
7591  0.000000  0.123712  0.000000  0.034940  0.027020  0.022152
7592  0.000000  0.123770  0.000000  0.034952  0.027038  0.022149
7593  0.000000  0.123827  0.000000  0.034964  0.027056  0.022146
7594  0.000000  0.123884  0.000000  0.034975  0.027073  0.022143
7595  0.000000  0.123941  0.000000  0.034987  0.027091  0.022140
7596  0.000000  0.123998  0.000000  0.034999  0.027109  0.022137
7597  0.000000  0.124055  0.000000  0.035011  0.027126  0.022134
7598  0.000000  0.124112  0.000000  0.035022  0.027144  0.022131
7599  0.000000  0.124169  0.000000  0.035034  0.027162  0.022128
7600  0.000000  0.124226  0.000000  0.035046  0.027179  0.022125
7601  0.000000  0.124283  0.000000  0.035058  0.027197  0.022122
7602  0.000000  0.124340  0.000000  0.035070  0.027215  0.022119
7603  0.000000  0.124397  0.000000  0.035081  0.027232  0.022116
7604  0.000000  0.124454  0.000000  0.035093  0.027250  0.022113
7605  0.000000  0.124511  0.000000  0.035105  0.027267  0.022110
7606  0.000000  0.124568  0.000000  0.035117  0.027285  0.022107
7607  0.000000  0.124625  0.000000  0.035129  0.027303  0.022104
7608  0.000000  0.124682  0.000000  0.035140  0.027320  0.022101
7609  0.000000  0.124738  0.000000  0.035152  0.027338  0.022098
7610  0.000000  0.124795  0.000000  0.035164  0.027355  0.022095
7611  0.000000  0.124852  0.000000  0.035176  0.027373  0.022092
7612  0.000000  0.124908  0.000000  0.035187  0.027390  0.022089
7613  0.000000  0.124965  0.000000  0.035199  0.027408  0.022086
7614  0.000000  0.125022  0.000000  0.035211  0.027425  0.022083
7615  0.000000  0.125078  0.000000  0.035223  0.027443  0.022080
7616  0.000000  0.125135  0.000000  0.035235  0.027460  0.022077
7617  0.000000  0.125191  0.000000  0.035246  0.027478  0.022074
7618  0.000000  0.125248  0.000000  0.035258  0.027495  0.022071
7619  0.000000  0.125304  0.000000  0.035270  0.027513  0.022068
7620  0.000000  0.125361  0.000000  0.035282  0.027530  0.022065
7621  0.000000  0.125417  0.000000  0.035293  0.027548  0.022062
7622  0.000000  0.125474  0.000000  0.035305  0.027565  0.022059
7623  0.000000  0.125530  0.000000  0.035317  0.027583  0.022056
7624  0.000000  0.125586  0.000000  0.035329  0.027600  0.022053
7625  0.000000  0.125643  0.000000  0.035340  0.027617  0.022050
7626  0.000000  0.125699  0.000000  0.035352  0.027635  0.022047
7627  0.000000  0.125755  0.000000  0.035364  0.027652  0.022044
7628  0.000000  0.125812  0.000000  0.035376  0.027670  0.022042
7629  0.000000  0.125868  0.000000  0.035387  0.027687  0.022039
7630  0.000000  0.125924  0.000000  0.035399  0.027704  0.022036
7631  0.000000  0.125980  0.000000  0.035411  0.027722  0.022033
7632  0.000000  0.126036  0.000000  0.035423  0.027739  0.022030
7633  0.000000  0.126092  0.000000  0.035434  0.027756  0.022027
7634  0.000000  0.126148  0.000000  0.035446  0.027774  0.022024
7635  0.000000  0.126204  0.000000  0.035458  0.027791  0.022021
7636  0.000000  0.126260  0.000000  0.035470  0.027808  0.022018
7637  0.000000  0.126316  0.000000  0.035481  0.027826  0.022015
7638  0.000000  0.126372  0.000000  0.035493  0.027843  0.022012
7639  0.000000  0.126428  0.000000  0.035505  0.027860  0.022009
7640  0.000000  0.126484  0.000000  0.035517  0.027877  0.022006
7641  0.000000  0.126540  0.000000  0.035528  0.027895  0.022003
7642  0.000000  0.126596  0.000000  0.035540  0.027912  0.022001
7643  0.000000  0.126652  0.000000  0.035552  0.027929  0.021998
7644  0.000000  0.126707  0.000000  0.035564  0.027946  0.021995
7645  0.000000  0.126763  0.000000  0.035575  0.027964  0.021992
7646  0.000000  0.126819  0.000000  0.035587  0.027981  0.021989
7647  0.000000  0.126875  0.000000  0.035599  0.027998  0.021986
7648  0.000000  0.126930  0.000000  0.035610  0.028015  0.021983
7649  0.000000  0.126986  0.000000  0.035622  0.028032  0.021980
7650  0.000000  0.127042  0.000000  0.035634  0.028050  0.021977
7651  0.000000  0.127097  0.000000  0.035646  0.028067  0.021974
7652  0.000000  0.127153  0.000000  0.035657  0.028084  0.021971
7653  0.000000  0.127208  0.000000  0.035669  0.028101  0.021969
7654  0.000000  0.127264  0.000000  0.035681  0.028118  0.021966
7655  0.000000  0.127319  0.000000  0.035693  0.028135  0.021963
7656  0.000000  0.127375  0.000000  0.035704  0.028152  0.021960
7657  0.000000  0.127430  0.000000  0.035716  0.028169  0.021957
7658  0.000000  0.127485  0.000000  0.035728  0.028187  0.021954
7659  0.000000  0.127541  0.000000  0.035739  0.028204  0.021951
7660  0.000000  0.127596  0.000000  0.035751  0.028221  0.021948
7661  0.000000  0.127651  0.000000  0.035763  0.028238  0.021946
7662  0.000000  0.127707  0.000000  0.035774  0.028255  0.021943
7663  0.000000  0.127762  0.000000  0.035786  0.028272  0.021940
7664  0.000000  0.127817  0.000000  0.035798  0.028289  0.021937
7665  0.000000  0.127872  0.000000  0.035810  0.028306  0.021934
7666  0.000000  0.127927  0.000000  0.035821  0.028323  0.021931
7667  0.000000  0.127982  0.000000  0.035833  0.028340  0.021928
7668  0.000000  0.128038  0.000000  0.035845  0.028357  0.021925
7669  0.000000  0.128093  0.000000  0.035856  0.028374  0.021923
7670  0.000000  0.128148  0.000000  0.035868  0.028391  0.021920
7671  0.000000  0.128203  0.000000  0.035880  0.028408  0.021917
7672  0.000000  0.128258  0.000000  0.035891  0.028425  0.021914
7673  0.000000  0.128313  0.000000  0.035903  0.028442  0.021911
7674  0.000000  0.128367  0.000000  0.035915  0.028459  0.021908
7675  0.000000  0.128422  0.000000  0.035926  0.028476  0.021906
7676  0.000000  0.128477  0.000000  0.035938  0.028492  0.021903
7677  0.000000  0.128532  0.000000  0.035950  0.028509  0.021900
7678  0.000000  0.128587  0.000000  0.035961  0.028526  0.021897
7679  0.000000  0.128642  0.000000  0.035973  0.028543  0.021894
7680  0.000000  0.128696  0.000000  0.035985  0.028560  0.021891
7681  0.000000  0.128751  0.000000  0.035996  0.028577  0.021889
7682  0.000000  0.128806  0.000000  0.036008  0.028594  0.021886
7683  0.000000  0.128860  0.000000  0.036020  0.028611  0.021883
7684  0.000000  0.128915  0.000000  0.036031  0.028627  0.021880
7685  0.000000  0.128970  0.000000  0.036043  0.028644  0.021877
7686  0.000000  0.129024  0.000000  0.036055  0.028661  0.021874
7687  0.000000  0.129079  0.000000  0.036066  0.028678  0.021872
7688  0.000000  0.129133  0.000000  0.036078  0.028695  0.021869
7689  0.000000  0.129188  0.000000  0.036090  0.028711  0.021866
7690  0.000000  0.129242  0.000000  0.036101  0.028728  0.021863
7691  0.000000  0.129297  0.000000  0.036113  0.028745  0.021860
7692  0.000000  0.129351  0.000000  0.036125  0.028762  0.021858
7693  0.000000  0.129405  0.000000  0.036136  0.028779  0.021855
7694  0.000000  0.129460  0.000000  0.036148  0.028795  0.021852
7695  0.000000  0.129514  0.000000  0.036160  0.028812  0.021849
7696  0.000000  0.129568  0.000000  0.036171  0.028829  0.021846
7697  0.000000  0.129622  0.000000  0.036183  0.028845  0.021844
7698  0.000000  0.129677  0.000000  0.036194  0.028862  0.021841
7699  0.000000  0.129731  0.000000  0.036206  0.028879  0.021838
7700  0.000000  0.129785  0.000000  0.036218  0.028895  0.021835
7701  0.000000  0.129839  0.000000  0.036229  0.028912  0.021832
7702  0.000000  0.129893  0.000000  0.036241  0.028929  0.021830
7703  0.000000  0.129947  0.000000  0.036253  0.028945  0.021827
7704  0.000000  0.130001  0.000000  0.036264  0.028962  0.021824
7705  0.000000  0.130055  0.000000  0.036276  0.028979  0.021821
7706  0.000000  0.130109  0.000000  0.036287  0.028995  0.021819
7707  0.000000  0.130163  0.000000  0.036299  0.029012  0.021816
7708  0.000000  0.130217  0.000000  0.036311  0.029029  0.021813
7709  0.000000  0.130271  0.000000  0.036322  0.029045  0.021810
7710  0.000000  0.130325  0.000000  0.036334  0.029062  0.021807
7711  0.000000  0.130379  0.000000  0.036345  0.029078  0.021805
7712  0.000000  0.130432  0.000000  0.036357  0.029095  0.021802
7713  0.000000  0.130486  0.000000  0.036369  0.029111  0.021799
7714  0.000000  0.130540  0.000000  0.036380  0.029128  0.021796
7715  0.000000  0.130594  0.000000  0.036392  0.029144  0.021794
7716  0.000000  0.130647  0.000000  0.036403  0.029161  0.021791
7717  0.000000  0.130701  0.000000  0.036415  0.029177  0.021788
7718  0.000000  0.130755  0.000000  0.036426  0.029194  0.021785
7719  0.000000  0.130808  0.000000  0.036438  0.029210  0.021783
7720  0.000000  0.130862  0.000000  0.036450  0.029227  0.021780
7721  0.000000  0.130915  0.000000  0.036461  0.029243  0.021777
7722  0.000000  0.130969  0.000000  0.036473  0.029260  0.021774
7723  0.000000  0.131022  0.000000  0.036484  0.029276  0.021772
7724  0.000000  0.131076  0.000000  0.036496  0.029293  0.021769
7725  0.000000  0.131129  0.000000  0.036507  0.029309  0.021766
7726  0.000000  0.131182  0.000000  0.036519  0.029326  0.021763
7727  0.000000  0.131236  0.000000  0.036531  0.029342  0.021761
7728  0.000000  0.131289  0.000000  0.036542  0.029358  0.021758
7729  0.000000  0.131342  0.000000  0.036554  0.029375  0.021755
7730  0.000000  0.131396  0.000000  0.036565  0.029391  0.021753
7731  0.000000  0.131449  0.000000  0.036577  0.029408  0.021750
7732  0.000000  0.131502  0.000000  0.036588  0.029424  0.021747
7733  0.000000  0.131555  0.000000  0.036600  0.029440  0.021744
7734  0.000000  0.131608  0.000000  0.036611  0.029457  0.021742
7735  0.000000  0.131661  0.000000  0.036623  0.029473  0.021739
7736  0.000000  0.131714  0.000000  0.036634  0.029489  0.021736
7737  0.000000  0.131768  0.000000  0.036646  0.029505  0.021734
7738  0.000000  0.131821  0.000000  0.036657  0.029522  0.021731
7739  0.000000  0.131874  0.000000  0.036669  0.029538  0.021728
7740  0.000000  0.131926  0.000000  0.036680  0.029554  0.021725
7741  0.000000  0.131979  0.000000  0.036692  0.029571  0.021723
7742  0.000000  0.132032  0.000000  0.036703  0.029587  0.021720
7743  0.000000  0.132085  0.000000  0.036715  0.029603  0.021717
7744  0.000000  0.132138  0.000000  0.036726  0.029619  0.021715
7745  0.000000  0.132191  0.000000  0.036738  0.029636  0.021712
7746  0.000000  0.132244  0.000000  0.036749  0.029652  0.021709
7747  0.000000  0.132296  0.000000  0.036761  0.029668  0.021707
7748  0.000000  0.132349  0.000000  0.036772  0.029684  0.021704
7749  0.000000  0.132402  0.000000  0.036784  0.029700  0.021701
7750  0.000000  0.132454  0.000000  0.036795  0.029717  0.021699
7751  0.000000  0.132507  0.000000  0.036807  0.029733  0.021696
7752  0.000000  0.132559  0.000000  0.036818  0.029749  0.021693
7753  0.000000  0.132612  0.000000  0.036830  0.029765  0.021691
7754  0.000000  0.132665  0.000000  0.036841  0.029781  0.021688
7755  0.000000  0.132717  0.000000  0.036853  0.029797  0.021685
7756  0.000000  0.132769  0.000000  0.036864  0.029813  0.021683
7757  0.000000  0.132822  0.000000  0.036876  0.029830  0.021680
7758  0.000000  0.132874  0.000000  0.036887  0.029846  0.021677
7759  0.000000  0.132927  0.000000  0.036899  0.029862  0.021675
7760  0.000000  0.132979  0.000000  0.036910  0.029878  0.021672
7761  0.000000  0.133031  0.000000  0.036921  0.029894  0.021669
7762  0.000000  0.133084  0.000000  0.036933  0.029910  0.021667
7763  0.000000  0.133136  0.000000  0.036944  0.029926  0.021664
7764  0.000000  0.133188  0.000000  0.036956  0.029942  0.021661
7765  0.000000  0.133240  0.000000  0.036967  0.029958  0.021659
7766  0.000000  0.133292  0.000000  0.036979  0.029974  0.021656
7767  0.000000  0.133344  0.000000  0.036990  0.029990  0.021653
7768  0.000000  0.133397  0.000000  0.037002  0.030006  0.021651
7769  0.000000  0.133449  0.000000  0.037013  0.030022  0.021648
7770  0.000000  0.133501  0.000000  0.037024  0.030038  0.021645
7771  0.000000  0.133553  0.000000  0.037036  0.030054  0.021643
7772  0.000000  0.133605  0.000000  0.037047  0.030070  0.021640
7773  0.000000  0.133657  0.000000  0.037059  0.030086  0.021638
7774  0.000000  0.133708  0.000000  0.037070  0.030102  0.021635
7775  0.000000  0.133760  0.000000  0.037081  0.030118  0.021632
7776  0.000000  0.133812  0.000000  0.037093  0.030134  0.021630
7777  0.000000  0.133864  0.000000  0.037104  0.030149  0.021627
7778  0.000000  0.133916  0.000000  0.037116  0.030165  0.021624
7779  0.000000  0.133968  0.000000  0.037127  0.030181  0.021622
7780  0.000000  0.134019  0.000000  0.037138  0.030197  0.021619
7781  0.000000  0.134071  0.000000  0.037150  0.030213  0.021617
7782  0.000000  0.134123  0.000000  0.037161  0.030229  0.021614
7783  0.000000  0.134174  0.000000  0.037172  0.030245  0.021611
7784  0.000000  0.134226  0.000000  0.037184  0.030261  0.021609
7785  0.000000  0.134277  0.000000  0.037195  0.030276  0.021606
7786  0.000000  0.134329  0.000000  0.037207  0.030292  0.021604
7787  0.000000  0.134380  0.000000  0.037218  0.030308  0.021601
7788  0.000000  0.134432  0.000000  0.037229  0.030324  0.021598
7789  0.000000  0.134483  0.000000  0.037241  0.030340  0.021596
7790  0.000000  0.134535  0.000000  0.037252  0.030355  0.021593
7791  0.000000  0.134586  0.000000  0.037263  0.030371  0.021591
7792  0.000000  0.134637  0.000000  0.037275  0.030387  0.021588
7793  0.000000  0.134689  0.000000  0.037286  0.030403  0.021585
7794  0.000000  0.134740  0.000000  0.037297  0.030418  0.021583
7795  0.000000  0.134791  0.000000  0.037309  0.030434  0.021580
7796  0.000000  0.134842  0.000000  0.037320  0.030450  0.021578
7797  0.000000  0.134894  0.000000  0.037331  0.030465  0.021575
7798  0.000000  0.134945  0.000000  0.037343  0.030481  0.021572
7799  0.000000  0.134996  0.000000  0.037354  0.030497  0.021570
7800  0.000000  0.135047  0.000000  0.037365  0.030512  0.021567
7801  0.000000  0.135098  0.000000  0.037376  0.030528  0.021565
7802  0.000000  0.135149  0.000000  0.037388  0.030544  0.021562
7803  0.000000  0.135200  0.000000  0.037399  0.030559  0.021560
7804  0.000000  0.135251  0.000000  0.037410  0.030575  0.021557
7805  0.000000  0.135302  0.000000  0.037422  0.030591  0.021555
7806  0.000000  0.135353  0.000000  0.037433  0.030606  0.021552
7807  0.000000  0.135404  0.000000  0.037444  0.030622  0.021549
7808  0.000000  0.135455  0.000000  0.037455  0.030637  0.021547
7809  0.000000  0.135505  0.000000  0.037467  0.030653  0.021544
7810  0.000000  0.135556  0.000000  0.037478  0.030668  0.021542
7811  0.000000  0.135607  0.000000  0.037489  0.030684  0.021539
7812  0.000000  0.135658  0.000000  0.037501  0.030700  0.021537
7813  0.000000  0.135708  0.000000  0.037512  0.030715  0.021534
7814  0.000000  0.135759  0.000000  0.037523  0.030731  0.021532
7815  0.000000  0.135810  0.000000  0.037534  0.030746  0.021529
7816  0.000000  0.135860  0.000000  0.037546  0.030762  0.021526
7817  0.000000  0.135911  0.000000  0.037557  0.030777  0.021524
7818  0.000000  0.135961  0.000000  0.037568  0.030793  0.021521
7819  0.000000  0.136012  0.000000  0.037579  0.030808  0.021519
7820  0.000000  0.136062  0.000000  0.037590  0.030824  0.021516
7821  0.000000  0.136113  0.000000  0.037602  0.030839  0.021514
7822  0.000000  0.136163  0.000000  0.037613  0.030854  0.021511
7823  0.000000  0.136213  0.000000  0.037624  0.030870  0.021509
7824  0.000000  0.136264  0.000000  0.037635  0.030885  0.021506
7825  0.000000  0.136314  0.000000  0.037647  0.030901  0.021504
7826  0.000000  0.136364  0.000000  0.037658  0.030916  0.021501
7827  0.000000  0.136414  0.000000  0.037669  0.030931  0.021499
7828  0.000000  0.136465  0.000000  0.037680  0.030947  0.021496
7829  0.000000  0.136515  0.000000  0.037691  0.030962  0.021494
7830  0.000000  0.136565  0.000000  0.037702  0.030978  0.021491
7831  0.000000  0.136615  0.000000  0.037714  0.030993  0.021489
7832  0.000000  0.136665  0.000000  0.037725  0.031008  0.021486
7833  0.000000  0.136715  0.000000  0.037736  0.031024  0.021484
7834  0.000000  0.136765  0.000000  0.037747  0.031039  0.021481
7835  0.000000  0.136815  0.000000  0.037758  0.031054  0.021479
7836  0.000000  0.136865  0.000000  0.037770  0.031069  0.021476
7837  0.000000  0.136915  0.000000  0.037781  0.031085  0.021474
7838  0.000000  0.136965  0.000000  0.037792  0.031100  0.021471
7839  0.000000  0.137015  0.000000  0.037803  0.031115  0.021469
7840  0.000000  0.137064  0.000000  0.037814  0.031131  0.021466
7841  0.000000  0.137114  0.000000  0.037825  0.031146  0.021464
7842  0.000000  0.137164  0.000000  0.037836  0.031161  0.021461
7843  0.000000  0.137214  0.000000  0.037848  0.031176  0.021459
7844  0.000000  0.137263  0.000000  0.037859  0.031191  0.021456
7845  0.000000  0.137313  0.000000  0.037870  0.031207  0.021454
7846  0.000000  0.137363  0.000000  0.037881  0.031222  0.021451
7847  0.000000  0.137412  0.000000  0.037892  0.031237  0.021449
7848  0.000000  0.137462  0.000000  0.037903  0.031252  0.021446
7849  0.000000  0.137511  0.000000  0.037914  0.031267  0.021444
7850  0.000000  0.137561  0.000000  0.037925  0.031282  0.021441
7851  0.000000  0.137610  0.000000  0.037936  0.031298  0.021439
7852  0.000000  0.137660  0.000000  0.037947  0.031313  0.021437
7853  0.000000  0.137709  0.000000  0.037959  0.031328  0.021434
7854  0.000000  0.137758  0.000000  0.037970  0.031343  0.021432
7855  0.000000  0.137808  0.000000  0.037981  0.031358  0.021429
7856  0.000000  0.137857  0.000000  0.037992  0.031373  0.021427
7857  0.000000  0.137906  0.000000  0.038003  0.031388  0.021424
7858  0.000000  0.137956  0.000000  0.038014  0.031403  0.021422
7859  0.000000  0.138005  0.000000  0.038025  0.031418  0.021419
7860  0.000000  0.138054  0.000000  0.038036  0.031433  0.021417
7861  0.000000  0.138103  0.000000  0.038047  0.031448  0.021414
7862  0.000000  0.138152  0.000000  0.038058  0.031463  0.021412
7863  0.000000  0.138201  0.000000  0.038069  0.031478  0.021410
7864  0.000000  0.138250  0.000000  0.038080  0.031493  0.021407
7865  0.000000  0.138299  0.000000  0.038091  0.031508  0.021405
7866  0.000000  0.138348  0.000000  0.038102  0.031523  0.021402
7867  0.000000  0.138397  0.000000  0.038113  0.031538  0.021400
7868  0.000000  0.138446  0.000000  0.038124  0.031553  0.021397
7869  0.000000  0.138495  0.000000  0.038135  0.031568  0.021395
7870  0.000000  0.138544  0.000000  0.038146  0.031583  0.021393
7871  0.000000  0.138593  0.000000  0.038157  0.031598  0.021390
7872  0.000000  0.138641  0.000000  0.038168  0.031613  0.021388
7873  0.000000  0.138690  0.000000  0.038179  0.031628  0.021385
7874  0.000000  0.138739  0.000000  0.038190  0.031643  0.021383
7875  0.000000  0.138787  0.000000  0.038201  0.031658  0.021381
7876  0.000000  0.138836  0.000000  0.038212  0.031673  0.021378
7877  0.000000  0.138885  0.000000  0.038223  0.031687  0.021376
7878  0.000000  0.138933  0.000000  0.038234  0.031702  0.021373
7879  0.000000  0.138982  0.000000  0.038245  0.031717  0.021371
7880  0.000000  0.139030  0.000000  0.038256  0.031732  0.021369
7881  0.000000  0.139079  0.000000  0.038267  0.031747  0.021366
7882  0.000000  0.139127  0.000000  0.038278  0.031762  0.021364
7883  0.000000  0.139176  0.000000  0.038289  0.031776  0.021361
7884  0.000000  0.139224  0.000000  0.038300  0.031791  0.021359
7885  0.000000  0.139272  0.000000  0.038311  0.031806  0.021357
7886  0.000000  0.139321  0.000000  0.038322  0.031821  0.021354
7887  0.000000  0.139369  0.000000  0.038333  0.031835  0.021352
7888  0.000000  0.139417  0.000000  0.038344  0.031850  0.021349
7889  0.000000  0.139465  0.000000  0.038354  0.031865  0.021347
7890  0.000000  0.139514  0.000000  0.038365  0.031880  0.021345
7891  0.000000  0.139562  0.000000  0.038376  0.031894  0.021342
7892  0.000000  0.139610  0.000000  0.038387  0.031909  0.021340
7893  0.000000  0.139658  0.000000  0.038398  0.031924  0.021337
7894  0.000000  0.139706  0.000000  0.038409  0.031938  0.021335
7895  0.000000  0.139754  0.000000  0.038420  0.031953  0.021333
7896  0.000000  0.139802  0.000000  0.038431  0.031968  0.021330
7897  0.000000  0.139850  0.000000  0.038442  0.031982  0.021328
7898  0.000000  0.139898  0.000000  0.038452  0.031997  0.021326
7899  0.000000  0.139946  0.000000  0.038463  0.032012  0.021323
7900  0.000000  0.139994  0.000000  0.038474  0.032026  0.021321
7901  0.000000  0.140041  0.000000  0.038485  0.032041  0.021319
7902  0.000000  0.140089  0.000000  0.038496  0.032055  0.021316
7903  0.000000  0.140137  0.000000  0.038507  0.032070  0.021314
7904  0.000000  0.140185  0.000000  0.038518  0.032085  0.021312
7905  0.000000  0.140232  0.000000  0.038528  0.032099  0.021309
7906  0.000000  0.140280  0.000000  0.038539  0.032114  0.021307
7907  0.000000  0.140328  0.000000  0.038550  0.032128  0.021304
7908  0.000000  0.140375  0.000000  0.038561  0.032143  0.021302
7909  0.000000  0.140423  0.000000  0.038572  0.032157  0.021300
7910  0.000000  0.140470  0.000000  0.038582  0.032172  0.021297
7911  0.000000  0.140518  0.000000  0.038593  0.032186  0.021295
7912  0.000000  0.140565  0.000000  0.038604  0.032201  0.021293
7913  0.000000  0.140613  0.000000  0.038615  0.032215  0.021290
7914  0.000000  0.140660  0.000000  0.038626  0.032230  0.021288
7915  0.000000  0.140707  0.000000  0.038636  0.032244  0.021286
7916  0.000000  0.140755  0.000000  0.038647  0.032259  0.021283
7917  0.000000  0.140802  0.000000  0.038658  0.032273  0.021281
7918  0.000000  0.140849  0.000000  0.038669  0.032287  0.021279
7919  0.000000  0.140896  0.000000  0.038679  0.032302  0.021276
7920  0.000000  0.140944  0.000000  0.038690  0.032316  0.021274
7921  0.000000  0.140991  0.000000  0.038701  0.032331  0.021272
7922  0.000000  0.141038  0.000000  0.038712  0.032345  0.021270
7923  0.000000  0.141085  0.000000  0.038722  0.032359  0.021267
7924  0.000000  0.141132  0.000000  0.038733  0.032374  0.021265
7925  0.000000  0.141179  0.000000  0.038744  0.032388  0.021263
7926  0.000000  0.141226  0.000000  0.038755  0.032402  0.021260
7927  0.000000  0.141273  0.000000  0.038765  0.032417  0.021258
7928  0.000000  0.141320  0.000000  0.038776  0.032431  0.021256
7929  0.000000  0.141367  0.000000  0.038787  0.032445  0.021253
7930  0.000000  0.141413  0.000000  0.038797  0.032460  0.021251
7931  0.000000  0.141460  0.000000  0.038808  0.032474  0.021249
7932  0.000000  0.141507  0.000000  0.038819  0.032488  0.021247
7933  0.000000  0.141554  0.000000  0.038830  0.032503  0.021244
7934  0.000000  0.141600  0.000000  0.038840  0.032517  0.021242
7935  0.000000  0.141647  0.000000  0.038851  0.032531  0.021240
7936  0.000000  0.141694  0.000000  0.038862  0.032545  0.021237
7937  0.000000  0.141740  0.000000  0.038872  0.032559  0.021235
7938  0.000000  0.141787  0.000000  0.038883  0.032574  0.021233
7939  0.000000  0.141833  0.000000  0.038894  0.032588  0.021231
7940  0.000000  0.141880  0.000000  0.038904  0.032602  0.021228
7941  0.000000  0.141926  0.000000  0.038915  0.032616  0.021226
7942  0.000000  0.141973  0.000000  0.038925  0.032630  0.021224
7943  0.000000  0.142019  0.000000  0.038936  0.032645  0.021221
7944  0.000000  0.142066  0.000000  0.038947  0.032659  0.021219
7945  0.000000  0.142112  0.000000  0.038957  0.032673  0.021217
7946  0.000000  0.142158  0.000000  0.038968  0.032687  0.021215
7947  0.000000  0.142205  0.000000  0.038979  0.032701  0.021212
7948  0.000000  0.142251  0.000000  0.038989  0.032715  0.021210
7949  0.000000  0.142297  0.000000  0.039000  0.032729  0.021208
7950  0.000000  0.142343  0.000000  0.039010  0.032743  0.021206
7951  0.000000  0.142389  0.000000  0.039021  0.032757  0.021203
7952  0.000000  0.142435  0.000000  0.039031  0.032771  0.021201
7953  0.000000  0.142481  0.000000  0.039042  0.032785  0.021199
7954  0.000000  0.142527  0.000000  0.039053  0.032800  0.021197
7955  0.000000  0.142573  0.000000  0.039063  0.032814  0.021194
7956  0.000000  0.142619  0.000000  0.039074  0.032828  0.021192
7957  0.000000  0.142665  0.000000  0.039084  0.032842  0.021190
7958  0.000000  0.142711  0.000000  0.039095  0.032856  0.021188
7959  0.000000  0.142757  0.000000  0.039105  0.032870  0.021185
7960  0.000000  0.142803  0.000000  0.039116  0.032884  0.021183
7961  0.000000  0.142849  0.000000  0.039126  0.032897  0.021181
7962  0.000000  0.142894  0.000000  0.039137  0.032911  0.021179
7963  0.000000  0.142940  0.000000  0.039147  0.032925  0.021177
7964  0.000000  0.142986  0.000000  0.039158  0.032939  0.021174
7965  0.000000  0.143031  0.000000  0.039168  0.032953  0.021172
7966  0.000000  0.143077  0.000000  0.039179  0.032967  0.021170
7967  0.000000  0.143123  0.000000  0.039189  0.032981  0.021168
7968  0.000000  0.143168  0.000000  0.039200  0.032995  0.021165
7969  0.000000  0.143214  0.000000  0.039210  0.033009  0.021163
7970  0.000000  0.143259  0.000000  0.039221  0.033023  0.021161
7971  0.000000  0.143305  0.000000  0.039231  0.033036  0.021159
7972  0.000000  0.143350  0.000000  0.039242  0.033050  0.021157
7973  0.000000  0.143395  0.000000  0.039252  0.033064  0.021154
7974  0.000000  0.143441  0.000000  0.039263  0.033078  0.021152
7975  0.000000  0.143486  0.000000  0.039273  0.033092  0.021150
7976  0.000000  0.143531  0.000000  0.039284  0.033106  0.021148
7977  0.000000  0.143577  0.000000  0.039294  0.033119  0.021146
7978  0.000000  0.143622  0.000000  0.039304  0.033133  0.021143
7979  0.000000  0.143667  0.000000  0.039315  0.033147  0.021141
7980  0.000000  0.143712  0.000000  0.039325  0.033161  0.021139
7981  0.000000  0.143757  0.000000  0.039336  0.033174  0.021137
7982  0.000000  0.143802  0.000000  0.039346  0.033188  0.021135
7983  0.000000  0.143847  0.000000  0.039357  0.033202  0.021132
7984  0.000000  0.143892  0.000000  0.039367  0.033215  0.021130
7985  0.000000  0.143937  0.000000  0.039377  0.033229  0.021128
7986  0.000000  0.143982  0.000000  0.039388  0.033243  0.021126
7987  0.000000  0.144027  0.000000  0.039398  0.033257  0.021124
7988  0.000000  0.144072  0.000000  0.039408  0.033270  0.021122
7989  0.000000  0.144117  0.000000  0.039419  0.033284  0.021119
7990  0.000000  0.144161  0.000000  0.039429  0.033297  0.021117
7991  0.000000  0.144206  0.000000  0.039440  0.033311  0.021115
7992  0.000000  0.144251  0.000000  0.039450  0.033325  0.021113
7993  0.000000  0.144296  0.000000  0.039460  0.033338  0.021111
7994  0.000000  0.144340  0.000000  0.039471  0.033352  0.021109
7995  0.000000  0.144385  0.000000  0.039481  0.033366  0.021106
7996  0.000000  0.144429  0.000000  0.039491  0.033379  0.021104
7997  0.000000  0.144474  0.000000  0.039501  0.033393  0.021102
7998  0.000000  0.144519  0.000000  0.039512  0.033406  0.021100
7999  0.000000  0.144563  0.000000  0.039522  0.033420  0.021098
8000  0.000000  0.144607  0.000000  0.039532  0.033433  0.021096
8001  0.000000  0.144652  0.000000  0.039543  0.033447  0.021093
8002  0.000000  0.144696  0.000000  0.039553  0.033460  0.021091
8003  0.000000  0.144741  0.000000  0.039563  0.033474  0.021089
8004  0.000000  0.144785  0.000000  0.039573  0.033487  0.021087
8005  0.000000  0.144829  0.000000  0.039584  0.033501  0.021085
8006  0.000000  0.144873  0.000000  0.039594  0.033514  0.021083
8007  0.000000  0.144918  0.000000  0.039604  0.033528  0.021081
8008  0.000000  0.144962  0.000000  0.039615  0.033541  0.021078
8009  0.000000  0.145006  0.000000  0.039625  0.033555  0.021076
8010  0.000000  0.145050  0.000000  0.039635  0.033568  0.021074
8011  0.000000  0.145094  0.000000  0.039645  0.033581  0.021072
8012  0.000000  0.145138  0.000000  0.039655  0.033595  0.021070
8013  0.000000  0.145182  0.000000  0.039666  0.033608  0.021068
8014  0.000000  0.145226  0.000000  0.039676  0.033622  0.021066
8015  0.000000  0.145270  0.000000  0.039686  0.033635  0.021064
8016  0.000000  0.145314  0.000000  0.039696  0.033648  0.021061
8017  0.000000  0.145358  0.000000  0.039706  0.033662  0.021059
8018  0.000000  0.145401  0.000000  0.039717  0.033675  0.021057
8019  0.000000  0.145445  0.000000  0.039727  0.033688  0.021055
8020  0.000000  0.145489  0.000000  0.039737  0.033702  0.021053
8021  0.000000  0.145533  0.000000  0.039747  0.033715  0.021051
8022  0.000000  0.145576  0.000000  0.039757  0.033728  0.021049
8023  0.000000  0.145620  0.000000  0.039767  0.033741  0.021047
8024  0.000000  0.145663  0.000000  0.039778  0.033755  0.021045
8025  0.000000  0.145707  0.000000  0.039788  0.033768  0.021042
8026  0.000000  0.145750  0.000000  0.039798  0.033781  0.021040
8027  0.000000  0.145794  0.000000  0.039808  0.033794  0.021038
8028  0.000000  0.145837  0.000000  0.039818  0.033808  0.021036
8029  0.000000  0.145881  0.000000  0.039828  0.033821  0.021034
8030  0.000000  0.145924  0.000000  0.039838  0.033834  0.021032
8031  0.000000  0.145968  0.000000  0.039848  0.033847  0.021030
8032  0.000000  0.146011  0.000000  0.039859  0.033860  0.021028
8033  0.000000  0.146054  0.000000  0.039869  0.033874  0.021026
8034  0.000000  0.146097  0.000000  0.039879  0.033887  0.021024
8035  0.000000  0.146141  0.000000  0.039889  0.033900  0.021022
8036  0.000000  0.146184  0.000000  0.039899  0.033913  0.021020
8037  0.000000  0.146227  0.000000  0.039909  0.033926  0.021017
8038  0.000000  0.146270  0.000000  0.039919  0.033939  0.021015
8039  0.000000  0.146313  0.000000  0.039929  0.033952  0.021013
8040  0.000000  0.146356  0.000000  0.039939  0.033965  0.021011
8041  0.000000  0.146399  0.000000  0.039949  0.033979  0.021009
8042  0.000000  0.146442  0.000000  0.039959  0.033992  0.021007
8043  0.000000  0.146485  0.000000  0.039969  0.034005  0.021005
8044  0.000000  0.146528  0.000000  0.039979  0.034018  0.021003
8045  0.000000  0.146571  0.000000  0.039989  0.034031  0.021001
8046  0.000000  0.146614  0.000000  0.039999  0.034044  0.020999
8047  0.000000  0.146656  0.000000  0.040009  0.034057  0.020997
8048  0.000000  0.146699  0.000000  0.040019  0.034070  0.020995
8049  0.000000  0.146742  0.000000  0.040029  0.034083  0.020993
8050  0.000000  0.146784  0.000000  0.040039  0.034096  0.020991
8051  0.000000  0.146827  0.000000  0.040049  0.034109  0.020989
8052  0.000000  0.146870  0.000000  0.040059  0.034122  0.020987
8053  0.000000  0.146912  0.000000  0.040069  0.034135  0.020985
8054  0.000000  0.146955  0.000000  0.040079  0.034147  0.020983
8055  0.000000  0.146997  0.000000  0.040089  0.034160  0.020980
8056  0.000000  0.147040  0.000000  0.040099  0.034173  0.020978
8057  0.000000  0.147082  0.000000  0.040109  0.034186  0.020976
8058  0.000000  0.147125  0.000000  0.040119  0.034199  0.020974
8059  0.000000  0.147167  0.000000  0.040129  0.034212  0.020972
8060  0.000000  0.147209  0.000000  0.040138  0.034225  0.020970
8061  0.000000  0.147252  0.000000  0.040148  0.034238  0.020968
8062  0.000000  0.147294  0.000000  0.040158  0.034251  0.020966
8063  0.000000  0.147336  0.000000  0.040168  0.034263  0.020964
8064  0.000000  0.147378  0.000000  0.040178  0.034276  0.020962
8065  0.000000  0.147420  0.000000  0.040188  0.034289  0.020960
8066  0.000000  0.147462  0.000000  0.040198  0.034302  0.020958
8067  0.000000  0.147504  0.000000  0.040208  0.034315  0.020956
8068  0.000000  0.147547  0.000000  0.040217  0.034327  0.020954
8069  0.000000  0.147589  0.000000  0.040227  0.034340  0.020952
8070  0.000000  0.147630  0.000000  0.040237  0.034353  0.020950
8071  0.000000  0.147672  0.000000  0.040247  0.034366  0.020948
8072  0.000000  0.147714  0.000000  0.040257  0.034378  0.020946
8073  0.000000  0.147756  0.000000  0.040267  0.034391  0.020944
8074  0.000000  0.147798  0.000000  0.040276  0.034404  0.020942
8075  0.000000  0.147840  0.000000  0.040286  0.034416  0.020940
8076  0.000000  0.147881  0.000000  0.040296  0.034429  0.020938
8077  0.000000  0.147923  0.000000  0.040306  0.034442  0.020936
8078  0.000000  0.147965  0.000000  0.040316  0.034454  0.020934
8079  0.000000  0.148006  0.000000  0.040325  0.034467  0.020932
8080  0.000000  0.148048  0.000000  0.040335  0.034480  0.020930
8081  0.000000  0.148090  0.000000  0.040345  0.034492  0.020928
8082  0.000000  0.148131  0.000000  0.040355  0.034505  0.020926
8083  0.000000  0.148173  0.000000  0.040364  0.034518  0.020924
8084  0.000000  0.148214  0.000000  0.040374  0.034530  0.020922
8085  0.000000  0.148256  0.000000  0.040384  0.034543  0.020920
8086  0.000000  0.148297  0.000000  0.040394  0.034555  0.020918
8087  0.000000  0.148338  0.000000  0.040403  0.034568  0.020916
8088  0.000000  0.148380  0.000000  0.040413  0.034580  0.020914
8089  0.000000  0.148421  0.000000  0.040423  0.034593  0.020912
8090  0.000000  0.148462  0.000000  0.040433  0.034606  0.020911
8091  0.000000  0.148503  0.000000  0.040442  0.034618  0.020909
8092  0.000000  0.148544  0.000000  0.040452  0.034631  0.020907
8093  0.000000  0.148586  0.000000  0.040462  0.034643  0.020905
8094  0.000000  0.148627  0.000000  0.040471  0.034655  0.020903
8095  0.000000  0.148668  0.000000  0.040481  0.034668  0.020901
8096  0.000000  0.148709  0.000000  0.040491  0.034680  0.020899
8097  0.000000  0.148750  0.000000  0.040500  0.034693  0.020897
8098  0.000000  0.148791  0.000000  0.040510  0.034705  0.020895
8099  0.000000  0.148832  0.000000  0.040520  0.034718  0.020893
8100  0.000000  0.148872  0.000000  0.040529  0.034730  0.020891
8101  0.000000  0.148913  0.000000  0.040539  0.034743  0.020889
8102  0.000000  0.148954  0.000000  0.040548  0.034755  0.020887
8103  0.000000  0.148995  0.000000  0.040558  0.034767  0.020885
8104  0.000000  0.149036  0.000000  0.040568  0.034780  0.020883
8105  0.000000  0.149076  0.000000  0.040577  0.034792  0.020881
8106  0.000000  0.149117  0.000000  0.040587  0.034804  0.020879
8107  0.000000  0.149158  0.000000  0.040596  0.034817  0.020877
8108  0.000000  0.149198  0.000000  0.040606  0.034829  0.020875
8109  0.000000  0.149239  0.000000  0.040616  0.034841  0.020874
8110  0.000000  0.149279  0.000000  0.040625  0.034854  0.020872
8111  0.000000  0.149320  0.000000  0.040635  0.034866  0.020870
8112  0.000000  0.149360  0.000000  0.040644  0.034878  0.020868
8113  0.000000  0.149401  0.000000  0.040654  0.034890  0.020866
8114  0.000000  0.149441  0.000000  0.040663  0.034903  0.020864
8115  0.000000  0.149481  0.000000  0.040673  0.034915  0.020862
8116  0.000000  0.149522  0.000000  0.040682  0.034927  0.020860
8117  0.000000  0.149562  0.000000  0.040692  0.034939  0.020858
8118  0.000000  0.149602  0.000000  0.040701  0.034952  0.020856
8119  0.000000  0.149642  0.000000  0.040711  0.034964  0.020854
8120  0.000000  0.149682  0.000000  0.040720  0.034976  0.020852
8121  0.000000  0.149722  0.000000  0.040730  0.034988  0.020851
8122  0.000000  0.149763  0.000000  0.040739  0.035000  0.020849
8123  0.000000  0.149803  0.000000  0.040749  0.035012  0.020847
8124  0.000000  0.149843  0.000000  0.040758  0.035025  0.020845
8125  0.000000  0.149883  0.000000  0.040768  0.035037  0.020843
8126  0.000000  0.149922  0.000000  0.040777  0.035049  0.020841
8127  0.000000  0.149962  0.000000  0.040787  0.035061  0.020839
8128  0.000000  0.150002  0.000000  0.040796  0.035073  0.020837
8129  0.000000  0.150042  0.000000  0.040805  0.035085  0.020835
8130  0.000000  0.150082  0.000000  0.040815  0.035097  0.020834
8131  0.000000  0.150122  0.000000  0.040824  0.035109  0.020832
8132  0.000000  0.150161  0.000000  0.040834  0.035121  0.020830
8133  0.000000  0.150201  0.000000  0.040843  0.035133  0.020828
8134  0.000000  0.150241  0.000000  0.040852  0.035145  0.020826
8135  0.000000  0.150280  0.000000  0.040862  0.035157  0.020824
8136  0.000000  0.150320  0.000000  0.040871  0.035169  0.020822
8137  0.000000  0.150359  0.000000  0.040881  0.035181  0.020820
8138  0.000000  0.150399  0.000000  0.040890  0.035193  0.020819
8139  0.000000  0.150438  0.000000  0.040899  0.035205  0.020817
8140  0.000000  0.150478  0.000000  0.040909  0.035217  0.020815
8141  0.000000  0.150517  0.000000  0.040918  0.035229  0.020813
8142  0.000000  0.150556  0.000000  0.040927  0.035241  0.020811
8143  0.000000  0.150596  0.000000  0.040937  0.035253  0.020809
8144  0.000000  0.150635  0.000000  0.040946  0.035265  0.020807
8145  0.000000  0.150674  0.000000  0.040955  0.035277  0.020806
8146  0.000000  0.150713  0.000000  0.040965  0.035289  0.020804
8147  0.000000  0.150752  0.000000  0.040974  0.035301  0.020802
8148  0.000000  0.150792  0.000000  0.040983  0.035313  0.020800
8149  0.000000  0.150831  0.000000  0.040992  0.035324  0.020798
8150  0.000000  0.150870  0.000000  0.041002  0.035336  0.020796
8151  0.000000  0.150909  0.000000  0.041011  0.035348  0.020794
8152  0.000000  0.150948  0.000000  0.041020  0.035360  0.020793
8153  0.000000  0.150987  0.000000  0.041029  0.035372  0.020791
8154  0.000000  0.151025  0.000000  0.041039  0.035383  0.020789
8155  0.000000  0.151064  0.000000  0.041048  0.035395  0.020787
8156  0.000000  0.151103  0.000000  0.041057  0.035407  0.020785
8157  0.000000  0.151142  0.000000  0.041066  0.035419  0.020783
8158  0.000000  0.151181  0.000000  0.041076  0.035431  0.020782
8159  0.000000  0.151219  0.000000  0.041085  0.035442  0.020780
8160  0.000000  0.151258  0.000000  0.041094  0.035454  0.020778
8161  0.000000  0.151297  0.000000  0.041103  0.035466  0.020776
8162  0.000000  0.151335  0.000000  0.041112  0.035477  0.020774
8163  0.000000  0.151374  0.000000  0.041121  0.035489  0.020773
8164  0.000000  0.151412  0.000000  0.041131  0.035501  0.020771
8165  0.000000  0.151451  0.000000  0.041140  0.035512  0.020769
8166  0.000000  0.151489  0.000000  0.041149  0.035524  0.020767
8167  0.000000  0.151528  0.000000  0.041158  0.035536  0.020765
8168  0.000000  0.151566  0.000000  0.041167  0.035547  0.020764
8169  0.000000  0.151604  0.000000  0.041176  0.035559  0.020762
8170  0.000000  0.151643  0.000000  0.041185  0.035571  0.020760
8171  0.000000  0.151681  0.000000  0.041195  0.035582  0.020758
8172  0.000000  0.151719  0.000000  0.041204  0.035594  0.020756
8173  0.000000  0.151757  0.000000  0.041213  0.035605  0.020754
8174  0.000000  0.151796  0.000000  0.041222  0.035617  0.020753
8175  0.000000  0.151834  0.000000  0.041231  0.035628  0.020751
8176  0.000000  0.151872  0.000000  0.041240  0.035640  0.020749
8177  0.000000  0.151910  0.000000  0.041249  0.035652  0.020747
8178  0.000000  0.151948  0.000000  0.041258  0.035663  0.020746
8179  0.000000  0.151986  0.000000  0.041267  0.035675  0.020744
8180  0.000000  0.152024  0.000000  0.041276  0.035686  0.020742
8181  0.000000  0.152062  0.000000  0.041285  0.035698  0.020740
8182  0.000000  0.152099  0.000000  0.041294  0.035709  0.020738
8183  0.000000  0.152137  0.000000  0.041303  0.035720  0.020737
8184  0.000000  0.152175  0.000000  0.041312  0.035732  0.020735
8185  0.000000  0.152213  0.000000  0.041321  0.035743  0.020733
8186  0.000000  0.152250  0.000000  0.041330  0.035755  0.020731
8187  0.000000  0.152288  0.000000  0.041339  0.035766  0.020730
8188  0.000000  0.152326  0.000000  0.041348  0.035778  0.020728
8189  0.000000  0.152363  0.000000  0.041357  0.035789  0.020726
8190  0.000000  0.152401  0.000000  0.041366  0.035800  0.020724
8191  0.000000  0.152438  0.000000  0.041375  0.035812  0.020723
8192  0.000000  0.152476  0.000000  0.041384  0.035823  0.020721
8193  0.000000  0.152513  0.000000  0.041393  0.035834  0.020719
8194  0.000000  0.152551  0.000000  0.041402  0.035846  0.020717
8195  0.000000  0.152588  0.000000  0.041411  0.035857  0.020715
8196  0.000000  0.152625  0.000000  0.041420  0.035868  0.020714
8197  0.000000  0.152663  0.000000  0.041429  0.035880  0.020712
8198  0.000000  0.152700  0.000000  0.041438  0.035891  0.020710
8199  0.000000  0.152737  0.000000  0.041447  0.035902  0.020709
8200  0.000000  0.152774  0.000000  0.041455  0.035914  0.020707
8201  0.000000  0.152811  0.000000  0.041464  0.035925  0.020705
8202  0.000000  0.152849  0.000000  0.041473  0.035936  0.020703
8203  0.000000  0.152886  0.000000  0.041482  0.035947  0.020702
8204  0.000000  0.152923  0.000000  0.041491  0.035958  0.020700
8205  0.000000  0.152960  0.000000  0.041500  0.035970  0.020698
8206  0.000000  0.152997  0.000000  0.041509  0.035981  0.020696
8207  0.000000  0.153033  0.000000  0.041517  0.035992  0.020695
8208  0.000000  0.153070  0.000000  0.041526  0.036003  0.020693
8209  0.000000  0.153107  0.000000  0.041535  0.036014  0.020691
8210  0.000000  0.153144  0.000000  0.041544  0.036025  0.020689
8211  0.000000  0.153181  0.000000  0.041553  0.036037  0.020688
8212  0.000000  0.153217  0.000000  0.041561  0.036048  0.020686
8213  0.000000  0.153254  0.000000  0.041570  0.036059  0.020684
8214  0.000000  0.153291  0.000000  0.041579  0.036070  0.020683
8215  0.000000  0.153327  0.000000  0.041588  0.036081  0.020681
8216  0.000000  0.153364  0.000000  0.041597  0.036092  0.020679
8217  0.000000  0.153401  0.000000  0.041605  0.036103  0.020677
8218  0.000000  0.153437  0.000000  0.041614  0.036114  0.020676
8219  0.000000  0.153473  0.000000  0.041623  0.036125  0.020674
8220  0.000000  0.153510  0.000000  0.041631  0.036136  0.020672
8221  0.000000  0.153546  0.000000  0.041640  0.036147  0.020671
8222  0.000000  0.153583  0.000000  0.041649  0.036158  0.020669
8223  0.000000  0.153619  0.000000  0.041658  0.036169  0.020667
8224  0.000000  0.153655  0.000000  0.041666  0.036180  0.020666
8225  0.000000  0.153691  0.000000  0.041675  0.036191  0.020664
8226  0.000000  0.153728  0.000000  0.041684  0.036202  0.020662
8227  0.000000  0.153764  0.000000  0.041692  0.036213  0.020660
8228  0.000000  0.153800  0.000000  0.041701  0.036224  0.020659
8229  0.000000  0.153836  0.000000  0.041710  0.036235  0.020657
8230  0.000000  0.153872  0.000000  0.041718  0.036246  0.020655
8231  0.000000  0.153908  0.000000  0.041727  0.036257  0.020654
8232  0.000000  0.153944  0.000000  0.041736  0.036268  0.020652
8233  0.000000  0.153980  0.000000  0.041744  0.036279  0.020650
8234  0.000000  0.154016  0.000000  0.041753  0.036289  0.020649
8235  0.000000  0.154052  0.000000  0.041761  0.036300  0.020647
8236  0.000000  0.154087  0.000000  0.041770  0.036311  0.020645
8237  0.000000  0.154123  0.000000  0.041779  0.036322  0.020644
8238  0.000000  0.154159  0.000000  0.041787  0.036333  0.020642
8239  0.000000  0.154195  0.000000  0.041796  0.036344  0.020640
8240  0.000000  0.154230  0.000000  0.041804  0.036354  0.020639
8241  0.000000  0.154266  0.000000  0.041813  0.036365  0.020637
8242  0.000000  0.154302  0.000000  0.041821  0.036376  0.020635
8243  0.000000  0.154337  0.000000  0.041830  0.036387  0.020634
8244  0.000000  0.154373  0.000000  0.041838  0.036397  0.020632
8245  0.000000  0.154408  0.000000  0.041847  0.036408  0.020630
8246  0.000000  0.154443  0.000000  0.041856  0.036419  0.020629
8247  0.000000  0.154479  0.000000  0.041864  0.036430  0.020627
8248  0.000000  0.154514  0.000000  0.041873  0.036440  0.020626
8249  0.000000  0.154550  0.000000  0.041881  0.036451  0.020624
8250  0.000000  0.154585  0.000000  0.041890  0.036462  0.020622
8251  0.000000  0.154620  0.000000  0.041898  0.036472  0.020621
8252  0.000000  0.154655  0.000000  0.041906  0.036483  0.020619
8253  0.000000  0.154690  0.000000  0.041915  0.036494  0.020617
8254  0.000000  0.154726  0.000000  0.041923  0.036504  0.020616
8255  0.000000  0.154761  0.000000  0.041932  0.036515  0.020614
8256  0.000000  0.154796  0.000000  0.041940  0.036526  0.020612
8257  0.000000  0.154831  0.000000  0.041949  0.036536  0.020611
8258  0.000000  0.154866  0.000000  0.041957  0.036547  0.020609
8259  0.000000  0.154901  0.000000  0.041966  0.036557  0.020608
8260  0.000000  0.154935  0.000000  0.041974  0.036568  0.020606
8261  0.000000  0.154970  0.000000  0.041982  0.036578  0.020604
8262  0.000000  0.155005  0.000000  0.041991  0.036589  0.020603
8263  0.000000  0.155040  0.000000  0.041999  0.036599  0.020601
8264  0.000000  0.155075  0.000000  0.042007  0.036610  0.020599
8265  0.000000  0.155109  0.000000  0.042016  0.036620  0.020598
8266  0.000000  0.155144  0.000000  0.042024  0.036631  0.020596
8267  0.000000  0.155179  0.000000  0.042032  0.036641  0.020595
8268  0.000000  0.155213  0.000000  0.042041  0.036652  0.020593
8269  0.000000  0.155248  0.000000  0.042049  0.036662  0.020591
8270  0.000000  0.155282  0.000000  0.042057  0.036673  0.020590
8271  0.000000  0.155317  0.000000  0.042066  0.036683  0.020588
8272  0.000000  0.155351  0.000000  0.042074  0.036694  0.020587
8273  0.000000  0.155386  0.000000  0.042082  0.036704  0.020585
8274  0.000000  0.155420  0.000000  0.042091  0.036714  0.020583
8275  0.000000  0.155454  0.000000  0.042099  0.036725  0.020582
8276  0.000000  0.155489  0.000000  0.042107  0.036735  0.020580
8277  0.000000  0.155523  0.000000  0.042115  0.036746  0.020579
8278  0.000000  0.155557  0.000000  0.042124  0.036756  0.020577
8279  0.000000  0.155591  0.000000  0.042132  0.036766  0.020575
8280  0.000000  0.155625  0.000000  0.042140  0.036777  0.020574
8281  0.000000  0.155659  0.000000  0.042148  0.036787  0.020572
8282  0.000000  0.155693  0.000000  0.042157  0.036797  0.020571
8283  0.000000  0.155727  0.000000  0.042165  0.036807  0.020569
8284  0.000000  0.155761  0.000000  0.042173  0.036818  0.020568
8285  0.000000  0.155795  0.000000  0.042181  0.036828  0.020566
8286  0.000000  0.155829  0.000000  0.042189  0.036838  0.020564
8287  0.000000  0.155863  0.000000  0.042198  0.036848  0.020563
8288  0.000000  0.155897  0.000000  0.042206  0.036859  0.020561
8289  0.000000  0.155931  0.000000  0.042214  0.036869  0.020560
8290  0.000000  0.155964  0.000000  0.042222  0.036879  0.020558
8291  0.000000  0.155998  0.000000  0.042230  0.036889  0.020557
8292  0.000000  0.156032  0.000000  0.042238  0.036899  0.020555
8293  0.000000  0.156065  0.000000  0.042246  0.036910  0.020554
8294  0.000000  0.156099  0.000000  0.042255  0.036920  0.020552
8295  0.000000  0.156133  0.000000  0.042263  0.036930  0.020550
8296  0.000000  0.156166  0.000000  0.042271  0.036940  0.020549
8297  0.000000  0.156200  0.000000  0.042279  0.036950  0.020547
8298  0.000000  0.156233  0.000000  0.042287  0.036960  0.020546
8299  0.000000  0.156266  0.000000  0.042295  0.036970  0.020544
8300  0.000000  0.156300  0.000000  0.042303  0.036980  0.020543
8301  0.000000  0.156333  0.000000  0.042311  0.036991  0.020541
8302  0.000000  0.156366  0.000000  0.042319  0.037001  0.020540
8303  0.000000  0.156400  0.000000  0.042327  0.037011  0.020538
8304  0.000000  0.156433  0.000000  0.042335  0.037021  0.020537
8305  0.000000  0.156466  0.000000  0.042343  0.037031  0.020535
8306  0.000000  0.156499  0.000000  0.042351  0.037041  0.020533
8307  0.000000  0.156532  0.000000  0.042359  0.037051  0.020532
8308  0.000000  0.156565  0.000000  0.042367  0.037061  0.020530
8309  0.000000  0.156598  0.000000  0.042375  0.037071  0.020529
8310  0.000000  0.156631  0.000000  0.042383  0.037081  0.020527
8311  0.000000  0.156664  0.000000  0.042391  0.037091  0.020526
8312  0.000000  0.156697  0.000000  0.042399  0.037101  0.020524
8313  0.000000  0.156730  0.000000  0.042407  0.037110  0.020523
8314  0.000000  0.156763  0.000000  0.042415  0.037120  0.020521
8315  0.000000  0.156795  0.000000  0.042423  0.037130  0.020520
8316  0.000000  0.156828  0.000000  0.042431  0.037140  0.020518
8317  0.000000  0.156861  0.000000  0.042439  0.037150  0.020517
8318  0.000000  0.156893  0.000000  0.042447  0.037160  0.020515
8319  0.000000  0.156926  0.000000  0.042455  0.037170  0.020514
8320  0.000000  0.156959  0.000000  0.042463  0.037180  0.020512
8321  0.000000  0.156991  0.000000  0.042471  0.037189  0.020511
8322  0.000000  0.157024  0.000000  0.042478  0.037199  0.020509
8323  0.000000  0.157056  0.000000  0.042486  0.037209  0.020508
8324  0.000000  0.157088  0.000000  0.042494  0.037219  0.020506
8325  0.000000  0.157121  0.000000  0.042502  0.037229  0.020505
8326  0.000000  0.157153  0.000000  0.042510  0.037238  0.020503
8327  0.000000  0.157186  0.000000  0.042518  0.037248  0.020502
8328  0.000000  0.157218  0.000000  0.042525  0.037258  0.020500
8329  0.000000  0.157250  0.000000  0.042533  0.037268  0.020499
8330  0.000000  0.157282  0.000000  0.042541  0.037277  0.020497
8331  0.000000  0.157314  0.000000  0.042549  0.037287  0.020496
8332  0.000000  0.157346  0.000000  0.042557  0.037297  0.020494
8333  0.000000  0.157378  0.000000  0.042564  0.037307  0.020493
8334  0.000000  0.157411  0.000000  0.042572  0.037316  0.020491
8335  0.000000  0.157442  0.000000  0.042580  0.037326  0.020490
8336  0.000000  0.157474  0.000000  0.042588  0.037335  0.020489
8337  0.000000  0.157506  0.000000  0.042596  0.037345  0.020487
8338  0.000000  0.157538  0.000000  0.042603  0.037355  0.020486
8339  0.000000  0.157570  0.000000  0.042611  0.037364  0.020484
8340  0.000000  0.157602  0.000000  0.042619  0.037374  0.020483
8341  0.000000  0.157634  0.000000  0.042626  0.037384  0.020481
8342  0.000000  0.157665  0.000000  0.042634  0.037393  0.020480
8343  0.000000  0.157697  0.000000  0.042642  0.037403  0.020478
8344  0.000000  0.157729  0.000000  0.042649  0.037412  0.020477
8345  0.000000  0.157760  0.000000  0.042657  0.037422  0.020475
8346  0.000000  0.157792  0.000000  0.042665  0.037431  0.020474
8347  0.000000  0.157823  0.000000  0.042672  0.037441  0.020472
8348  0.000000  0.157855  0.000000  0.042680  0.037450  0.020471
8349  0.000000  0.157886  0.000000  0.042688  0.037460  0.020470
8350  0.000000  0.157918  0.000000  0.042695  0.037469  0.020468
8351  0.000000  0.157949  0.000000  0.042703  0.037479  0.020467
8352  0.000000  0.157980  0.000000  0.042711  0.037488  0.020465
8353  0.000000  0.158012  0.000000  0.042718  0.037498  0.020464
8354  0.000000  0.158043  0.000000  0.042726  0.037507  0.020462
8355  0.000000  0.158074  0.000000  0.042733  0.037517  0.020461
8356  0.000000  0.158105  0.000000  0.042741  0.037526  0.020460
8357  0.000000  0.158136  0.000000  0.042749  0.037535  0.020458
8358  0.000000  0.158167  0.000000  0.042756  0.037545  0.020457
8359  0.000000  0.158198  0.000000  0.042764  0.037554  0.020455
8360  0.000000  0.158229  0.000000  0.042771  0.037564  0.020454
8361  0.000000  0.158260  0.000000  0.042779  0.037573  0.020452
8362  0.000000  0.158291  0.000000  0.042786  0.037582  0.020451
8363  0.000000  0.158322  0.000000  0.042794  0.037592  0.020450
8364  0.000000  0.158353  0.000000  0.042801  0.037601  0.020448
8365  0.000000  0.158384  0.000000  0.042809  0.037610  0.020447
8366  0.000000  0.158415  0.000000  0.042816  0.037619  0.020445
8367  0.000000  0.158445  0.000000  0.042824  0.037629  0.020444
8368  0.000000  0.158476  0.000000  0.042831  0.037638  0.020443
8369  0.000000  0.158507  0.000000  0.042839  0.037647  0.020441
8370  0.000000  0.158537  0.000000  0.042846  0.037657  0.020440
8371  0.000000  0.158568  0.000000  0.042854  0.037666  0.020438
8372  0.000000  0.158598  0.000000  0.042861  0.037675  0.020437
8373  0.000000  0.158629  0.000000  0.042869  0.037684  0.020436
8374  0.000000  0.158659  0.000000  0.042876  0.037693  0.020434
8375  0.000000  0.158690  0.000000  0.042883  0.037703  0.020433
8376  0.000000  0.158720  0.000000  0.042891  0.037712  0.020431
8377  0.000000  0.158750  0.000000  0.042898  0.037721  0.020430
8378  0.000000  0.158781  0.000000  0.042906  0.037730  0.020429
8379  0.000000  0.158811  0.000000  0.042913  0.037739  0.020427
8380  0.000000  0.158841  0.000000  0.042920  0.037748  0.020426
8381  0.000000  0.158871  0.000000  0.042928  0.037757  0.020424
8382  0.000000  0.158901  0.000000  0.042935  0.037767  0.020423
8383  0.000000  0.158932  0.000000  0.042942  0.037776  0.020422
8384  0.000000  0.158962  0.000000  0.042950  0.037785  0.020420
8385  0.000000  0.158992  0.000000  0.042957  0.037794  0.020419
8386  0.000000  0.159022  0.000000  0.042964  0.037803  0.020418
8387  0.000000  0.159052  0.000000  0.042972  0.037812  0.020416
8388  0.000000  0.159081  0.000000  0.042979  0.037821  0.020415
8389  0.000000  0.159111  0.000000  0.042986  0.037830  0.020413
8390  0.000000  0.159141  0.000000  0.042993  0.037839  0.020412
8391  0.000000  0.159171  0.000000  0.043001  0.037848  0.020411
8392  0.000000  0.159201  0.000000  0.043008  0.037857  0.020409
8393  0.000000  0.159230  0.000000  0.043015  0.037866  0.020408
8394  0.000000  0.159260  0.000000  0.043022  0.037875  0.020407
8395  0.000000  0.159290  0.000000  0.043030  0.037884  0.020405
8396  0.000000  0.159319  0.000000  0.043037  0.037893  0.020404
8397  0.000000  0.159349  0.000000  0.043044  0.037902  0.020403
8398  0.000000  0.159378  0.000000  0.043051  0.037910  0.020401
8399  0.000000  0.159408  0.000000  0.043058  0.037919  0.020400
8400  0.000000  0.159437  0.000000  0.043066  0.037928  0.020399
8401  0.000000  0.159466  0.000000  0.043073  0.037937  0.020397
8402  0.000000  0.159496  0.000000  0.043080  0.037946  0.020396
8403  0.000000  0.159525  0.000000  0.043087  0.037955  0.020395
8404  0.000000  0.159554  0.000000  0.043094  0.037964  0.020393
8405  0.000000  0.159584  0.000000  0.043101  0.037972  0.020392
8406  0.000000  0.159613  0.000000  0.043109  0.037981  0.020391
8407  0.000000  0.159642  0.000000  0.043116  0.037990  0.020389
8408  0.000000  0.159671  0.000000  0.043123  0.037999  0.020388
8409  0.000000  0.159700  0.000000  0.043130  0.038008  0.020387
8410  0.000000  0.159729  0.000000  0.043137  0.038016  0.020385
8411  0.000000  0.159758  0.000000  0.043144  0.038025  0.020384
8412  0.000000  0.159787  0.000000  0.043151  0.038034  0.020383
8413  0.000000  0.159816  0.000000  0.043158  0.038043  0.020381
8414  0.000000  0.159845  0.000000  0.043165  0.038051  0.020380
8415  0.000000  0.159874  0.000000  0.043172  0.038060  0.020379
8416  0.000000  0.159902  0.000000  0.043179  0.038069  0.020377
8417  0.000000  0.159931  0.000000  0.043186  0.038077  0.020376
8418  0.000000  0.159960  0.000000  0.043193  0.038086  0.020375
8419  0.000000  0.159988  0.000000  0.043200  0.038095  0.020373
8420  0.000000  0.160017  0.000000  0.043207  0.038103  0.020372
8421  0.000000  0.160046  0.000000  0.043214  0.038112  0.020371
8422  0.000000  0.160074  0.000000  0.043221  0.038120  0.020369
8423  0.000000  0.160103  0.000000  0.043228  0.038129  0.020368
8424  0.000000  0.160131  0.000000  0.043235  0.038138  0.020367
8425  0.000000  0.160160  0.000000  0.043242  0.038146  0.020366
8426  0.000000  0.160188  0.000000  0.043249  0.038155  0.020364
8427  0.000000  0.160216  0.000000  0.043256  0.038163  0.020363
8428  0.000000  0.160245  0.000000  0.043263  0.038172  0.020362
8429  0.000000  0.160273  0.000000  0.043270  0.038180  0.020360
8430  0.000000  0.160301  0.000000  0.043277  0.038189  0.020359
8431  0.000000  0.160329  0.000000  0.043284  0.038197  0.020358
8432  0.000000  0.160357  0.000000  0.043291  0.038206  0.020357
8433  0.000000  0.160385  0.000000  0.043298  0.038214  0.020355
8434  0.000000  0.160413  0.000000  0.043304  0.038223  0.020354
8435  0.000000  0.160442  0.000000  0.043311  0.038231  0.020353
8436  0.000000  0.160469  0.000000  0.043318  0.038240  0.020351
8437  0.000000  0.160497  0.000000  0.043325  0.038248  0.020350
8438  0.000000  0.160525  0.000000  0.043332  0.038257  0.020349
8439  0.000000  0.160553  0.000000  0.043339  0.038265  0.020348
8440  0.000000  0.160581  0.000000  0.043345  0.038273  0.020346
8441  0.000000  0.160609  0.000000  0.043352  0.038282  0.020345
8442  0.000000  0.160636  0.000000  0.043359  0.038290  0.020344
8443  0.000000  0.160664  0.000000  0.043366  0.038298  0.020343
8444  0.000000  0.160692  0.000000  0.043373  0.038307  0.020341
8445  0.000000  0.160719  0.000000  0.043379  0.038315  0.020340
8446  0.000000  0.160747  0.000000  0.043386  0.038323  0.020339
8447  0.000000  0.160775  0.000000  0.043393  0.038332  0.020338
8448  0.000000  0.160802  0.000000  0.043400  0.038340  0.020336
8449  0.000000  0.160830  0.000000  0.043406  0.038348  0.020335
8450  0.000000  0.160857  0.000000  0.043413  0.038357  0.020334
8451  0.000000  0.160884  0.000000  0.043420  0.038365  0.020333
8452  0.000000  0.160912  0.000000  0.043427  0.038373  0.020331
8453  0.000000  0.160939  0.000000  0.043433  0.038381  0.020330
8454  0.000000  0.160966  0.000000  0.043440  0.038390  0.020329
8455  0.000000  0.160993  0.000000  0.043447  0.038398  0.020328
8456  0.000000  0.161021  0.000000  0.043453  0.038406  0.020326
8457  0.000000  0.161048  0.000000  0.043460  0.038414  0.020325
8458  0.000000  0.161075  0.000000  0.043467  0.038422  0.020324
8459  0.000000  0.161102  0.000000  0.043473  0.038431  0.020323
8460  0.000000  0.161129  0.000000  0.043480  0.038439  0.020321
8461  0.000000  0.161156  0.000000  0.043486  0.038447  0.020320
8462  0.000000  0.161183  0.000000  0.043493  0.038455  0.020319
8463  0.000000  0.161210  0.000000  0.043500  0.038463  0.020318
8464  0.000000  0.161236  0.000000  0.043506  0.038471  0.020317
8465  0.000000  0.161263  0.000000  0.043513  0.038479  0.020315
8466  0.000000  0.161290  0.000000  0.043519  0.038487  0.020314
8467  0.000000  0.161317  0.000000  0.043526  0.038495  0.020313
8468  0.000000  0.161343  0.000000  0.043532  0.038503  0.020312
8469  0.000000  0.161370  0.000000  0.043539  0.038511  0.020311
8470  0.000000  0.161397  0.000000  0.043546  0.038519  0.020309
8471  0.000000  0.161423  0.000000  0.043552  0.038527  0.020308
8472  0.000000  0.161450  0.000000  0.043559  0.038535  0.020307
8473  0.000000  0.161476  0.000000  0.043565  0.038543  0.020306
8474  0.000000  0.161503  0.000000  0.043572  0.038551  0.020305
8475  0.000000  0.161529  0.000000  0.043578  0.038559  0.020303
8476  0.000000  0.161556  0.000000  0.043585  0.038567  0.020302
8477  0.000000  0.161582  0.000000  0.043591  0.038575  0.020301
8478  0.000000  0.161608  0.000000  0.043597  0.038583  0.020300
8479  0.000000  0.161634  0.000000  0.043604  0.038591  0.020299
8480  0.000000  0.161661  0.000000  0.043610  0.038599  0.020297
8481  0.000000  0.161687  0.000000  0.043617  0.038607  0.020296
8482  0.000000  0.161713  0.000000  0.043623  0.038615  0.020295
8483  0.000000  0.161739  0.000000  0.043630  0.038623  0.020294
8484  0.000000  0.161765  0.000000  0.043636  0.038630  0.020293
8485  0.000000  0.161791  0.000000  0.043642  0.038638  0.020291
8486  0.000000  0.161817  0.000000  0.043649  0.038646  0.020290
8487  0.000000  0.161843  0.000000  0.043655  0.038654  0.020289
8488  0.000000  0.161869  0.000000  0.043662  0.038662  0.020288
8489  0.000000  0.161895  0.000000  0.043668  0.038670  0.020287
8490  0.000000  0.161920  0.000000  0.043674  0.038677  0.020286
8491  0.000000  0.161946  0.000000  0.043681  0.038685  0.020284
8492  0.000000  0.161972  0.000000  0.043687  0.038693  0.020283
8493  0.000000  0.161997  0.000000  0.043693  0.038701  0.020282
8494  0.000000  0.162023  0.000000  0.043700  0.038708  0.020281
8495  0.000000  0.162049  0.000000  0.043706  0.038716  0.020280
8496  0.000000  0.162074  0.000000  0.043712  0.038724  0.020279
8497  0.000000  0.162100  0.000000  0.043718  0.038731  0.020277
8498  0.000000  0.162125  0.000000  0.043725  0.038739  0.020276
8499  0.000000  0.162151  0.000000  0.043731  0.038747  0.020275
8500  0.000000  0.162176  0.000000  0.043737  0.038754  0.020274
8501  0.000000  0.162201  0.000000  0.043743  0.038762  0.020273
8502  0.000000  0.162227  0.000000  0.043750  0.038770  0.020272
8503  0.000000  0.162252  0.000000  0.043756  0.038777  0.020271
8504  0.000000  0.162277  0.000000  0.043762  0.038785  0.020269
8505  0.000000  0.162302  0.000000  0.043768  0.038792  0.020268
8506  0.000000  0.162327  0.000000  0.043774  0.038800  0.020267
8507  0.000000  0.162353  0.000000  0.043781  0.038808  0.020266
8508  0.000000  0.162378  0.000000  0.043787  0.038815  0.020265
8509  0.000000  0.162403  0.000000  0.043793  0.038823  0.020264
8510  0.000000  0.162428  0.000000  0.043799  0.038830  0.020263
8511  0.000000  0.162453  0.000000  0.043805  0.038838  0.020262
8512  0.000000  0.162477  0.000000  0.043811  0.038845  0.020260
8513  0.000000  0.162502  0.000000  0.043818  0.038853  0.020259
8514  0.000000  0.162527  0.000000  0.043824  0.038860  0.020258
8515  0.000000  0.162552  0.000000  0.043830  0.038868  0.020257
8516  0.000000  0.162577  0.000000  0.043836  0.038875  0.020256
8517  0.000000  0.162601  0.000000  0.043842  0.038883  0.020255
8518  0.000000  0.162626  0.000000  0.043848  0.038890  0.020254
8519  0.000000  0.162651  0.000000  0.043854  0.038897  0.020253
8520  0.000000  0.162675  0.000000  0.043860  0.038905  0.020251
8521  0.000000  0.162700  0.000000  0.043866  0.038912  0.020250
8522  0.000000  0.162724  0.000000  0.043872  0.038920  0.020249
8523  0.000000  0.162749  0.000000  0.043878  0.038927  0.020248
8524  0.000000  0.162773  0.000000  0.043884  0.038934  0.020247
8525  0.000000  0.162797  0.000000  0.043890  0.038942  0.020246
8526  0.000000  0.162822  0.000000  0.043896  0.038949  0.020245
8527  0.000000  0.162846  0.000000  0.043902  0.038956  0.020244
8528  0.000000  0.162870  0.000000  0.043908  0.038964  0.020243
8529  0.000000  0.162894  0.000000  0.043914  0.038971  0.020242
8530  0.000000  0.162919  0.000000  0.043920  0.038978  0.020241
8531  0.000000  0.162943  0.000000  0.043926  0.038985  0.020239
8532  0.000000  0.162967  0.000000  0.043932  0.038993  0.020238
8533  0.000000  0.162991  0.000000  0.043938  0.039000  0.020237
8534  0.000000  0.163015  0.000000  0.043944  0.039007  0.020236
8535  0.000000  0.163039  0.000000  0.043950  0.039014  0.020235
8536  0.000000  0.163063  0.000000  0.043956  0.039022  0.020234
8537  0.000000  0.163087  0.000000  0.043962  0.039029  0.020233
8538  0.000000  0.163110  0.000000  0.043967  0.039036  0.020232
8539  0.000000  0.163134  0.000000  0.043973  0.039043  0.020231
8540  0.000000  0.163158  0.000000  0.043979  0.039050  0.020230
8541  0.000000  0.163182  0.000000  0.043985  0.039057  0.020229
8542  0.000000  0.163205  0.000000  0.043991  0.039065  0.020228
8543  0.000000  0.163229  0.000000  0.043997  0.039072  0.020227
8544  0.000000  0.163253  0.000000  0.044003  0.039079  0.020225
8545  0.000000  0.163276  0.000000  0.044008  0.039086  0.020224
8546  0.000000  0.163300  0.000000  0.044014  0.039093  0.020223
8547  0.000000  0.163323  0.000000  0.044020  0.039100  0.020222
8548  0.000000  0.163347  0.000000  0.044026  0.039107  0.020221
8549  0.000000  0.163370  0.000000  0.044032  0.039114  0.020220
8550  0.000000  0.163393  0.000000  0.044037  0.039121  0.020219
8551  0.000000  0.163417  0.000000  0.044043  0.039128  0.020218
8552  0.000000  0.163440  0.000000  0.044049  0.039135  0.020217
8553  0.000000  0.163463  0.000000  0.044055  0.039142  0.020216
8554  0.000000  0.163486  0.000000  0.044060  0.039149  0.020215
8555  0.000000  0.163509  0.000000  0.044066  0.039156  0.020214
8556  0.000000  0.163532  0.000000  0.044072  0.039163  0.020213
8557  0.000000  0.163555  0.000000  0.044077  0.039170  0.020212
8558  0.000000  0.163579  0.000000  0.044083  0.039177  0.020211
8559  0.000000  0.163601  0.000000  0.044089  0.039184  0.020210
8560  0.000000  0.163624  0.000000  0.044094  0.039191  0.020209
8561  0.000000  0.163647  0.000000  0.044100  0.039198  0.020208
8562  0.000000  0.163670  0.000000  0.044106  0.039205  0.020207
8563  0.000000  0.163693  0.000000  0.044111  0.039211  0.020206
8564  0.000000  0.163716  0.000000  0.044117  0.039218  0.020205
8565  0.000000  0.163738  0.000000  0.044123  0.039225  0.020204
8566  0.000000  0.163761  0.000000  0.044128  0.039232  0.020203
8567  0.000000  0.163784  0.000000  0.044134  0.039239  0.020202
8568  0.000000  0.163806  0.000000  0.044139  0.039246  0.020201
8569  0.000000  0.163829  0.000000  0.044145  0.039252  0.020200
8570  0.000000  0.163851  0.000000  0.044150  0.039259  0.020199
8571  0.000000  0.163874  0.000000  0.044156  0.039266  0.020198
8572  0.000000  0.163896  0.000000  0.044162  0.039273  0.020196
8573  0.000000  0.163919  0.000000  0.044167  0.039279  0.020195
8574  0.000000  0.163941  0.000000  0.044173  0.039286  0.020194
8575  0.000000  0.163963  0.000000  0.044178  0.039293  0.020193
8576  0.000000  0.163986  0.000000  0.044184  0.039300  0.020192
8577  0.000000  0.164008  0.000000  0.044189  0.039306  0.020191
8578  0.000000  0.164030  0.000000  0.044195  0.039313  0.020190
8579  0.000000  0.164052  0.000000  0.044200  0.039320  0.020189
8580  0.000000  0.164074  0.000000  0.044206  0.039326  0.020189
8581  0.000000  0.164096  0.000000  0.044211  0.039333  0.020188
8582  0.000000  0.164118  0.000000  0.044217  0.039340  0.020187
8583  0.000000  0.164140  0.000000  0.044222  0.039346  0.020186
8584  0.000000  0.164162  0.000000  0.044227  0.039353  0.020185
8585  0.000000  0.164184  0.000000  0.044233  0.039359  0.020184
8586  0.000000  0.164206  0.000000  0.044238  0.039366  0.020183
8587  0.000000  0.164228  0.000000  0.044244  0.039373  0.020182
8588  0.000000  0.164250  0.000000  0.044249  0.039379  0.020181
8589  0.000000  0.164271  0.000000  0.044254  0.039386  0.020180
8590  0.000000  0.164293  0.000000  0.044260  0.039392  0.020179
8591  0.000000  0.164315  0.000000  0.044265  0.039399  0.020178
8592  0.000000  0.164336  0.000000  0.044270  0.039405  0.020177
8593  0.000000  0.164358  0.000000  0.044276  0.039412  0.020176
8594  0.000000  0.164379  0.000000  0.044281  0.039418  0.020175
8595  0.000000  0.164401  0.000000  0.044286  0.039425  0.020174
8596  0.000000  0.164422  0.000000  0.044292  0.039431  0.020173
8597  0.000000  0.164444  0.000000  0.044297  0.039438  0.020172
8598  0.000000  0.164465  0.000000  0.044302  0.039444  0.020171
8599  0.000000  0.164486  0.000000  0.044308  0.039450  0.020170
8600  0.000000  0.164508  0.000000  0.044313  0.039457  0.020169
8601  0.000000  0.164529  0.000000  0.044318  0.039463  0.020168
8602  0.000000  0.164550  0.000000  0.044323  0.039470  0.020167
8603  0.000000  0.164571  0.000000  0.044329  0.039476  0.020166
8604  0.000000  0.164592  0.000000  0.044334  0.039482  0.020165
8605  0.000000  0.164613  0.000000  0.044339  0.039489  0.020164
8606  0.000000  0.164634  0.000000  0.044344  0.039495  0.020163
8607  0.000000  0.164655  0.000000  0.044350  0.039501  0.020162
8608  0.000000  0.164676  0.000000  0.044355  0.039508  0.020161
8609  0.000000  0.164697  0.000000  0.044360  0.039514  0.020161
8610  0.000000  0.164718  0.000000  0.044365  0.039520  0.020160
8611  0.000000  0.164739  0.000000  0.044370  0.039526  0.020159
8612  0.000000  0.164760  0.000000  0.044375  0.039533  0.020158
8613  0.000000  0.164780  0.000000  0.044380  0.039539  0.020157
8614  0.000000  0.164801  0.000000  0.044386  0.039545  0.020156
8615  0.000000  0.164822  0.000000  0.044391  0.039551  0.020155
8616  0.000000  0.164842  0.000000  0.044396  0.039558  0.020154
8617  0.000000  0.164863  0.000000  0.044401  0.039564  0.020153
8618  0.000000  0.164884  0.000000  0.044406  0.039570  0.020152
8619  0.000000  0.164904  0.000000  0.044411  0.039576  0.020151
8620  0.000000  0.164924  0.000000  0.044416  0.039582  0.020150
8621  0.000000  0.164945  0.000000  0.044421  0.039588  0.020149
8622  0.000000  0.164965  0.000000  0.044426  0.039595  0.020149
8623  0.000000  0.164986  0.000000  0.044431  0.039601  0.020148
8624  0.000000  0.165006  0.000000  0.044436  0.039607  0.020147
8625  0.000000  0.165026  0.000000  0.044441  0.039613  0.020146
8626  0.000000  0.165046  0.000000  0.044446  0.039619  0.020145
8627  0.000000  0.165066  0.000000  0.044451  0.039625  0.020144
8628  0.000000  0.165086  0.000000  0.044456  0.039631  0.020143
8629  0.000000  0.165107  0.000000  0.044461  0.039637  0.020142
8630  0.000000  0.165127  0.000000  0.044466  0.039643  0.020141
8631  0.000000  0.165147  0.000000  0.044471  0.039649  0.020140
8632  0.000000  0.165167  0.000000  0.044476  0.039655  0.020140
8633  0.000000  0.165186  0.000000  0.044481  0.039661  0.020139
8634  0.000000  0.165206  0.000000  0.044486  0.039667  0.020138
8635  0.000000  0.165226  0.000000  0.044491  0.039673  0.020137
8636  0.000000  0.165246  0.000000  0.044496  0.039679  0.020136
8637  0.000000  0.165266  0.000000  0.044501  0.039685  0.020135
8638  0.000000  0.165285  0.000000  0.044506  0.039691  0.020134
8639  0.000000  0.165305  0.000000  0.044511  0.039697  0.020133
8640  0.000000  0.165325  0.000000  0.044515  0.039703  0.020132
8641  0.000000  0.165344  0.000000  0.044520  0.039709  0.020132
8642  0.000000  0.165364  0.000000  0.044525  0.039715  0.020131
8643  0.000000  0.165383  0.000000  0.044530  0.039720  0.020130
8644  0.000000  0.165403  0.000000  0.044535  0.039726  0.020129
8645  0.000000  0.165422  0.000000  0.044540  0.039732  0.020128
8646  0.000000  0.165441  0.000000  0.044544  0.039738  0.020127
8647  0.000000  0.165461  0.000000  0.044549  0.039744  0.020126
8648  0.000000  0.165480  0.000000  0.044554  0.039750  0.020126
8649  0.000000  0.165499  0.000000  0.044559  0.039755  0.020125
8650  0.000000  0.165518  0.000000  0.044564  0.039761  0.020124
8651  0.000000  0.165537  0.000000  0.044568  0.039767  0.020123
8652  0.000000  0.165557  0.000000  0.044573  0.039773  0.020122
8653  0.000000  0.165576  0.000000  0.044578  0.039778  0.020121
8654  0.000000  0.165595  0.000000  0.044583  0.039784  0.020120
8655  0.000000  0.165614  0.000000  0.044587  0.039790  0.020120
8656  0.000000  0.165633  0.000000  0.044592  0.039795  0.020119
8657  0.000000  0.165652  0.000000  0.044597  0.039801  0.020118
8658  0.000000  0.165670  0.000000  0.044601  0.039807  0.020117
8659  0.000000  0.165689  0.000000  0.044606  0.039812  0.020116
8660  0.000000  0.165708  0.000000  0.044611  0.039818  0.020115
8661  0.000000  0.165727  0.000000  0.044615  0.039824  0.020115
8662  0.000000  0.165745  0.000000  0.044620  0.039829  0.020114
8663  0.000000  0.165764  0.000000  0.044625  0.039835  0.020113
8664  0.000000  0.165783  0.000000  0.044629  0.039841  0.020112
8665  0.000000  0.165801  0.000000  0.044634  0.039846  0.020111
8666  0.000000  0.165820  0.000000  0.044638  0.039852  0.020110
8667  0.000000  0.165838  0.000000  0.044643  0.039857  0.020110
8668  0.000000  0.165857  0.000000  0.044648  0.039863  0.020109
8669  0.000000  0.165875  0.000000  0.044652  0.039868  0.020108
8670  0.000000  0.165893  0.000000  0.044657  0.039874  0.020107
8671  0.000000  0.165912  0.000000  0.044661  0.039879  0.020106
8672  0.000000  0.165930  0.000000  0.044666  0.039885  0.020105
8673  0.000000  0.165948  0.000000  0.044670  0.039890  0.020105
8674  0.000000  0.165966  0.000000  0.044675  0.039896  0.020104
8675  0.000000  0.165985  0.000000  0.044679  0.039901  0.020103
8676  0.000000  0.166003  0.000000  0.044684  0.039907  0.020102
8677  0.000000  0.166021  0.000000  0.044688  0.039912  0.020101
8678  0.000000  0.166039  0.000000  0.044693  0.039918  0.020101
8679  0.000000  0.166057  0.000000  0.044697  0.039923  0.020100
8680  0.000000  0.166075  0.000000  0.044702  0.039928  0.020099
8681  0.000000  0.166092  0.000000  0.044706  0.039934  0.020098
8682  0.000000  0.166110  0.000000  0.044711  0.039939  0.020097
8683  0.000000  0.166128  0.000000  0.044715  0.039945  0.020097
8684  0.000000  0.166146  0.000000  0.044720  0.039950  0.020096
8685  0.000000  0.166164  0.000000  0.044724  0.039955  0.020095
8686  0.000000  0.166181  0.000000  0.044728  0.039961  0.020094
8687  0.000000  0.166199  0.000000  0.044733  0.039966  0.020093
8688  0.000000  0.166217  0.000000  0.044737  0.039971  0.020093
8689  0.000000  0.166234  0.000000  0.044742  0.039976  0.020092
8690  0.000000  0.166252  0.000000  0.044746  0.039982  0.020091
8691  0.000000  0.166269  0.000000  0.044750  0.039987  0.020090
8692  0.000000  0.166287  0.000000  0.044755  0.039992  0.020090
8693  0.000000  0.166304  0.000000  0.044759  0.039997  0.020089
8694  0.000000  0.166321  0.000000  0.044763  0.040003  0.020088
8695  0.000000  0.166339  0.000000  0.044768  0.040008  0.020087
8696  0.000000  0.166356  0.000000  0.044772  0.040013  0.020086
8697  0.000000  0.166373  0.000000  0.044776  0.040018  0.020086
8698  0.000000  0.166390  0.000000  0.044780  0.040023  0.020085
8699  0.000000  0.166407  0.000000  0.044785  0.040029  0.020084
8700  0.000000  0.166424  0.000000  0.044789  0.040034  0.020083
8701  0.000000  0.166442  0.000000  0.044793  0.040039  0.020083
8702  0.000000  0.166459  0.000000  0.044797  0.040044  0.020082
8703  0.000000  0.166475  0.000000  0.044802  0.040049  0.020081
8704  0.000000  0.166492  0.000000  0.044806  0.040054  0.020080
8705  0.000000  0.166509  0.000000  0.044810  0.040059  0.020080
8706  0.000000  0.166526  0.000000  0.044814  0.040064  0.020079
8707  0.000000  0.166543  0.000000  0.044818  0.040069  0.020078
8708  0.000000  0.166560  0.000000  0.044823  0.040074  0.020077
8709  0.000000  0.166576  0.000000  0.044827  0.040079  0.020077
8710  0.000000  0.166593  0.000000  0.044831  0.040084  0.020076
8711  0.000000  0.166610  0.000000  0.044835  0.040089  0.020075
8712  0.000000  0.166626  0.000000  0.044839  0.040094  0.020074
8713  0.000000  0.166643  0.000000  0.044843  0.040099  0.020074
8714  0.000000  0.166659  0.000000  0.044847  0.040104  0.020073
8715  0.000000  0.166676  0.000000  0.044851  0.040109  0.020072
8716  0.000000  0.166692  0.000000  0.044856  0.040114  0.020072
8717  0.000000  0.166709  0.000000  0.044860  0.040119  0.020071
8718  0.000000  0.166725  0.000000  0.044864  0.040124  0.020070
8719  0.000000  0.166741  0.000000  0.044868  0.040129  0.020069
8720  0.000000  0.166757  0.000000  0.044872  0.040134  0.020069
8721  0.000000  0.166774  0.000000  0.044876  0.040139  0.020068
8722  0.000000  0.166790  0.000000  0.044880  0.040144  0.020067
8723  0.000000  0.166806  0.000000  0.044884  0.040149  0.020066
8724  0.000000  0.166822  0.000000  0.044888  0.040153  0.020066
8725  0.000000  0.166838  0.000000  0.044892  0.040158  0.020065
8726  0.000000  0.166854  0.000000  0.044896  0.040163  0.020064
8727  0.000000  0.166870  0.000000  0.044900  0.040168  0.020064
8728  0.000000  0.166886  0.000000  0.044904  0.040173  0.020063
8729  0.000000  0.166902  0.000000  0.044908  0.040177  0.020062
8730  0.000000  0.166918  0.000000  0.044912  0.040182  0.020061
8731  0.000000  0.166933  0.000000  0.044916  0.040187  0.020061
8732  0.000000  0.166949  0.000000  0.044920  0.040192  0.020060
8733  0.000000  0.166965  0.000000  0.044924  0.040196  0.020059
8734  0.000000  0.166981  0.000000  0.044927  0.040201  0.020059
8735  0.000000  0.166996  0.000000  0.044931  0.040206  0.020058
8736  0.000000  0.167012  0.000000  0.044935  0.040210  0.020057
8737  0.000000  0.167027  0.000000  0.044939  0.040215  0.020057
8738  0.000000  0.167043  0.000000  0.044943  0.040220  0.020056
8739  0.000000  0.167058  0.000000  0.044947  0.040224  0.020055
8740  0.000000  0.167074  0.000000  0.044951  0.040229  0.020055
8741  0.000000  0.167089  0.000000  0.044954  0.040234  0.020054
8742  0.000000  0.167104  0.000000  0.044958  0.040238  0.020053
8743  0.000000  0.167120  0.000000  0.044962  0.040243  0.020053
8744  0.000000  0.167135  0.000000  0.044966  0.040247  0.020052
8745  0.000000  0.167150  0.000000  0.044970  0.040252  0.020051
8746  0.000000  0.167165  0.000000  0.044973  0.040257  0.020050
8747  0.000000  0.167180  0.000000  0.044977  0.040261  0.020050
8748  0.000000  0.167195  0.000000  0.044981  0.040266  0.020049
8749  0.000000  0.167210  0.000000  0.044985  0.040270  0.020048
8750  0.000000  0.167225  0.000000  0.044988  0.040275  0.020048
8751  0.000000  0.167240  0.000000  0.044992  0.040279  0.020047
8752  0.000000  0.167255  0.000000  0.044996  0.040284  0.020046
8753  0.000000  0.167270  0.000000  0.045000  0.040288  0.020046
8754  0.000000  0.167285  0.000000  0.045003  0.040293  0.020045
8755  0.000000  0.167300  0.000000  0.045007  0.040297  0.020045
8756  0.000000  0.167314  0.000000  0.045011  0.040301  0.020044
8757  0.000000  0.167329  0.000000  0.045014  0.040306  0.020043
8758  0.000000  0.167344  0.000000  0.045018  0.040310  0.020043
8759  0.000000  0.167358  0.000000  0.045022  0.040315  0.020042
8760  0.000000  0.167373  0.000000  0.045025  0.040319  0.020041
8761  0.000000  0.167387  0.000000  0.045029  0.040323  0.020041
8762  0.000000  0.167402  0.000000  0.045032  0.040328  0.020040
8763  0.000000  0.167416  0.000000  0.045036  0.040332  0.020039
8764  0.000000  0.167431  0.000000  0.045040  0.040336  0.020039
8765  0.000000  0.167445  0.000000  0.045043  0.040341  0.020038
8766  0.000000  0.167459  0.000000  0.045047  0.040345  0.020037
8767  0.000000  0.167473  0.000000  0.045050  0.040349  0.020037
8768  0.000000  0.167488  0.000000  0.045054  0.040354  0.020036
8769  0.000000  0.167502  0.000000  0.045057  0.040358  0.020036
8770  0.000000  0.167516  0.000000  0.045061  0.040362  0.020035
8771  0.000000  0.167530  0.000000  0.045065  0.040366  0.020034
8772  0.000000  0.167544  0.000000  0.045068  0.040371  0.020034
8773  0.000000  0.167558  0.000000  0.045072  0.040375  0.020033
8774  0.000000  0.167572  0.000000  0.045075  0.040379  0.020032
8775  0.000000  0.167586  0.000000  0.045078  0.040383  0.020032
8776  0.000000  0.167600  0.000000  0.045082  0.040387  0.020031
8777  0.000000  0.167614  0.000000  0.045085  0.040391  0.020031
8778  0.000000  0.167628  0.000000  0.045089  0.040396  0.020030
8779  0.000000  0.167641  0.000000  0.045092  0.040400  0.020029
8780  0.000000  0.167655  0.000000  0.045096  0.040404  0.020029
8781  0.000000  0.167669  0.000000  0.045099  0.040408  0.020028
8782  0.000000  0.167682  0.000000  0.045103  0.040412  0.020028
8783  0.000000  0.167696  0.000000  0.045106  0.040416  0.020027
8784  0.000000  0.167709  0.000000  0.045109  0.040420  0.020026
8785  0.000000  0.167723  0.000000  0.045113  0.040424  0.020026
8786  0.000000  0.167736  0.000000  0.045116  0.040428  0.020025
8787  0.000000  0.167750  0.000000  0.045119  0.040432  0.020025
8788  0.000000  0.167763  0.000000  0.045123  0.040436  0.020024
8789  0.000000  0.167776  0.000000  0.045126  0.040440  0.020023
8790  0.000000  0.167790  0.000000  0.045129  0.040444  0.020023
8791  0.000000  0.167803  0.000000  0.045133  0.040448  0.020022
8792  0.000000  0.167816  0.000000  0.045136  0.040452  0.020022
8793  0.000000  0.167829  0.000000  0.045139  0.040456  0.020021
8794  0.000000  0.167842  0.000000  0.045143  0.040460  0.020020
8795  0.000000  0.167856  0.000000  0.045146  0.040464  0.020020
8796  0.000000  0.167869  0.000000  0.045149  0.040468  0.020019
8797  0.000000  0.167882  0.000000  0.045152  0.040472  0.020019
8798  0.000000  0.167894  0.000000  0.045156  0.040476  0.020018
8799  0.000000  0.167907  0.000000  0.045159  0.040480  0.020018
8800  0.000000  0.167920  0.000000  0.045162  0.040484  0.020017
8801  0.000000  0.167933  0.000000  0.045165  0.040487  0.020016
8802  0.000000  0.167946  0.000000  0.045168  0.040491  0.020016
8803  0.000000  0.167959  0.000000  0.045172  0.040495  0.020015
8804  0.000000  0.167971  0.000000  0.045175  0.040499  0.020015
8805  0.000000  0.167984  0.000000  0.045178  0.040503  0.020014
8806  0.000000  0.167996  0.000000  0.045181  0.040507  0.020014
8807  0.000000  0.168009  0.000000  0.045184  0.040510  0.020013
8808  0.000000  0.168022  0.000000  0.045187  0.040514  0.020013
8809  0.000000  0.168034  0.000000  0.045190  0.040518  0.020012
8810  0.000000  0.168046  0.000000  0.045193  0.040522  0.020011
8811  0.000000  0.168059  0.000000  0.045197  0.040525  0.020011
8812  0.000000  0.168071  0.000000  0.045200  0.040529  0.020010
8813  0.000000  0.168083  0.000000  0.045203  0.040533  0.020010
8814  0.000000  0.168096  0.000000  0.045206  0.040536  0.020009
8815  0.000000  0.168108  0.000000  0.045209  0.040540  0.020009
8816  0.000000  0.168120  0.000000  0.045212  0.040544  0.020008
8817  0.000000  0.168132  0.000000  0.045215  0.040547  0.020008
8818  0.000000  0.168144  0.000000  0.045218  0.040551  0.020007
8819  0.000000  0.168156  0.000000  0.045221  0.040555  0.020007
8820  0.000000  0.168168  0.000000  0.045224  0.040558  0.020006
8821  0.000000  0.168180  0.000000  0.045227  0.040562  0.020005
8822  0.000000  0.168192  0.000000  0.045230  0.040565  0.020005
8823  0.000000  0.168204  0.000000  0.045233  0.040569  0.020004
8824  0.000000  0.168216  0.000000  0.045236  0.040573  0.020004
8825  0.000000  0.168228  0.000000  0.045239  0.040576  0.020003
8826  0.000000  0.168240  0.000000  0.045242  0.040580  0.020003
8827  0.000000  0.168251  0.000000  0.045245  0.040583  0.020002
8828  0.000000  0.168263  0.000000  0.045248  0.040587  0.020002
8829  0.000000  0.168275  0.000000  0.045251  0.040590  0.020001
8830  0.000000  0.168286  0.000000  0.045253  0.040594  0.020001
8831  0.000000  0.168298  0.000000  0.045256  0.040597  0.020000
8832  0.000000  0.168309  0.000000  0.045259  0.040600  0.020000
8833  0.000000  0.168321  0.000000  0.045262  0.040604  0.019999
8834  0.000000  0.168332  0.000000  0.045265  0.040607  0.019999
8835  0.000000  0.168343  0.000000  0.045268  0.040611  0.019998
8836  0.000000  0.168355  0.000000  0.045271  0.040614  0.019998
8837  0.000000  0.168366  0.000000  0.045273  0.040618  0.019997
8838  0.000000  0.168377  0.000000  0.045276  0.040621  0.019997
8839  0.000000  0.168388  0.000000  0.045279  0.040624  0.019996
8840  0.000000  0.168400  0.000000  0.045282  0.040628  0.019996
8841  0.000000  0.168411  0.000000  0.045285  0.040631  0.019995
8842  0.000000  0.168422  0.000000  0.045287  0.040634  0.019995
8843  0.000000  0.168433  0.000000  0.045290  0.040638  0.019994
8844  0.000000  0.168444  0.000000  0.045293  0.040641  0.019994
8845  0.000000  0.168455  0.000000  0.045296  0.040644  0.019993
8846  0.000000  0.168466  0.000000  0.045298  0.040648  0.019993
8847  0.000000  0.168476  0.000000  0.045301  0.040651  0.019992
8848  0.000000  0.168487  0.000000  0.045304  0.040654  0.019992
8849  0.000000  0.168498  0.000000  0.045306  0.040657  0.019991
8850  0.000000  0.168509  0.000000  0.045309  0.040660  0.019991
8851  0.000000  0.168519  0.000000  0.045312  0.040664  0.019990
8852  0.000000  0.168530  0.000000  0.045314  0.040667  0.019990
8853  0.000000  0.168541  0.000000  0.045317  0.040670  0.019990
8854  0.000000  0.168551  0.000000  0.045320  0.040673  0.019989
8855  0.000000  0.168562  0.000000  0.045322  0.040676  0.019989
8856  0.000000  0.168572  0.000000  0.045325  0.040680  0.019988
8857  0.000000  0.168583  0.000000  0.045328  0.040683  0.019988
8858  0.000000  0.168593  0.000000  0.045330  0.040686  0.019987
8859  0.000000  0.168603  0.000000  0.045333  0.040689  0.019987
8860  0.000000  0.168614  0.000000  0.045335  0.040692  0.019986
8861  0.000000  0.168624  0.000000  0.045338  0.040695  0.019986
8862  0.000000  0.168634  0.000000  0.045340  0.040698  0.019985
8863  0.000000  0.168644  0.000000  0.045343  0.040701  0.019985
8864  0.000000  0.168654  0.000000  0.045346  0.040704  0.019985
8865  0.000000  0.168664  0.000000  0.045348  0.040707  0.019984
8866  0.000000  0.168674  0.000000  0.045351  0.040710  0.019984
8867  0.000000  0.168684  0.000000  0.045353  0.040713  0.019983
8868  0.000000  0.168694  0.000000  0.045356  0.040716  0.019983
8869  0.000000  0.168704  0.000000  0.045358  0.040719  0.019982
8870  0.000000  0.168714  0.000000  0.045361  0.040722  0.019982
8871  0.000000  0.168724  0.000000  0.045363  0.040725  0.019981
8872  0.000000  0.168734  0.000000  0.045365  0.040728  0.019981
8873  0.000000  0.168743  0.000000  0.045368  0.040731  0.019981
8874  0.000000  0.168753  0.000000  0.045370  0.040734  0.019980
8875  0.000000  0.168763  0.000000  0.045373  0.040737  0.019980
8876  0.000000  0.168772  0.000000  0.045375  0.040740  0.019979
8877  0.000000  0.168782  0.000000  0.045378  0.040743  0.019979
8878  0.000000  0.168792  0.000000  0.045380  0.040745  0.019978
8879  0.000000  0.168801  0.000000  0.045382  0.040748  0.019978
8880  0.000000  0.168810  0.000000  0.045385  0.040751  0.019978
8881  0.000000  0.168820  0.000000  0.045387  0.040754  0.019977
8882  0.000000  0.168829  0.000000  0.045389  0.040757  0.019977
8883  0.000000  0.168838  0.000000  0.045392  0.040760  0.019976
8884  0.000000  0.168848  0.000000  0.045394  0.040762  0.019976
8885  0.000000  0.168857  0.000000  0.045396  0.040765  0.019976
8886  0.000000  0.168866  0.000000  0.045399  0.040768  0.019975
8887  0.000000  0.168875  0.000000  0.045401  0.040771  0.019975
8888  0.000000  0.168884  0.000000  0.045403  0.040773  0.019974
8889  0.000000  0.168893  0.000000  0.045405  0.040776  0.019974
8890  0.000000  0.168902  0.000000  0.045408  0.040779  0.019974
8891  0.000000  0.168911  0.000000  0.045410  0.040782  0.019973
8892  0.000000  0.168920  0.000000  0.045412  0.040784  0.019973
8893  0.000000  0.168929  0.000000  0.045414  0.040787  0.019972
8894  0.000000  0.168938  0.000000  0.045417  0.040790  0.019972
8895  0.000000  0.168947  0.000000  0.045419  0.040792  0.019972
8896  0.000000  0.168956  0.000000  0.045421  0.040795  0.019971
8897  0.000000  0.168964  0.000000  0.045423  0.040797  0.019971
8898  0.000000  0.168973  0.000000  0.045425  0.040800  0.019970
8899  0.000000  0.168982  0.000000  0.045427  0.040803  0.019970
8900  0.000000  0.168990  0.000000  0.045430  0.040805  0.019970
8901  0.000000  0.168999  0.000000  0.045432  0.040808  0.019969
8902  0.000000  0.169007  0.000000  0.045434  0.040810  0.019969
8903  0.000000  0.169016  0.000000  0.045436  0.040813  0.019969
8904  0.000000  0.169024  0.000000  0.045438  0.040815  0.019968
8905  0.000000  0.169032  0.000000  0.045440  0.040818  0.019968
8906  0.000000  0.169041  0.000000  0.045442  0.040820  0.019967
8907  0.000000  0.169049  0.000000  0.045444  0.040823  0.019967
8908  0.000000  0.169057  0.000000  0.045446  0.040825  0.019967
8909  0.000000  0.169065  0.000000  0.045449  0.040828  0.019966
8910  0.000000  0.169074  0.000000  0.045451  0.040830  0.019966
8911  0.000000  0.169082  0.000000  0.045453  0.040833  0.019966
8912  0.000000  0.169090  0.000000  0.045455  0.040835  0.019965
8913  0.000000  0.169098  0.000000  0.045457  0.040838  0.019965
8914  0.000000  0.169106  0.000000  0.045459  0.040840  0.019965
8915  0.000000  0.169114  0.000000  0.045461  0.040842  0.019964
8916  0.000000  0.169122  0.000000  0.045463  0.040845  0.019964
8917  0.000000  0.169129  0.000000  0.045465  0.040847  0.019964
8918  0.000000  0.169137  0.000000  0.045467  0.040849  0.019963
8919  0.000000  0.169145  0.000000  0.045468  0.040852  0.019963
8920  0.000000  0.169153  0.000000  0.045470  0.040854  0.019963
8921  0.000000  0.169160  0.000000  0.045472  0.040856  0.019962
8922  0.000000  0.169168  0.000000  0.045474  0.040859  0.019962
8923  0.000000  0.169176  0.000000  0.045476  0.040861  0.019962
8924  0.000000  0.169183  0.000000  0.045478  0.040863  0.019961
8925  0.000000  0.169191  0.000000  0.045480  0.040865  0.019961
8926  0.000000  0.169198  0.000000  0.045482  0.040868  0.019961
8927  0.000000  0.169206  0.000000  0.045484  0.040870  0.019960
8928  0.000000  0.169213  0.000000  0.045485  0.040872  0.019960
8929  0.000000  0.169220  0.000000  0.045487  0.040874  0.019960
8930  0.000000  0.169228  0.000000  0.045489  0.040877  0.019959
8931  0.000000  0.169235  0.000000  0.045491  0.040879  0.019959
8932  0.000000  0.169242  0.000000  0.045493  0.040881  0.019959
8933  0.000000  0.169249  0.000000  0.045495  0.040883  0.019958
8934  0.000000  0.169256  0.000000  0.045496  0.040885  0.019958
8935  0.000000  0.169263  0.000000  0.045498  0.040887  0.019958
8936  0.000000  0.169270  0.000000  0.045500  0.040889  0.019957
8937  0.000000  0.169277  0.000000  0.045502  0.040892  0.019957
8938  0.000000  0.169284  0.000000  0.045503  0.040894  0.019957
8939  0.000000  0.169291  0.000000  0.045505  0.040896  0.019956
8940  0.000000  0.169298  0.000000  0.045507  0.040898  0.019956
8941  0.000000  0.169305  0.000000  0.045509  0.040900  0.019956
8942  0.000000  0.169312  0.000000  0.045510  0.040902  0.019956
8943  0.000000  0.169318  0.000000  0.045512  0.040904  0.019955
8944  0.000000  0.169325  0.000000  0.045514  0.040906  0.019955
8945  0.000000  0.169332  0.000000  0.045515  0.040908  0.019955
8946  0.000000  0.169338  0.000000  0.045517  0.040910  0.019954
8947  0.000000  0.169345  0.000000  0.045519  0.040912  0.019954
8948  0.000000  0.169351  0.000000  0.045520  0.040914  0.019954
8949  0.000000  0.169358  0.000000  0.045522  0.040916  0.019953
8950  0.000000  0.169364  0.000000  0.045523  0.040918  0.019953
8951  0.000000  0.169371  0.000000  0.045525  0.040920  0.019953
8952  0.000000  0.169377  0.000000  0.045527  0.040921  0.019953
8953  0.000000  0.169383  0.000000  0.045528  0.040923  0.019952
8954  0.000000  0.169390  0.000000  0.045530  0.040925  0.019952
8955  0.000000  0.169396  0.000000  0.045531  0.040927  0.019952
8956  0.000000  0.169402  0.000000  0.045533  0.040929  0.019952
8957  0.000000  0.169408  0.000000  0.045534  0.040931  0.019951
8958  0.000000  0.169414  0.000000  0.045536  0.040933  0.019951
8959  0.000000  0.169420  0.000000  0.045537  0.040934  0.019951
8960  0.000000  0.169426  0.000000  0.045539  0.040936  0.019950
8961  0.000000  0.169432  0.000000  0.045540  0.040938  0.019950
8962  0.000000  0.169438  0.000000  0.045542  0.040940  0.019950
8963  0.000000  0.169444  0.000000  0.045543  0.040942  0.019950
8964  0.000000  0.169450  0.000000  0.045545  0.040943  0.019949
8965  0.000000  0.169456  0.000000  0.045546  0.040945  0.019949
8966  0.000000  0.169461  0.000000  0.045548  0.040947  0.019949
8967  0.000000  0.169467  0.000000  0.045549  0.040948  0.019949
8968  0.000000  0.169473  0.000000  0.045551  0.040950  0.019948
8969  0.000000  0.169478  0.000000  0.045552  0.040952  0.019948
8970  0.000000  0.169484  0.000000  0.045553  0.040954  0.019948
8971  0.000000  0.169489  0.000000  0.045555  0.040955  0.019948
8972  0.000000  0.169495  0.000000  0.045556  0.040957  0.019947
8973  0.000000  0.169500  0.000000  0.045558  0.040958  0.019947
8974  0.000000  0.169506  0.000000  0.045559  0.040960  0.019947
8975  0.000000  0.169511  0.000000  0.045560  0.040962  0.019947
8976  0.000000  0.169516  0.000000  0.045562  0.040963  0.019947
8977  0.000000  0.169522  0.000000  0.045563  0.040965  0.019946
8978  0.000000  0.169527  0.000000  0.045564  0.040966  0.019946
8979  0.000000  0.169532  0.000000  0.045566  0.040968  0.019946
8980  0.000000  0.169537  0.000000  0.045567  0.040970  0.019946
8981  0.000000  0.169542  0.000000  0.045568  0.040971  0.019945
8982  0.000000  0.169547  0.000000  0.045569  0.040973  0.019945
8983  0.000000  0.169552  0.000000  0.045571  0.040974  0.019945
8984  0.000000  0.169557  0.000000  0.045572  0.040976  0.019945
8985  0.000000  0.169562  0.000000  0.045573  0.040977  0.019944
8986  0.000000  0.169567  0.000000  0.045574  0.040979  0.019944
8987  0.000000  0.169572  0.000000  0.045576  0.040980  0.019944
8988  0.000000  0.169577  0.000000  0.045577  0.040981  0.019944
8989  0.000000  0.169582  0.000000  0.045578  0.040983  0.019944
8990  0.000000  0.169586  0.000000  0.045579  0.040984  0.019943
8991  0.000000  0.169591  0.000000  0.045580  0.040986  0.019943
8992  0.000000  0.169596  0.000000  0.045581  0.040987  0.019943
8993  0.000000  0.169600  0.000000  0.045583  0.040988  0.019943
8994  0.000000  0.169605  0.000000  0.045584  0.040990  0.019943
8995  0.000000  0.169609  0.000000  0.045585  0.040991  0.019942
8996  0.000000  0.169614  0.000000  0.045586  0.040993  0.019942
8997  0.000000  0.169618  0.000000  0.045587  0.040994  0.019942
8998  0.000000  0.169622  0.000000  0.045588  0.040995  0.019942
8999  0.000000  0.169627  0.000000  0.045589  0.040996  0.019942
9000  0.000000  0.169631  0.000000  0.045590  0.040998  0.019941
9001  0.000000  0.169635  0.000000  0.045591  0.040999  0.019941
9002  0.000000  0.169639  0.000000  0.045592  0.041000  0.019941
9003  0.000000  0.169643  0.000000  0.045593  0.041001  0.019941
9004  0.000000  0.169648  0.000000  0.045594  0.041003  0.019941
9005  0.000000  0.169652  0.000000  0.045595  0.041004  0.019941
9006  0.000000  0.169656  0.000000  0.045597  0.041005  0.019940
9007  0.000000  0.169660  0.000000  0.045598  0.041006  0.019940
9008  0.000000  0.169664  0.000000  0.045598  0.041008  0.019940
9009  0.000000  0.169667  0.000000  0.045599  0.041009  0.019940
9010  0.000000  0.169671  0.000000  0.045600  0.041010  0.019940
9011  0.000000  0.169675  0.000000  0.045601  0.041011  0.019940
9012  0.000000  0.169679  0.000000  0.045602  0.041012  0.019939
9013  0.000000  0.169683  0.000000  0.045603  0.041013  0.019939
9014  0.000000  0.169686  0.000000  0.045604  0.041014  0.019939
9015  0.000000  0.169690  0.000000  0.045605  0.041015  0.019939
9016  0.000000  0.169693  0.000000  0.045606  0.041017  0.019939
9017  0.000000  0.169697  0.000000  0.045607  0.041018  0.019939
9018  0.000000  0.169701  0.000000  0.045608  0.041019  0.019938
9019  0.000000  0.169704  0.000000  0.045609  0.041020  0.019938
9020  0.000000  0.169707  0.000000  0.045609  0.041021  0.019938
9021  0.000000  0.169711  0.000000  0.045610  0.041022  0.019938
9022  0.000000  0.169714  0.000000  0.045611  0.041023  0.019938
9023  0.000000  0.169717  0.000000  0.045612  0.041024  0.019938
9024  0.000000  0.169721  0.000000  0.045613  0.041025  0.019938
9025  0.000000  0.169724  0.000000  0.045614  0.041026  0.019937
9026  0.000000  0.169727  0.000000  0.045614  0.041027  0.019937
9027  0.000000  0.169730  0.000000  0.045615  0.041027  0.019937
9028  0.000000  0.169733  0.000000  0.045616  0.041028  0.019937
9029  0.000000  0.169736  0.000000  0.045617  0.041029  0.019937
9030  0.000000  0.169739  0.000000  0.045617  0.041030  0.019937
9031  0.000000  0.169742  0.000000  0.045618  0.041031  0.019937
9032  0.000000  0.169745  0.000000  0.045619  0.041032  0.019936
9033  0.000000  0.169748  0.000000  0.045620  0.041033  0.019936
9034  0.000000  0.169751  0.000000  0.045620  0.041034  0.019936
9035  0.000000  0.169753  0.000000  0.045621  0.041035  0.019936
9036  0.000000  0.169756  0.000000  0.045622  0.041035  0.019936
9037  0.000000  0.169759  0.000000  0.045622  0.041036  0.019936
9038  0.000000  0.169761  0.000000  0.045623  0.041037  0.019936
9039  0.000000  0.169764  0.000000  0.045624  0.041038  0.019936
9040  0.000000  0.169767  0.000000  0.045624  0.041038  0.019936
9041  0.000000  0.169769  0.000000  0.045625  0.041039  0.019935
9042  0.000000  0.169772  0.000000  0.045626  0.041040  0.019935
9043  0.000000  0.169774  0.000000  0.045626  0.041041  0.019935
9044  0.000000  0.169776  0.000000  0.045627  0.041041  0.019935
9045  0.000000  0.169779  0.000000  0.045627  0.041042  0.019935
9046  0.000000  0.169781  0.000000  0.045628  0.041043  0.019935
9047  0.000000  0.169783  0.000000  0.045629  0.041043  0.019935
9048  0.000000  0.169785  0.000000  0.045629  0.041044  0.019935
9049  0.000000  0.169788  0.000000  0.045630  0.041045  0.019935
9050  0.000000  0.169790  0.000000  0.045630  0.041045  0.019934
9051  0.000000  0.169792  0.000000  0.045631  0.041046  0.019934
9052  0.000000  0.169794  0.000000  0.045631  0.041047  0.019934
9053  0.000000  0.169796  0.000000  0.045632  0.041047  0.019934
9054  0.000000  0.169798  0.000000  0.045632  0.041048  0.019934
9055  0.000000  0.169800  0.000000  0.045633  0.041048  0.019934
9056  0.000000  0.169801  0.000000  0.045633  0.041049  0.019934
9057  0.000000  0.169803  0.000000  0.045634  0.041049  0.019934
9058  0.000000  0.169805  0.000000  0.045634  0.041050  0.019934
9059  0.000000  0.169807  0.000000  0.045634  0.041051  0.019934
9060  0.000000  0.169808  0.000000  0.045635  0.041051  0.019934
9061  0.000000  0.169810  0.000000  0.045635  0.041052  0.019934
9062  0.000000  0.169812  0.000000  0.045636  0.041052  0.019934
9063  0.000000  0.169813  0.000000  0.045636  0.041052  0.019933
9064  0.000000  0.169815  0.000000  0.045636  0.041053  0.019933
9065  0.000000  0.169816  0.000000  0.045637  0.041053  0.019933
9066  0.000000  0.169818  0.000000  0.045637  0.041054  0.019933
9067  0.000000  0.169819  0.000000  0.045638  0.041054  0.019933
9068  0.000000  0.169820  0.000000  0.045638  0.041055  0.019933
9069  0.000000  0.169822  0.000000  0.045638  0.041055  0.019933
9070  0.000000  0.169823  0.000000  0.045638  0.041055  0.019933
9071  0.000000  0.169824  0.000000  0.045639  0.041056  0.019933
9072  0.000000  0.169825  0.000000  0.045639  0.041056  0.019933
9073  0.000000  0.169826  0.000000  0.045639  0.041056  0.019933
9074  0.000000  0.169827  0.000000  0.045640  0.041057  0.019933
9075  0.000000  0.169829  0.000000  0.045640  0.041057  0.019933
9076  0.000000  0.169830  0.000000  0.045640  0.041057  0.019933
9077  0.000000  0.169830  0.000000  0.045640  0.041058  0.019933
9078  0.000000  0.169831  0.000000  0.045641  0.041058  0.019933
9079  0.000000  0.169832  0.000000  0.045641  0.041058  0.019933
9080  0.000000  0.169833  0.000000  0.045641  0.041058  0.019933
9081  0.000000  0.169834  0.000000  0.045641  0.041059  0.019933
9082  0.000000  0.169835  0.000000  0.045641  0.041059  0.019933
9083  0.000000  0.169835  0.000000  0.045642  0.041059  0.019932
9084  0.000000  0.169836  0.000000  0.045642  0.041059  0.019932
9085  0.000000  0.169837  0.000000  0.045642  0.041059  0.019932
9086  0.000000  0.169837  0.000000  0.045642  0.041060  0.019932
9087  0.000000  0.169838  0.000000  0.045642  0.041060  0.019932
9088  0.000000  0.169838  0.000000  0.045642  0.041060  0.019932
9089  0.000000  0.169839  0.000000  0.045642  0.041060  0.019932
9090  0.000000  0.169839  0.000000  0.045642  0.041060  0.019932
9091  0.000000  0.169839  0.000000  0.045643  0.041060  0.019932
9092  0.000000  0.169840  0.000000  0.045643  0.041060  0.019932
9093  0.000000  0.169840  0.000000  0.045643  0.041060  0.019932
9094  0.000000  0.169840  0.000000  0.045643  0.041061  0.019932
9095  0.000000  0.169840  0.000000  0.045643  0.041061  0.019932
9096  0.000000  0.169840  0.000000  0.045643  0.041061  0.019932
9097  0.000000  0.169840  0.000000  0.045643  0.041061  0.019932
9098  0.000000  0.169840  0.000000  0.045643  0.041061  0.019932
9099  0.000000  0.169840  0.000000  0.045643  0.041061  0.019932
